{
	"format_version": "1.16.0",
	"minecraft:entity": {
		"description": {
			"identifier": "chaospack:beachcomber_joe",
			"is_spawnable": true,
			"is_summonable": true,
			"is_experimental": false
		},
		"components": {
			"minecraft:physics": {
				"has_gravity": true,
				"has_collision": true
			},
			"minecraft:pushable": {
				"is_pushable": false
			},
			"minecraft:health": {
				"value": 999,
				"max": 999
			},
			"minecraft:economy_trade_table": {
				"display_name": "entity.plague_doctor.name",
				"table": "trading/economy_trades/plague_doctor_trades.json",
				"new_screen": true
			},
			"minecraft:push_through": {
				"value": 1
			},
			"minecraft:behavior.look_at_player": {
				"priority": 1,
				"look_distance": 100.0,
				"probability": 100.0
			},
			"minecraft:npc": {
				"npc_data": {
					"portrait_offsets": {
						"translate": [ -7, 50, 0 ],
						"scale": [ 1.75, 1.75, 1.75 ]
					},
					"picker_offsets": {
						"translate": [ 0, 20, 0 ],
						"scale": [ 1.7, 1.7, 1.7 ]
					},
					"dialogue": "chaospack:beachcomber_hints"
				}
			}
		}
	}
}