{
	"format_version": "1.16.100",
	"minecraft:entity": {
		"description": {
			"identifier": "chaospack:claymunculus",
			"is_spawnable": true,
			"is_summonable": true,
			"is_experimental": false
		},
		"component_groups": {
			"to_dragonfly": {
				"minecraft:transformation": {
					"into": "chaospack:clay_dragonfly",
					"begin_transform_sound": "remedy",
					"transformation_sound": "unfect",
					"drop_equipment": true,
					"keep_level": true
				},
				"minecraft:is_shaking": {
				}
			}
		},
		"components": {
			"minecraft:physics": {
				"has_gravity": true,
				"has_collision": true
			},
			"minecraft:health": {
				"value": 1,
				"max": 1
			},
			"minecraft:pushable": {
				"is_pushable": false
			},
			"minecraft:push_through": {
				"value": 1
			},
			"minecraft:loot": {
				"table": "loot_tables/entities/claymunculus.json"
			},
			"minecraft:interact": {
				"interactions": {
					"on_interact": {
						"filters": {
							"all_of": [
								{
									"test": "has_equipment",
									"domain": "hand",
									"subject": "other",
									"value": "minecraft:feather"
								}
							]
						},
						"event": "dragonfly_converted",
						"target": "self"
					},
					"use_item": true,
					"interact_text": "action.interact.cure"
				}
			}
		},
		"events": {
			"dragonfly_converted": {
				"remove": {
				},
				"add": {
					"component_groups": [
						"to_dragonfly"
					]
				}
			}
		}
	}
}