{
	"format_version": "1.16.100",
	"minecraft:entity": {
		"description": {
			"identifier": "chaospack:container",
			"is_spawnable": false,
			"is_summonable": true,
			"is_experimental": false
		},
		"components": {
			"minecraft:knockback_resistance": {
				"value": 1
			},
			"minecraft:collision_box": {
				"width": 1,
				"height": 1
			},
			"minecraft:physics": {
				"has_gravity": false,
				"has_collision": false
			},
			"minecraft:inventory": {
				"container_type": "container",
				"inventory_size": 27,
				"can_be_siphoned_from": true
			},
			"minecraft:pushable": {
				"is_pushable": false,
				"is_pushable_by_piston": true
			},
			"minecraft:health": {
				"value": 1,
				"max": 1
			},
			"minecraft:type_family": {
				"family": [ "interact_object" ]
			},
			"minecraft:push_through": {
				"value": 1
			},
			"minecraft:on_death": {
				"event": "chaospack:remove_block"
			}
		},
		"events": {
			"minecraft:entity_spawned": {
				"sequence": [
					{
						"queue_command": {
							"command": [
								"tp @e[type=chaospack:container,r=0.01] ~ ~-0.5 ~"
							]
						}
					}
				]
			},
			"chaospack:remove_block": {
				"sequence": [
					{
						"queue_command": {
							"command": [
								"setblock ~ ~ ~ air destroy"
							]
						}
					}
				]
			}
		}
	}
}