{
	"format_version": "1.16.0",
	"minecraft:entity": {
		"description": {
			"identifier": "chaospack:deck_chair",
			"runtime_identifier": "minecraft:parrot",
			"is_spawnable": true,
			"is_summonable": true,
			"is_experimental": false
		},
		"component_groups": {
			"minecraft:parrot_red": {
				"minecraft:variant": {
					"value": 0
				}
			},
			"minecraft:parrot_blue": {
				"minecraft:variant": {
					"value": 1
				}
			},
			"minecraft:parrot_green": {
				"minecraft:variant": {
					"value": 2
				}
			},
			"minecraft:parrot_cyan": {
				"minecraft:variant": {
					"value": 3
				}
			},
			"minecraft:parrot_silver": {
				"minecraft:variant": {
					"value": 4
				}
			}
		},
		"components": {
			"minecraft:collision_box": {
				"width": 1.4,
				"height": 1
			},
			"minecraft:health": {
				"value": 1,
				"max": 1
			},
			"minecraft:rideable": {
				"seat_count": 1,
				"crouching_skip_interact": true,
				"pull_in_entities": true,
				"family_types": [ "player" ],
				"interact_text": "action.interact.ride.horse",
				"seats": [
					{
						"position": [ 0, 0.4, -0.6 ]
					}
				]
			},
			"minecraft:hurt_on_condition": {
				"damage_conditions": [
					{
						"filters": {
							"test": "in_lava",
							"subject": "self",
							"operator": "==",
							"value": true
						},
						"cause": "lava",
						"damage_per_tick": 4
					}
				]
			},
			"minecraft:loot": {
				"table": "loot_tables/entities/deck_chair.json"
			}
		},
		"events": {
			"minecraft:entity_spawned": {
				"randomize": [
					{
						"weight": 20,
						"add": {
							"component_groups": ["minecraft:parrot_red"]
						}
					},
					{
						"weight": 20,
						"add": {
							"component_groups": ["minecraft:parrot_blue"]
						}
					},
					{
						"weight": 20,
						"add": {
							"component_groups": ["minecraft:parrot_green"]
						}
					},
					{
						"weight": 20,
						"add": {
							"component_groups": ["minecraft:parrot_cyan"]
						}
					},
					{
						"weight": 20,
						"add": {
							"component_groups": ["minecraft:parrot_silver"]
						}
					}
				]
			}
		}
	}
}