{
	"format_version": "1.17.10",
	"minecraft:entity": {
		"description": {
			"identifier": "chaospack:deer",
			"is_spawnable": true,
			"is_summonable": true,
			"is_experimental": false
		},
		"component_groups": {
			"minecraft:deer_baby": {
				"minecraft:is_baby": {},
				"minecraft:scale": {
					"value": 0.5
				},
				"minecraft:ageable": {
					"duration": 1200,
					"feed_items": [ "wheat", "carrot" ],
					"grow_up": {
						"event": "minecraft:ageable_grow_up",
						"target": "self"
					}
				},
				"minecraft:behavior.follow_parent": {
					"priority": 9,
					"speed_multiplier": 1.1
				}
			},
			"minecraft:deer_adult": {
				"minecraft:experience_reward": {
					"on_bred": "Math.Random(1,7)",
					"on_death": "query.last_hit_by_player ? Math.Random(1,3) : 0"
				},
				"minecraft:loot": {
					"table": "loot_tables/entities/deer.json"
				},
				"minecraft:behavior.breed": {
					"priority": 3,
					"speed_multiplier": 1
				},
				"minecraft:breedable": {
					"require_tame": false,
					"breed_items": [ "wheat", "carrot" ],
					"breeds_with": {
						"mate_type": "chaospack:deer",
						"baby_type": "chaospack:deer",
						"breed_event": {
							"event": "minecraft:entity_born",
							"target": "baby"
						}
					}
				}
			},
			"minecraft:docile_fox": {
				"minecraft:behavior.panic": {
					"priority": 1,
					"speed_multiplier": 1.25
				}
			},
			"minecraft:deer_thunderstorm": {
				"minecraft:environment_sensor": {
					"triggers": [
						{
							"filters": {
								"all_of": [
									{
										"test": "weather_at_position",
										"operator": "!=",
										"value": "thunderstorm"
									},
									{
										"test": "is_daytime",
										"value": true
									}
								]
							},
							"event": "minecraft:deer_configure_day"
						},
						{
							"filters": {
								"all_of": [
									{
										"test": "weather_at_position",
										"operator": "!=",
										"value": "thunderstorm"
									},
									{
										"test": "is_daytime",
										"value": false
									}
								]
							},
							"event": "minecraft:deer_configure_night"
						}
					]
				},
				"minecraft:behavior.find_cover": {
					"priority": 0,
					"speed_multiplier": 1,
					"cooldown_time": 0
				}
			},
			"minecraft:deer_day": {
				"minecraft:environment_sensor": {
					"triggers": [
						{
							"filters": {
								"test": "weather_at_position",
								"value": "thunderstorm"
							},
							"event": "minecraft:deer_configure_thunderstorm"
						},
						{
							"filters": {
								"test": "is_daytime",
								"value": false
							},
							"event": "minecraft:deer_configure_night"
						}
					]
				},
				"minecraft:behavior.nap": {
					"priority": 8,
					"cooldown_min": 2,
					"cooldown_max": 7,
					"mob_detect_dist": 12,
					"mob_detect_height": 6,
					"can_nap_filters": {
						"all_of": [
							{
								"test": "in_water",
								"subject": "self",
								"operator": "==",
								"value": false
							},
							{
								"test": "on_ground",
								"subject": "self",
								"operator": "==",
								"value": true
							},
							{
								"test": "is_underground",
								"subject": "self",
								"operator": "==",
								"value": true
							},
							{
								"test": "weather_at_position",
								"subject": "self",
								"operator": "!=",
								"value": "thunderstorm"
							}
						]
					},
					"wake_mob_exceptions": {
						"any_of": [
							{
								"test": "trusts",
								"subject": "other",
								"operator": "==",
								"value": true
							},
							{
								"test": "is_family",
								"subject": "other",
								"operator": "==",
								"value": "fox"
							},
							{
								"test": "is_sneaking",
								"subject": "other",
								"operator": "==",
								"value": true
							}
						]
					}
				},
				"minecraft:behavior.find_cover": {
					"priority": 9,
					"speed_multiplier": 1,
					"cooldown_time": 5
				}
			},
			"minecraft:deer_night": {
				"minecraft:environment_sensor": {
					"triggers": [
						{
							"filters": {
								"test": "weather_at_position",
								"value": "thunderstorm"
							},
							"event": "minecraft:deer_configure_thunderstorm"
						},
						{
							"filters": {
								"test": "is_daytime",
								"value": true
							},
							"event": "minecraft:deer_configure_day"
						}
					]
				},
				"minecraft:behavior.stroll_towards_village": {
					"priority": 11,
					"speed_multiplier": 1,
					"goal_radius": 3,
					"cooldown_time": 10,
					"search_range": 32,
					"start_chance": 0.005
				}
			},
			"minecraft:deer_ambient_normal": {
				"minecraft:ambient_sound_interval": {
					"event_name": "ambient"
				}
			},
			"minecraft:deer_ambient_sleep": {
				"minecraft:ambient_sound_interval": {
					"event_name": "sleep"
				}
			},
			"minecraft:deer_ambient_night": {
				"minecraft:ambient_sound_interval": {
					"event_name": "screech",
					"value": 80,
					"range": 160
				}
			}
		},
		"components": {
			"minecraft:type_family": {
				"family": ["mob"]
			},
			"minecraft:breathable": {
				"totalSupply": 15,
				"suffocateTime": 0
			},
			"minecraft:equip_item": {},
			"minecraft:navigation.walk": {
				"can_path_over_water": true,
				"avoid_water": true,
				"avoid_damage_blocks": true
			},
			"minecraft:movement.basic": {},
			"minecraft:jump.static": {},
			"minecraft:can_climb": {},
			"minecraft:collision_box": {
				"width": 1.2,
				"height": 2.1
			},
			"minecraft:nameable": {},
			"minecraft:health": {
				"value": 15,
				"max": 15
			},
			"minecraft:movement": {
				"value": 0.3
			},
			"minecraft:damage_sensor": {
				"triggers": [
					{
						"on_damage": {
							"filters": {
								"test": "is_block",
								"subject": "block",
								"value": "minecraft:sweet_berry_bush"
							}
						},
						"deals_damage": false
					}
				]
			},
			"minecraft:despawn": {
				"despawn_from_distance": {}
			},
			"minecraft:behavior.float": {
				"priority": 0
			},
			"minecraft:behavior.avoid_mob_type": {
				"priority": 5,
				"entity_types": [
					{
						"filters": {
							"any_of": [
								{
									"all_of": [
										{
											"test": "is_family",
											"subject": "other",
											"value": "player"
										},
										{
											"test": "trusts",
											"subject": "other",
											"operator": "!=",
											"value": true
										},
										{
											"test": "is_sneaking",
											"subject": "other",
											"operator": "!=",
											"value": true
										}
									]
								},
								{
									"test": "is_family",
									"subject": "other",
									"value": "polarbear"
								},
								{
									"test": "is_family",
									"subject": "other",
									"value": "wolf"
								}
							]
						},
						"max_dist": 10,
						"walk_speed_multiplier": 1,
						"sprint_speed_multiplier": 1.5
					}
				]
			},
			"minecraft:behavior.tempt": {
				"priority": 3,
				"speed_multiplier": 0.5,
				"within_radius": 16,
				"can_get_scared": true,
				"items": ["grass"]
			},
			"minecraft:behavior.random_look_around_and_sit": {
				"priority": 12,
				"min_look_count": 2,
				"max_look_count": 5,
				"min_look_time": 80,
				"max_look_time": 100,
				"probability": 0.001
			},
			"minecraft:behavior.random_stroll": {
				"priority": 13,
				"speed_multiplier": 0.8
			},
			"minecraft:behavior.look_at_player": {
				"priority": 14,
				"look_distance": 6,
				"probability": 0.02
			},
			"minecraft:behavior.random_look_around": {
				"priority": 15
			},
			"minecraft:leashable": {
				"soft_distance": 4,
				"hard_distance": 6,
				"max_distance": 10
			},
			"minecraft:balloonable": {
				"mass": 0.6
			},
			"minecraft:physics": {},
			"minecraft:pushable": {
				"is_pushable": true,
				"is_pushable_by_piston": true
			},
			"minecraft:conditional_bandwidth_optimization": {},
			"minecraft:scheduler": {
				"min_delay_secs": 0,
				"max_delay_secs": 0,
				"scheduled_events": [
					{
						"filters": [
							{
								"test": "is_sleeping",
								"value": true
							}
						],
						"event": "minecraft:ambient_sleep"
					},
					{
						"filters": {
							"all_of": [
								{
									"test": "is_daytime",
									"value": false
								},
								{
									"test": "distance_to_nearest_player",
									"operator": ">",
									"value": 16
								}
							]
						},
						"event": "minecraft:ambient_night"
					},
					{
						"filters": {
							"all_of": [
								{
									"test": "is_sleeping",
									"value": false
								},
								{
									"any_of": [
										{
											"test": "is_daytime",
											"value": true
										},
										{
											"test": "distance_to_nearest_player",
											"operator": "<=",
											"value": 16
										}
									]
								}
							]
						},
						"event": "minecraft:ambient_normal"
					}
				]
			},
			"minecraft:environment_sensor": {
				"triggers": [
					{
						"filters": {
							"test": "is_daytime",
							"value": false
						},
						"event": "minecraft:deer_configure_night"
					},
					{
						"filters": {
							"test": "is_daytime",
							"value": true
						},
						"event": "minecraft:deer_configure_day"
					}
				]
			},
			"minecraft:loot": {
				"table": "loot_tables/entities/deer.json"
			}
		},
		"events": {
			"minecraft:entity_spawned": {
				"sequence": [
					{
						"randomize": [
							{
								"weight": 95,
								"add": {
									"component_groups": ["minecraft:deer_adult", "minecraft:deer_with_item", "minecraft:docile_fox"]
								}
							},
							{
								"weight": 5,
								"add": {
									"component_groups": ["minecraft:deer_baby", "minecraft:docile_fox"]
								}
							}
						]
					}
				]
			},
			"minecraft:entity_born": {
				"add": {
					"component_groups": ["minecraft:deer_baby", "minecraft:trusting_deer", "minecraft:docile_fox"]
				}
			},
			"minecraft:ageable_grow_up": {
				"remove": {
					"component_groups": ["minecraft:deer_baby"]
				},
				"add": {
					"component_groups": ["minecraft:deer_adult"]
				}
			},
			"minecraft:deer_configure_thunderstorm": {
				"remove": {
					"component_groups": ["minecraft:deer_night", "minecraft:deer_day"]
				},
				"add": {
					"component_groups": ["minecraft:deer_thunderstorm"]
				}
			},
			"minecraft:deer_configure_day": {
				"remove": {
					"component_groups": ["minecraft:deer_night", "minecraft:deer_thunderstorm"]
				},
				"add": {
					"component_groups": ["minecraft:deer_day"]
				}
			},
			"minecraft:deer_configure_night": {
				"remove": {
					"component_groups": ["minecraft:deer_day", "minecraft:deer_thunderstorm"]
				},
				"add": {
					"component_groups": ["minecraft:deer_night"]
				}
			},
			"minecraft:ambient_normal": {
				"add": {
					"component_groups": ["minecraft:deer_ambient_normal"]
				}
			},
			"minecraft:ambient_sleep": {
				"add": {
					"component_groups": ["minecraft:deer_ambient_sleep"]
				}
			},
			"minecraft:ambient_night": {
				"add": {
					"component_groups": ["minecraft:deer_ambient_night"]
				}
			},
			"minecraft:deer_configure_defending": {
				"remove": {
					"component_groups": ["minecraft:docile_fox", "minecraft:deer_day", "minecraft:deer_night"]
				},
				"add": {
					"component_groups": ["minecraft:defending_fox"]
				}
			},
			"minecraft:deer_configure_docile_day": {
				"remove": {
					"component_groups": ["minecraft:defending_fox", "minecraft:deer_night"]
				},
				"add": {
					"component_groups": ["minecraft:docile_fox", "minecraft:deer_day"]
				}
			},
			"minecraft:deer_configure_docile_night": {
				"remove": {
					"component_groups": ["minecraft:defending_fox", "minecraft:deer_day"]
				},
				"add": {
					"component_groups": ["minecraft:docile_fox", "minecraft:deer_night"]
				}
			}
		}
	}
}