{
	"format_version": "1.16.100",
	"minecraft:entity": {
		"description": {
			"identifier": "chaospack:dust_storm",
			"is_spawnable": false,
			"is_summonable": true,
			"is_experimental": false
		},
		"components": {
			"minecraft:physics": {
				"has_gravity": true,
				"has_collision": true
			},
			"minecraft:scale": {
				"value": 2
			},
			"minecraft:pushable": {
				"is_pushable": false
			},
			"minecraft:push_through": {
				"value": 1
			}
		},
		"events": {
			"minecraft:entity_spawned": {
				"sequence": [
					{
						"queue_command": {
							"command": [
								"tp @s ^ ^ ^2"
							]
						}
					},
					{
						"queue_command": {
							"command": [
								"tp @s ~ ~-1 ~"
							]
						}
					},
					{
						"queue_command": {
							"command": [
								"tag @s add chaospack:monitor"
							]
						}
					},
					{
						"queue_command": {
							"command": [
								"execute at @s run function events/world/duststorm/duststorm"
							]
						}
					}
				]
			}
		}
	}
}