{
	"format_version": "1.16.0",
	"minecraft:entity": {
		"description": {
			"identifier": "chaospack:firefly",
			"runtime_identifier": "minecraft:vex",
			"is_spawnable": true,
			"is_summonable": true,
			"is_experimental": false
		},
		"components": {
			"minecraft:experience_reward": {
				"on_death": "query.last_hit_by_player ? 5 + (query.equipment_count * Math.Random(1,3)) : 0"
			},
			"minecraft:nameable": {},
			"minecraft:type_family": {
				"family": ["mob"]
			},
			"minecraft:health": {
				"value": 1,
				"max": 1
			},
			"minecraft:collision_box": {
				"width": 0.4,
				"height": 0.8
			},
			"minecraft:movement": {
				"value": 1
			},
			"minecraft:navigation.walk": {
				"can_path_over_water": true
			},
			"minecraft:movement.basic": {},
			"minecraft:jump.static": {},
			"minecraft:can_climb": {},
			"minecraft:despawn": {
				"despawn_from_distance": {}
			},
			"minecraft:behavior.look_at_player": {
				"priority": 9,
				"look_distance": 6,
				"probability": 0.02
			},
			"minecraft:behavior.look_at_entity": {
				"priority": 9,
				"look_distance": 6,
				"probability": 0.02,
				"filters": {
					"test": "is_family",
					"subject": "other",
					"value": "mob"
				}
			},
			"minecraft:physics": {
				"has_gravity": false,
				"has_collision": true
			},
			"minecraft:conditional_bandwidth_optimization": {},
			"minecraft:loot": {
				"table": "loot_tables/entities/firefly.json"
			}
		}
	}
}