{
	"format_version": "1.16.100",
	"minecraft:entity": {
		"description": {
			"identifier": "chaospack:flashbulb",
			"is_spawnable": false,
			"is_summonable": true,
			"is_experimental": false
		},
		"component_groups": {
			"minecraft:exploding": {
				"minecraft:explode": {
					"fuse_length": 1,
					"fuse_lit": true,
					"power": 0,
					"causes_fire": false,
					"fire_affected_by_griefing": false,
					"destroy_affected_by_griefing": false
				}
			}
		},

		"components": {
			"minecraft:collision_box": {
				"width": 0.5,
				"height": 0.5
			},
			"minecraft:projectile": {
				"on_hit": {
					"impact_damage": {
						"damage": 0,
						"knockback": false,
						"semi_random_diff_damage": false
					},
					"definition_event": {
						"affect_projectile": true,
						"event_trigger": {
							"event": "minecraft:explode",
							"target": "self"
						}
					}
				},
				"power": 1.6,
				"gravity": 0.05,
				"inertia": 1,
				"liquid_inertia": 1,
				"uncertainty_base": 0,
				"uncertainty_multiplier": 0,
				"anchor": 2,
				"offset": [ 0, -1.5, 0 ],
				"reflect_on_hurt": true,
				"catch_fire": false
			},
			"minecraft:damage_sensor": {
				"triggers": {
					"cause": "fall",
					"deals_damage": false
				}
			},
			"minecraft:physics": {
			},
			"minecraft:dimension_bound": {
			},
			"minecraft:pushable": {
				"is_pushable": true,
				"is_pushable_by_piston": true
			},
			"minecraft:conditional_bandwidth_optimization": {
				"default_values": {
					"max_optimized_distance": 80.0,
					"max_dropped_ticks": 7,
					"use_motion_prediction_hints": true
				}
			}
		},

		"events": {
			"minecraft:explode": {
				"sequence": [
					{
						"add": {
							"component_groups": [ "minecraft:exploding" ]
						}
					},
					{
						"queue_command": {
							"command": [
								"camera @a[r=5] fade color 255 255 255"
							]
						}
					},
					{
						"queue_command": {
							"command": [
								"effect @e[type=!player,r=5] slowness 5 255 true"
							]
						}
					},
					{
						"queue_command": {
							"command": [
								"kill @s"
							]
						}
					}
				]
			}
		}
	}
}