{
	"format_version": "1.16.100",
	"minecraft:entity": {
		"description": {
			"identifier": "chaospack:herobrine",
			"is_spawnable": false,
			"is_summonable": true,
			"is_experimental": false
		},

		"component_groups": {
			"chaospack:disappear": {
				"minecraft:instant_despawn": {
				}
			}
		},

		"components": {
			"minecraft:physics": {
				"has_gravity": true,
				"has_collision": true
			},
			"minecraft:pushable": {
				"is_pushable": false
			},
			"minecraft:health": {
				"value": 1,
				"max": 1
			},
			"minecraft:push_through": {
				"value": 1
			},
			"minecraft:looked_at": {
				"search_radius": 64.0,
				"set_target": "once_and_stop_scanning",
				"find_players_only": true,
				"looked_at_cooldown": 5.0
			},
			"minecraft:despawn": {
				"despawn_from_distance": {}
			},
			"minecraft:on_target_acquired": {
				"event": "chaospack:disappear",
				"target": "self"
			},
			"minecraft:behavior.look_at_player": {
				"priority": 1,
				"look_distance": 100.0,
				"probability": 100.0
			}
		},
		"events": {
			"chaospack:disappear": {
				"remove": {
				},
				"add": {
					"component_groups": [
						"chaospack:disappear"
					]
					}
				}
			}
		}
}