{
	"format_version": "1.16.0",
	"minecraft:entity": {
		"description": {
			"identifier": "chaospack:lightning_horse",
			"is_spawnable": true,
			"is_summonable": true,
			"is_experimental": false
		},
		"component_groups": {
			"minecraft:lightning_horse_baby": {
				"minecraft:fire_immune": {
				},
				"minecraft:is_baby": {},
				"minecraft:scale_by_age": {
					"start_scale": 0.5,
					"end_scale": 1
				},
				"minecraft:ageable": {
					"duration": 1200,
					"feed_items": [
						{
							"item": "rotten_flesh",
							"growth": 0.01667
						},
						{
							"item": "bone",
							"growth": 0.01667
						}
					],
					"grow_up": {
						"event": "minecraft:ageable_grow_up",
						"target": "self"
					}
				},
				"minecraft:behavior.follow_parent": {
					"priority": 4,
					"speed_multiplier": 1
				}
			},
			"minecraft:lightning_horse_adult": {
				"minecraft:fire_immune": {
				},
				"minecraft:experience_reward": {
					"on_bred": "Math.Random(1,7)",
					"on_death": "query.last_hit_by_player ? Math.Random(1,3) : 0"
				},
				"minecraft:loot": {
					"table": "loot_tables/entities/horse.json"
				},
				"minecraft:behavior.run_around_like_crazy": {
					"priority": 1,
					"speed_multiplier": 1.2
				},
				"minecraft:behavior.breed": {
					"priority": 2,
					"speed_multiplier": 1
				}
			},
			"minecraft:lightning_horse_wild": {
				"minecraft:rideable": {
					"seat_count": 1,
					"family_types": ["player", "zombie"],
					"interact_text": "action.interact.mount",
					"seats": {
						"position": [0, 0.925, -0.2]
					}
				},
				"minecraft:behavior.mount_pathing": {
					"priority": 2,
					"speed_multiplier": 1.5,
					"target_dist": 0,
					"track_target": true
				},
				"minecraft:tamemount": {
					"min_temper": 0,
					"max_temper": 100,
					"feed_text": "action.interact.feed",
					"ride_text": "action.interact.mount",
					"feed_items": [
						{
							"item": "rotten_flesh",
							"temper_mod": 3
						},
						{
							"item": "bone",
							"temper_mod": 3
						}
					],
					"auto_reject_items": [
						{
							"item": "horsearmorleather"
						},
						{
							"item": "horsearmoriron"
						},
						{
							"item": "horsearmorgold"
						},
						{
							"item": "horsearmordiamond"
						},
						{
							"item": "saddle"
						}
					],
					"tame_event": {
						"event": "minecraft:on_tame",
						"target": "self"
					}
				}
			},
			"minecraft:lightning_horse_tamed": {
				"minecraft:is_tamed": {},
				"minecraft:equippable": {
					"slots": [
						{
							"slot": 0,
							"item": "saddle",
							"accepted_items": ["saddle"],
							"on_equip": {
								"event": "minecraft:lightning_horse_saddled"
							},
							"on_unequip": {
								"event": "minecraft:lightning_horse_unsaddled"
							}
						}
					]
				},
				"minecraft:rideable": {
					"seat_count": 1,
					"crouching_skip_interact": true,
					"family_types": ["player"],
					"interact_text": "action.interact.ride.horse",
					"seats": {
						"position": [0, 0.925, -0.2]
					}
				},
				"minecraft:behavior.player_ride_tamed": {},
				"minecraft:inventory": {
					"inventory_size": 16,
					"container_type": "horse"
				},
				"minecraft:breedable": {
					"require_tame": true,
					"inherit_tamed": false,
					"breeds_with": [
						{
							"mate_type": "chaospack:lightning_horse",
							"baby_type": "chaospack:lightning_horse",
							"breed_event": {
								"event": "minecraft:entity_born",
								"target": "baby"
							}
						},
						{
							"mate_type": "chaospack:lightning_horse",
							"baby_type": "chaospack:lightning_horse",
							"breed_event": {
								"event": "minecraft:entity_born",
								"target": "baby"
							}
						}
					],
					"breed_items": ["rotten_flesh", "bone"]
				},
				"minecraft:behavior.tempt": {
					"priority": 5,
					"speed_multiplier": 1.2,
					"items": [ "rotten_flesh", "bone" ]
				}
			},
			"minecraft:lightning_horse_unchested": {
				"minecraft:interact": {
					"interactions": [
						{
							"play_sounds": "armor.equip_generic",
							"on_interact": {
								"filters": {
									"all_of": [
										{
											"test": "is_family",
											"subject": "other",
											"value": "player"
										},
										{
											"test": "has_equipment",
											"domain": "hand",
											"subject": "other",
											"value": "chest"
										}
									]
								},
								"event": "minecraft:on_chest",
								"target": "self"
							},
							"use_item": true,
							"interact_text": "action.interact.attachchest"
						}
					]
				}
			},
			"minecraft:lightning_horse_chested": {
				"minecraft:is_chested": {}
			},
			"minecraft:lightning_horse_saddled": {
				"minecraft:is_saddled": {},
				"minecraft:input_ground_controlled": {},
				"minecraft:can_power_jump": {}
			}
		},
		"components": {
			"minecraft:type_family": {
				"family": ["horse", "mob"]
			},
			"minecraft:breathable": {
				"total_supply": 15,
				"suffocate_time": 0
			},
			"minecraft:collision_box": {
				"width": 1.4,
				"height": 1.6
			},
			"minecraft:health": {
				"value": {
					"range_min": 30,
					"range_max": 45
				}
			},
			"minecraft:hurt_on_condition": {
				"damage_conditions": [
					{
						"filters": {
							"test": "in_lava",
							"subject": "self",
							"operator": "==",
							"value": true
						},
						"cause": "lava",
						"damage_per_tick": 4
					}
				]
			},
			"minecraft:movement": {
				"value": 0.3
			},
			"minecraft:navigation.walk": {
				"can_path_over_water": true,
				"avoid_water": true,
				"avoid_damage_blocks": true
			},
			"minecraft:movement.basic": {},
			"minecraft:jump.static": {},
			"minecraft:nameable": {},
			"minecraft:horse.jump_strength": {
				"value": 0.7
			},
			"minecraft:leashable": {
				"soft_distance": 4,
				"hard_distance": 6,
				"max_distance": 10
			},
			"minecraft:balloonable": {},
			"minecraft:healable": {
				"items": [
					{
						"item": "rotten_flesh",
						"heal_amount": 2
					},
					{
						"item": "bone",
						"heal_amount": 2
					}
				]
			},
			"minecraft:despawn": {
				"despawn_from_distance": {}
			},
			"minecraft:behavior.float": {
				"priority": 0
			},
			"minecraft:behavior.panic": {
				"priority": 1,
				"speed_multiplier": 1.2
			},
			"minecraft:behavior.random_stroll": {
				"priority": 6,
				"speed_multiplier": 0.7
			},
			"minecraft:behavior.look_at_player": {
				"priority": 7,
				"look_distance": 6,
				"probability": 0.02
			},
			"minecraft:behavior.random_look_around": {
				"priority": 8
			},
			"minecraft:physics": {},
			"minecraft:pushable": {
				"is_pushable": true,
				"is_pushable_by_piston": true
			},
			"minecraft:conditional_bandwidth_optimization": {}
		},
		"events": {
			"minecraft:entity_spawned": {
				"randomize": [
					{
						"weight": 80,
						"add": {
							"component_groups": [ "minecraft:lightning_horse_adult", "minecraft:lightning_horse_wild" ]
						}
					},
					{
						"weight": 20,
						"add": {
							"component_groups": [ "minecraft:lightning_horse_baby" ]
						}
					}
				]
			},
			"minecraft:entity_transformed": {
				"add": {
					"component_groups": [ "minecraft:lightning_horse_adult", "minecraft:lightning_horse_wild" ]
				}
			},
			"minecraft:entity_born": {
				"add": {
					"component_groups": [ "minecraft:lightning_horse_baby" ]
				}
			},
			"minecraft:on_tame": {
				"remove": {
					"component_groups": [ "minecraft:lightning_horse_wild" ]
				},
				"add": {
					"component_groups": [ "minecraft:lightning_horse_tamed", "minecraft:lightning_horse_unchested" ]
				}
			},
			"minecraft:ageable_grow_up": {
				"remove": {
					"component_groups": [ "minecraft:lightning_horse_baby" ]
				},
				"add": {
					"component_groups": [ "minecraft:lightning_horse_adult", "minecraft:lightning_horse_wild" ]
				}
			},
			"minecraft:on_chest": {
				"remove": {
					"component_groups": [ "minecraft:lightning_horse_unchested" ]
				},
				"add": {
					"component_groups": [ "minecraft:lightning_horse_chested" ]
				}
			},
			"minecraft:lightning_horse_saddled": {
				"add": {
					"component_groups": [ "minecraft:lightning_horse_saddled" ]
				}
			},
			"minecraft:lightning_horse_unsaddled": {
				"remove": {
					"component_groups": [ "minecraft:lightning_horse_saddled" ]
				}
			}
		}
	}
}