{
	"format_version": "1.16.0",
	"minecraft:entity": {
		"description": {
			"identifier": "chaospack:living_moss",
			"is_spawnable": true,
			"is_summonable": true,
			"is_experimental": false
		},
		"components": {
			"minecraft:experience_reward": {
				"on_death": "30"
			},
			"minecraft:nameable": {},
			"minecraft:breathable": {
				"total_supply": 15,
				"suffocate_time": 0,
				"breathes_water": true
			},
			"minecraft:health": {
				"value": 100,
				"max": 100
			},
			"minecraft:collision_box": {
				"width": 0.72,
				"height": 2.01
			},
			"minecraft:attack": {
				"damage": 0.6
			},
			"minecraft:loot": {
				"table": "loot_tables/entities/living_moss.json"
			},
			"minecraft:equipment": {
				"table": "loot_tables/entities/living_moss_equipment.json"
			},
			"minecraft:movement": {
				"value": 0.2
			},
			"minecraft:boss": {
				"should_darken_sky": false,
				"name": "§qLiving Moss",
				"hud_range": 55
			},
			"minecraft:navigation.walk": {
				"is_amphibious": true,
				"avoid_sun": false,
				"avoid_water": true
			},
			"minecraft:movement.basic": {},
			"minecraft:jump.static": {},
			"minecraft:can_climb": {},

			"minecraft:scale": {
				"value": 1.4
			},
			"minecraft:behavior.hurt_by_target": {
				"priority": 1
			},
			"minecraft:behavior.nearest_attackable_target": {
				"priority": 2,
				"reselect_targets": true,
				"must_see": true,
				"entity_types": [
					{
						"filters": {
							"test": "is_family",
							"subject": "other",
							"value": "player"
						},
						"max_dist": 16
					},
					{
						"filters": {
							"test": "is_family",
							"subject": "other",
							"value": "irongolem"
						},
						"max_dist": 16
					}
				]
			},
			"minecraft:behavior.melee_attack": {
				"priority": 4,
				"track_target": true,
				"speed_multiplier": 1.25
			},
			"minecraft:behavior.random_stroll": {
				"priority": 6,
				"speed_multiplier": 1
			},
			"minecraft:behavior.look_at_player": {
				"priority": 7,
				"look_distance": 8
			},
			"minecraft:behavior.random_look_around": {
				"priority": 8
			},
			"minecraft:type_family": {
				"family": [ "moss", "monster", "undead", "mob" ]
			},
			"minecraft:physics": {},
			"minecraft:pushable": {
				"is_pushable": true,
				"is_pushable_by_piston": true
			},
			"minecraft:conditional_bandwidth_optimization": {}
		},
		"events": {
			"minecraft:entity_spawned": {}
		}
	}
}