{
	"format_version": "1.16.0",
	"minecraft:entity": {
		"description": {
			"identifier": "chaospack:mummy",
			"is_spawnable": true,
			"is_summonable": true,
			"is_experimental": false
		},
		"component_groups": {
			"minecraft:zombie_husk_baby": {
				"minecraft:experience_reward": {
					"on_death": "query.last_hit_by_player ? 12 + (query.equipment_count * Math.Random(1,3)) : 0"
				},
				"minecraft:is_baby": {},
				"minecraft:scale": {
					"value": 0.53125
				},
				"minecraft:movement": {
					"value": 0.35
				}
			},
			"minecraft:zombie_husk_adult": {
				"minecraft:experience_reward": {
					"on_death": "query.last_hit_by_player ? 5 + (query.equipment_count * Math.Random(1,3)) : 0"
				},
				"minecraft:movement": {
					"value": 0.23
				},
				"minecraft:rideable": {
					"seat_count": 1,
					"family_types": [ "mummy" ],
					"seats": {
						"position": [ 0, 1.1, -0.35 ],
						"lock_rider_rotation": 0
					}
				},
				"minecraft:behavior.mount_pathing": {
					"priority": 2,
					"speed_multiplier": 1.25,
					"target_dist": 0,
					"track_target": true
				},
				"minecraft:scale": {
					"value": 1.0625
				}
			},
			"minecraft:zombie_husk_jockey": {
				"minecraft:behavior.find_mount": {
					"priority": 1,
					"within_radius": 16
				}
			}
		},
		"components": {
			"minecraft:breathable": {
				"total_supply": 15,
				"suffocate_time": 0,
				"breathes_water": false
			},
			"minecraft:collision_box": {
				"width": 0.6,
				"height": 1.9
			},
			"minecraft:nameable": {},
			"minecraft:type_family": {
				"family": [ "husk", "zombie", "undead", "monster", "mob", "mummy", "sand" ]
			},
			"minecraft:loot": {
				"table": "loot_tables/entities/mummy.json"
			},
			"minecraft:equipment": {
				"table": "loot_tables/entities/mummy_equipment.json"
			},
			"minecraft:health": {
				"value": 20,
				"max": 20
			},
			"minecraft:hurt_on_condition": {
				"damage_conditions": [
					{
						"filters": {
							"test": "in_lava",
							"subject": "self",
							"operator": "==",
							"value": true
						},
						"cause": "lava",
						"damage_per_tick": 4
					}
				]
			},
			"minecraft:attack": {
				"damage": 4
			},
			"minecraft:conditional_bandwidth_optimization": {},
			"minecraft:navigation.walk": {
				"can_pass_doors": true,
				"can_break_doors": true,
				"avoid_portals": false
			},
			"minecraft:annotation.break_door": {},
			"minecraft:movement.basic": {},
			"minecraft:jump.static": {},
			"minecraft:can_climb": {},
			"minecraft:despawn": {
				"despawn_from_distance": {}
			},
			"minecraft:behavior.melee_attack": {
				"priority": 3
			},
			"minecraft:behavior.random_stroll": {
				"priority": 7,
				"speed_multiplier": 1
			},
			"minecraft:behavior.look_at_player": {
				"priority": 8,
				"look_distance": 6,
				"probability": 0.02
			},
			"minecraft:behavior.random_look_around": {
				"priority": 9
			},
			"minecraft:behavior.hurt_by_target": {
				"priority": 1
			},
			"minecraft:behavior.nearest_attackable_target": {
				"priority": 2,
				"must_see": true,
				"reselect_targets": true,
				"within_radius": 25,
				"entity_types": [
					{
						"filters": {
							"any_of": [
								{
									"test": "is_family",
									"subject": "other",
									"value": "player"
								},
								{
									"test": "is_family",
									"subject": "other",
									"value": "snowgolem"
								},
								{
									"test": "is_family",
									"subject": "other",
									"value": "irongolem"
								}
							]
						},
						"max_dist": 35
					},
					{
						"filters": {
							"any_of": [
								{
									"test": "is_family",
									"subject": "other",
									"value": "villager"
								},
								{
									"test": "is_family",
									"subject": "other",
									"value": "wandering_trader"
								}
							]
						},
						"max_dist": 35,
						"must_see": false
					}
				]
			},
			"minecraft:physics": {},
			"minecraft:pushable": {
				"is_pushable": true,
				"is_pushable_by_piston": true
			}
		},
		"events": {
			"minecraft:entity_spawned": {
				"randomize": [
					{
						"weight": 9500,
						"remove": {},
						"add": {
							"component_groups": [ "minecraft:zombie_husk_adult" ]
						}
					},
					{
						"weight": 425,
						"remove": {},
						"add": {
							"component_groups": [ "minecraft:zombie_husk_baby" ]
						}
					},
					{
						"weight": 75,
						"remove": {},
						"add": {
							"component_groups": [ "minecraft:zombie_husk_baby", "minecraft:zombie_husk_jockey" ]
						}
					}
				]
			}
		}
	}
}