{
  "format_version": "1.19.30",
  "minecraft:entity": {
    "description": {
      "identifier": "chaospack:npc_player",
      "spawn_category": "creature",
      "is_spawnable": true,
      "is_summonable": true,
      "is_experimental": false
    },

    "components": {
      "minecraft:damage_sensor": {
        "triggers": [
          {
            "on_damage": {
              "filters": {
                "test": "is_family",
                "subject": "other",
                "value": "player"
              }
            },
            "deals_damage": true
          },
          {
            "deals_damage": false,
            "cause": "all"
          }
        ]
      },
      "minecraft:health": {
        "value": 1,
        "max": 1
      },
      "minecraft:type_family": {
        "family": [ "npc", "mob" ]
      },
      "minecraft:fire_immune": true,
      "minecraft:movement": {
        "value": 0.5
      },
      "minecraft:loot": {
        "table": "loot_tables/empty.json"
      },
      "minecraft:collision_box": {
        "width": 0.6,
        "height": 2.0
      },
      "minecraft:behavior.look_at_player": {
        "priority": 0,
        "look_distance": 6.0,
        "probability": 0.02
      },
      "minecraft:persistent": {
      },
      "minecraft:npc": {
        "npc_data": {
          "portrait_offsets": {
            "translate": [ -7, 50, 0 ],
            "scale": [ 1.75, 1.75, 1.75 ]
          },
          "picker_offsets": {
            "translate": [ 0, 20, 0 ],
            "scale": [ 1.7, 1.7, 1.7 ]
          },
          "skin_list": [
            {
              "variant": 0
            },
            {
              "variant": 1
            },
            {
              "variant": 2
            },
            {
              "variant": 3
            },
            {
              "variant": 4
            },
            {
              "variant": 5
            },
            {
              "variant": 6
            },
            {
              "variant": 7
            },
            {
              "variant": 8
            },
            {
              "variant": 9
            },
            {
              "variant": 10
            },
            {
              "variant": 11
            },
            {
              "variant": 12
            },
            {
              "variant": 13
            }
          ]
        }
      },
      "minecraft:nameable": {
        "always_show": false,
        "allow_name_tag_renaming": false
      },
      "minecraft:physics": {
      }
    }
  }
}
