{
	"format_version": "1.16.100",
	"minecraft:entity": {
		"description": {
			"identifier": "chaospack:pet_rock",
			"is_spawnable": true,
			"is_summonable": true,
			"is_experimental": false
		},
		"components": {
			"minecraft:nameable": {},
			"minecraft:physics": {
				"has_gravity": true,
				"has_collision": true
			},
			"minecraft:pushable": {
				"is_pushable": false
			},
			"minecraft:push_through": {
				"value": 1
			},
			"minecraft:loot": {
				"table": "loot_tables/entities/pet_rock.json"
			},
			"minecraft:health": {
				"value": 1,
				"max": 1
			},
			"minecraft:collision_box": {
				"width": 0.8,
				"height": 0.5
			}
		}
	}
}