{
	"format_version": "1.16.0",
	"minecraft:entity": {
		"description": {
			"identifier": "chaospack:plague_doctor",
			"runtime_identifier": "minecraft:wandering_trader",
			"is_spawnable": true,
			"is_summonable": true,
			"is_experimental": false
		},
		"component_groups": {
			"managed": {
				"minecraft:managed_wandering_trader": {}
			},
			"despawning": {
				"minecraft:type_family": {
					"family": [ "wandering_trader", "wandering_trader_despawning", "mob" ]
				}
			},
			"minecraft:village_created": {
				"minecraft:behavior.defend_village_target": {
					"priority": 1,
					"must_reach": true,
					"attack_chance": 0.05,
					"entity_types": {
						"filters": {
							"any_of": [
								{
									"test": "is_family",
									"subject": "other",
									"value": "rat"
								},
								{
									"test": "is_family",
									"subject": "other",
									"value": "plagued"
								}
							]
						}
					}
				},
				"minecraft:dweller": {
					"dwelling_type": "village",
					"dweller_role": "defender",
					"update_interval_base": 60,
					"update_interval_variant": 40,
					"can_find_poi": false,
					"can_migrate": true,
					"first_founding_reward": 0
				}
			}
		},
		"components": {
			"minecraft:type_family": {
				"family": [ "wandering_trader", "mob", "plague_doctor" ]
			},
			"minecraft:is_hidden_when_invisible": {},
			"minecraft:timer": {
				"looping": false,
				"random_time_choices": [
					{
						"weight": 50,
						"value": 2400
					},
					{
						"weight": 50,
						"value": 3600
					}
				],
				"time_down_event": {
					"event": "minecraft:start_despawn",
					"target": "self"
				}
			},
			"minecraft:attack": {
				"damage": 4
			},
			"minecraft:economy_trade_table": {
				"display_name": "entity.plague_doctor.name",
				"table": "trading/economy_trades/plague_doctor_trades.json",
				"new_screen": true
			},
			"minecraft:breathable": {
				"total_supply": 15,
				"suffocate_time": 0
			},
			"minecraft:health": {
				"value": 40,
				"max": 40
			},
			"minecraft:hurt_on_condition": {
				"damage_conditions": [
					{
						"filters": {
							"test": "in_lava",
							"subject": "self",
							"operator": "==",
							"value": true
						},
						"cause": "lava",
						"damage_per_tick": 4
					}
				]
			},
			"minecraft:collision_box": {
				"width": 0.6,
				"height": 1.9
			},
			"minecraft:movement": {
				"value": 0.2
			},
			"minecraft:navigation.walk": {
				"can_path_over_water": true,
				"can_pass_doors": true,
				"can_open_doors": true,
				"avoid_water": true
			},
			"minecraft:movement.basic": {},
			"minecraft:jump.static": {},
			"minecraft:can_climb": {},
			"minecraft:behavior.float": {
				"priority": 0
			},
			"minecraft:behavior.move_through_village": {
				"priority": 3,
				"speed_multiplier": 0.6,
				"only_at_night": true
			},
			"minecraft:behavior.move_towards_dwelling_restriction": {
				"priority": 4,
				"speed_multiplier": 1
			},
			"minecraft:conditional_bandwidth_optimization": {},
			"minecraft:despawn": {
				"remove_child_entities": true,
				"filters": {
					"all_of": [
						{
							"any_of": [
								{
									"test": "is_family",
									"subject": "self",
									"value": "wandering_trader_despawning"
								},
								{
									"test": "has_trade_supply",
									"subject": "self",
									"value": false
								}
							]
						},
						{
							"test": "distance_to_nearest_player",
							"operator": ">",
							"value": 24
						}
					]
				}
			},
			"minecraft:damage_sensor": {
			},
			"minecraft:behavior.trade_with_player": {
				"priority": 1
			},
			"minecraft:behavior.trade_interest": {
				"priority": 3,
				"within_radius": 6,
				"interest_time": 45,
				"remove_item_time": 1,
				"carried_item_switch_time": 2,
				"cooldown": 2
			},
			"minecraft:behavior.look_at_trading_player": {
				"priority": 4
			},
			"minecraft:preferred_path": {
				"max_fall_blocks": 1,
				"jump_cost": 5,
				"default_block_cost": 1.5,
				"preferred_path_blocks": [
					{
						"cost": 0,
						"blocks": [
							"grass_path"
						]
					},
					{
						"cost": 1,
						"blocks": [
							"cobblestone",
							"stone",
							"stonebrick",
							"sandstone",
							"mossy_cobblestone",
							"smooth_stone_slab",
							"sandstone_slab",
							"cobblestone_slab",
							"brick_slab",
							"stone_brick_slab",
							"quartz_slab",
							"nether_brick_slab",
							"stone_slab2",
							"stone_slab3",
							"stone_slab4",
							"double_stone_slab",
							"double_stone_slab2",
							"double_stone_slab3",
							"double_stone_slab4",
							"wooden_slab",
							"double_wooden_slab",
							"planks",
							"brick_block",
							"nether_brick",
							"red_nether_brick",
							"end_bricks",
							"red_sandstone",
							"white_stained_glass",
							"orange_stained_glass",
							"magenta_stained_glass",
							"light_blue_stained_glass",
							"yellow_stained_glass",
							"lime_stained_glass",
							"pink_stained_glass",
							"gray_stained_glass",
							"light_gray_stained_glass",
							"cyan_stained_glass",
							"purple_stained_glass",
							"blue_stained_glass",
							"brown_stained_glass",
							"green_stained_glass",
							"red_stained_glass",
							"black_stained_glass",
							"glass",
							"glowstone",
							"prismarine",
							"emerald_block",
							"diamond_block",
							"lapis_block",
							"gold_block",
							"redstone_block",
							"purple_glazed_terracotta",
							"white_glazed_terracotta",
							"orange_glazed_terracotta",
							"magenta_glazed_terracotta",
							"light_blue_glazed_terracotta",
							"yellow_glazed_terracotta",
							"lime_glazed_terracotta",
							"pink_glazed_terracotta",
							"gray_glazed_terracotta",
							"silver_glazed_terracotta",
							"cyan_glazed_terracotta",
							"blue_glazed_terracotta",
							"brown_glazed_terracotta",
							"green_glazed_terracotta",
							"red_glazed_terracotta",
							"black_glazed_terracotta"
						]
					},
					{
						"cost": 50,
						"blocks": [
							"bed",
							"lectern",
							"composter",
							"grindstone",
							"blast_furnace",
							"smoker",
							"fletching_table",
							"cartography_table",
							"brewing_stand",
							"smithing_table",
							"cauldron",
							"barrel",
							"loom",
							"stonecutter"
						]
					}
				]
			},
			"minecraft:behavior.melee_attack": {
				"priority": 4,
				"track_target": true,
				"speed_multiplier": 1.25
			},
			"minecraft:behavior.nearest_attackable_target": {
				"priority": 2,
				"must_see": true,
				"entity_types": [
					{
						"filters": {
							"test": "is_family",
							"subject": "other",
							"value": "rat"
						},
						"max_dist": 16
					},
					{
						"filters": {
							"test": "is_family",
							"subject": "other",
							"value": "plagued"
						},
						"max_dist": 16
					}
				]
			},
			"minecraft:behavior.restrict_open_door": {
				"priority": 5
			},
			"minecraft:behavior.hurt_by_target": {
				"priority": 2,
				"entity_types": {
					"filters": {
						"test": "is_family",
						"subject": "other",
						"operator": "!=",
						"value": "creeper"
					}
				}
			},
			"minecraft:behavior.open_door": {
				"priority": 6,
				"close_door_after": true
			},
			"minecraft:behavior.look_at_player": {
				"priority": 8,
				"look_distance": 8,
				"probability": 0.02
			},
			"minecraft:behavior.random_look_around": {
				"priority": 9
			},
			"minecraft:follow_range": {
				"value": 64
			},
			"minecraft:physics": {},
			"minecraft:pushable": {
				"is_pushable": true,
				"is_pushable_by_piston": true
			}
		},
		"events": {
			"minecraft:scheduled": {
				"add": {
					"component_groups": [ "managed" ]
				}
			},
			"minecraft:start_despawn": {
				"add": {
					"component_groups": [ "despawning" ]
				}
			},
			"minecraft:from_village": {
				"add": {
					"component_groups": [
						"minecraft:village_created"
					]
				}
			}
		}
	}
}