{
	"format_version": "1.16.100",
	"minecraft:entity": {
		"description": {
			"identifier": "chaospack:radio_entity",
			"is_spawnable": false,
			"is_summonable": true,
			"is_experimental": false
		},
		"components": {
			"minecraft:knockback_resistance": {
				"value": 1
			},
			"minecraft:collision_box": {
				"width": 1,
				"height": 1
			},
			"minecraft:physics": {
				"has_gravity": false,
				"has_collision": false
			},
			"minecraft:pushable": {
				"is_pushable": false,
				"is_pushable_by_piston": true
			},
			"minecraft:health": {
				"value": 1,
				"max": 1
			},
			"minecraft:interact": {
				"interactions": [
					{
						"on_interact": {
							"filters": [
								{
									"test": "is_family",
									"subject": "other",
									"value": "player"
								}
							],
							"target": "self",
							"event": "chaospack:on_interact"
						},
						"interact_text": "Play music",
						"use_item": false
					}
				]
			},
			"minecraft:type_family": {
				"family": [ "interact_object" ]
			},
			"minecraft:push_through": {
				"value": 1
			},
			"minecraft:on_death": {
				"event": "chaospack:remove_block"
			}
		},
		"events": {
			"minecraft:entity_spawned": {
				"sequence": [
					{
						"queue_command": {
							"command": [
								"tp @e[type=chaospack:container,r=0.01] ~ ~-0.5 ~"
							]
						}
					}
				]
			},
			"chaospack:remove_block": {
				"sequence": [
					{
						"queue_command": {
							"command": [
								"setblock ~ ~ ~ air destroy"
							]
						}
					},
					{
						"queue_command": {
							"command": [
								"stopsound @a"
							]
						}
					}
				]
			}
		}
	}
}