{
	"format_version": "1.17.10",
	"minecraft:entity": {
		"description": {
			"identifier": "chaospack:rat",
			"is_spawnable": true,
			"is_summonable": true,
			"is_experimental": false
		},
		"component_groups": {
			"minecraft:rat_baby": {
				"minecraft:is_baby": {},
				"minecraft:scale": {
					"value": 0.5
				},
				"minecraft:ageable": {
					"duration": 1200,
					"feed_items": "chaospack:cheese",
					"grow_up": {
						"event": "minecraft:ageable_grow_up",
						"target": "self"
					}
				},
				"minecraft:behavior.follow_parent": {
					"priority": 9,
					"speed_multiplier": 1.1
				}
			},
			"become_zombie": {
				"minecraft:transformation": {
					"into": "chaospack:plagued_rat",
					"keep_level": true
				}
			},
			"minecraft:rat_adult": {
				"minecraft:experience_reward": {
					"on_bred": "Math.Random(1,7)",
					"on_death": "query.last_hit_by_player ? Math.Random(1,3) : 0"
				},
				"minecraft:loot": {
					"table": "loot_tables/entities/rat.json"
				},
				"minecraft:behavior.breed": {
					"priority": 3,
					"speed_multiplier": 1
				},
				"minecraft:breedable": {
					"require_tame": false,
					"breed_items": "chaospack:cheese",
					"breeds_with": {
						"mate_type": "chaospack:rat",
						"baby_type": "chaospack:rat",
						"breed_event": {
							"event": "minecraft:entity_born",
							"target": "baby"
						}
					}
				}
			},
			"minecraft:docile_fox": {
				"minecraft:behavior.panic": {
					"priority": 1,
					"speed_multiplier": 1.25
				},
				"minecraft:behavior.melee_box_attack": {
					"priority": 10,
					"track_target": true,
					"require_complete_path": true
				}
			},
			"minecraft:rat_red": {
				"minecraft:variant": {
					"value": 0
				}
			},
			"minecraft:rat_arctic": {
				"minecraft:variant": {
					"value": 1
				}
			},
			"minecraft:rat_thunderstorm": {
				"minecraft:environment_sensor": {
					"triggers": [
						{
							"filters": {
								"all_of": [
									{
										"test": "weather_at_position",
										"operator": "!=",
										"value": "thunderstorm"
									},
									{
										"test": "is_daytime",
										"value": true
									}
								]
							},
							"event": "minecraft:rat_configure_day"
						},
						{
							"filters": {
								"all_of": [
									{
										"test": "weather_at_position",
										"operator": "!=",
										"value": "thunderstorm"
									},
									{
										"test": "is_daytime",
										"value": false
									}
								]
							},
							"event": "minecraft:rat_configure_night"
						}
					]
				},
				"minecraft:behavior.find_cover": {
					"priority": 0,
					"speed_multiplier": 1,
					"cooldown_time": 0
				}
			},
			"minecraft:rat_day": {
				"minecraft:environment_sensor": {
					"triggers": [
						{
							"filters": {
								"test": "weather_at_position",
								"value": "thunderstorm"
							},
							"event": "minecraft:rat_configure_thunderstorm"
						},
						{
							"filters": {
								"test": "is_daytime",
								"value": false
							},
							"event": "minecraft:rat_configure_night"
						}
					]
				},
				"minecraft:behavior.nap": {
					"priority": 8,
					"cooldown_min": 2,
					"cooldown_max": 7,
					"mob_detect_dist": 12,
					"mob_detect_height": 6,
					"can_nap_filters": {
						"all_of": [
							{
								"test": "in_water",
								"subject": "self",
								"operator": "==",
								"value": false
							},
							{
								"test": "on_ground",
								"subject": "self",
								"operator": "==",
								"value": true
							},
							{
								"test": "is_underground",
								"subject": "self",
								"operator": "==",
								"value": true
							},
							{
								"test": "weather_at_position",
								"subject": "self",
								"operator": "!=",
								"value": "thunderstorm"
							}
						]
					},
					"wake_mob_exceptions": {
						"any_of": [
							{
								"test": "trusts",
								"subject": "other",
								"operator": "==",
								"value": true
							},
							{
								"test": "is_family",
								"subject": "other",
								"operator": "==",
								"value": "fox"
							},
							{
								"test": "is_sneaking",
								"subject": "other",
								"operator": "==",
								"value": true
							}
						]
					}
				},
				"minecraft:behavior.find_cover": {
					"priority": 9,
					"speed_multiplier": 1,
					"cooldown_time": 5
				}
			},
			"minecraft:rat_night": {
				"minecraft:environment_sensor": {
					"triggers": [
						{
							"filters": {
								"test": "weather_at_position",
								"value": "thunderstorm"
							},
							"event": "minecraft:rat_configure_thunderstorm"
						},
						{
							"filters": {
								"test": "is_daytime",
								"value": true
							},
							"event": "minecraft:rat_configure_day"
						}
					]
				},
				"minecraft:behavior.stroll_towards_village": {
					"priority": 11,
					"speed_multiplier": 1,
					"goal_radius": 3,
					"cooldown_time": 10,
					"search_range": 32,
					"start_chance": 0.005
				}
			},
			"minecraft:rat_ambient_normal": {
				"minecraft:ambient_sound_interval": {
					"event_name": "ambient"
				}
			},
			"minecraft:rat_ambient_sleep": {
				"minecraft:ambient_sound_interval": {
					"event_name": "sleep"
				}
			},
			"minecraft:rat_ambient_night": {
				"minecraft:ambient_sound_interval": {
					"event_name": "screech",
					"value": 80,
					"range": 160
				}
			},
			"to_villager": {
				"minecraft:transformation": {
					"into": "chaospack:plagued_rat",
					"begin_transform_sound": "remedy",
					"transformation_sound": "unfect",
					"delay": {
						"value": 10,
						"range_min": 5,
						"range_max": 15,
						"block_assist_chance": 0.01,
						"block_radius": 4,
						"block_chance": 0.3,
						"block_types": [
							"minecraft:bed",
							"minecraft:iron_bars"
						]
					}
				},
				"minecraft:is_shaking": {}
			}
		},
		"components": {
			"minecraft:type_family": {
				"family": [ "mob", "rat" ]
			},
			"minecraft:breathable": {
				"totalSupply": 15,
				"suffocateTime": 0
			},
			"minecraft:navigation.walk": {
				"can_path_over_water": true,
				"avoid_water": true,
				"avoid_damage_blocks": true
			},
			"minecraft:movement.basic": {},
			"minecraft:jump.static": {},
			"minecraft:can_climb": {},
			"minecraft:collision_box": {
				"width": 0.5,
				"height": 0.4
			},
			"minecraft:nameable": {},
			"minecraft:health": {
				"value": 5,
				"max": 5
			},
			"minecraft:movement": {
				"value": 0.3
			},
			"minecraft:damage_sensor": {
				"triggers": [
					{
						"on_damage": {
							"filters": {
								"test": "is_block",
								"subject": "block",
								"value": "minecraft:sweet_berry_bush"
							}
						},
						"deals_damage": false
					},
					{
						"on_damage": {
							"filters": {
								"any_of": [
									{
										"test": "is_family",
										"subject": "other",
										"value": "plagued"
									}
								],
								"all_of": [
									{
										"test": "has_damage",
										"value": "fatal"
									}
								]
							},
							"event": "become_zombie"
						}
					}
				]
			},
			"minecraft:despawn": {
				"despawn_from_distance": {}
			},
			"minecraft:interact": {
				"interactions": {
					// Curing the villager
					"on_interact": {
						"filters": {
							"all_of": [
								{
									"test": "has_equipment",
									"domain": "hand",
									"subject": "other",
									"value": "rotten_flesh"
								}
							]
						},
						"event": "villager_converted",
						"target": "self"
					},
					"use_item": true,
					"interact_text": "action.interact.cure"
				}
			},
			"minecraft:behavior.float": {
				"priority": 0
			},
			"minecraft:behavior.avoid_mob_type": {
				"priority": 5,
				"entity_types": [
					{
						"filters": {
							"any_of": [
								{
									"all_of": [
										{
											"test": "is_family",
											"subject": "other",
											"value": "player"
										},
										{
											"test": "trusts",
											"subject": "other",
											"operator": "!=",
											"value": true
										},
										{
											"test": "is_sneaking",
											"subject": "other",
											"operator": "!=",
											"value": true
										}
									]
								}
							]
						},
						"max_dist": 10,
						"walk_speed_multiplier": 1,
						"sprint_speed_multiplier": 1.5
					}
				]
			},
			"minecraft:behavior.tempt": {
				"priority": 3,
				"speed_multiplier": 0.5,
				"within_radius": 16,
				"can_get_scared": true,
				"items": [ "chaospack:cheese" ]
			},
			"minecraft:behavior.random_look_around_and_sit": {
				"priority": 12,
				"min_look_count": 2,
				"max_look_count": 5,
				"min_look_time": 80,
				"max_look_time": 100,
				"probability": 0.001
			},
			"minecraft:behavior.random_stroll": {
				"priority": 13,
				"speed_multiplier": 0.8
			},
			"minecraft:behavior.look_at_player": {
				"priority": 14,
				"look_distance": 6,
				"probability": 0.02
			},
			"minecraft:behavior.random_look_around": {
				"priority": 15
			},
			"minecraft:leashable": {
				"soft_distance": 4,
				"hard_distance": 6,
				"max_distance": 10
			},
			"minecraft:balloonable": {
				"mass": 0.6
			},
			"minecraft:physics": {},
			"minecraft:pushable": {
				"is_pushable": true,
				"is_pushable_by_piston": true
			},
			"minecraft:conditional_bandwidth_optimization": {},
			"minecraft:scheduler": {
				"min_delay_secs": 0,
				"max_delay_secs": 0,
				"scheduled_events": [
					{
						"filters": [
							{
								"test": "is_sleeping",
								"value": true
							}
						],
						"event": "minecraft:ambient_sleep"
					},
					{
						"filters": {
							"all_of": [
								{
									"test": "is_daytime",
									"value": false
								},
								{
									"test": "distance_to_nearest_player",
									"operator": ">",
									"value": 16
								}
							]
						},
						"event": "minecraft:ambient_night"
					},
					{
						"filters": {
							"all_of": [
								{
									"test": "is_sleeping",
									"value": false
								},
								{
									"any_of": [
										{
											"test": "is_daytime",
											"value": true
										},
										{
											"test": "distance_to_nearest_player",
											"operator": "<=",
											"value": 16
										}
									]
								}
							]
						},
						"event": "minecraft:ambient_normal"
					}
				]
			},
			"minecraft:environment_sensor": {
				"triggers": [
					{
						"filters": {
							"test": "is_daytime",
							"value": false
						},
						"event": "minecraft:rat_configure_night"
					},
					{
						"filters": {
							"test": "is_daytime",
							"value": true
						},
						"event": "minecraft:rat_configure_day"
					}
				]
			},
			"minecraft:loot": {
				"table": "loot_tables/entities/rat.json"
			}
		},
		"events": {
			"minecraft:entity_spawned": {
				"sequence": [
					{
						"randomize": [
							{
								"weight": 95,
								"add": {
									"component_groups": [ "minecraft:rat_adult", "minecraft:rat_with_item", "minecraft:docile_fox" ]
								}
							},
							{
								"weight": 5,
								"add": {
									"component_groups": [ "minecraft:rat_baby", "minecraft:docile_fox" ]
								}
							}
						]
					},
					{
						"filters": {
							"test": "is_snow_covered",
							"value": true
						},
						"add": {
							"component_groups": [ "minecraft:rat_arctic" ]
						}
					},
					{
						"filters": {
							"test": "is_snow_covered",
							"value": false
						},
						"add": {
							"component_groups": [ "minecraft:rat_red" ]
						}
					}
				]
			},
			"minecraft:entity_born": {
				"add": {
					"component_groups": [ "minecraft:rat_baby", "minecraft:trusting_rat", "minecraft:docile_fox" ]
				}
			},
			"minecraft:ageable_grow_up": {
				"remove": {
					"component_groups": [ "minecraft:rat_baby" ]
				},
				"add": {
					"component_groups": [ "minecraft:rat_adult" ]
				}
			},
			"become_zombie": {
				"add": {
					"component_groups": [
						"become_zombie"
					]
				},
				"remove": {}
			},
			"minecraft:rat_configure_thunderstorm": {
				"remove": {
					"component_groups": [ "minecraft:rat_night", "minecraft:rat_day" ]
				},
				"add": {
					"component_groups": [ "minecraft:rat_thunderstorm" ]
				}
			},
			"minecraft:rat_configure_day": {
				"remove": {
					"component_groups": [ "minecraft:rat_night", "minecraft:rat_thunderstorm" ]
				},
				"add": {
					"component_groups": [ "minecraft:rat_day" ]
				}
			},
			"minecraft:rat_configure_night": {
				"remove": {
					"component_groups": [ "minecraft:rat_day", "minecraft:rat_thunderstorm" ]
				},
				"add": {
					"component_groups": [ "minecraft:rat_night" ]
				}
			},
			"minecraft:ambient_normal": {
				"add": {
					"component_groups": [ "minecraft:rat_ambient_normal" ]
				}
			},
			"minecraft:ambient_sleep": {
				"add": {
					"component_groups": [ "minecraft:rat_ambient_sleep" ]
				}
			},
			"minecraft:ambient_night": {
				"add": {
					"component_groups": [ "minecraft:rat_ambient_night" ]
				}
			},
			"minecraft:rat_configure_defending": {
				"remove": {
					"component_groups": [ "minecraft:docile_fox", "minecraft:rat_day", "minecraft:rat_night" ]
				},
				"add": {
					"component_groups": [ "minecraft:defending_fox" ]
				}
			},
			"minecraft:rat_configure_docile_day": {
				"remove": {
					"component_groups": [ "minecraft:defending_fox", "minecraft:rat_night" ]
				},
				"add": {
					"component_groups": [ "minecraft:docile_fox", "minecraft:rat_day" ]
				}
			},
			"minecraft:rat_configure_docile_night": {
				"remove": {
					"component_groups": [ "minecraft:defending_fox", "minecraft:rat_day" ]
				},
				"add": {
					"component_groups": [ "minecraft:docile_fox", "minecraft:rat_night" ]
				}
			},
			"villager_converted": {
				"remove": {
				},
				"add": {
					"component_groups": [
						"to_villager"
					]
				}
			}
		}
	}
}