{
	"format_version": "1.16.0",
	"minecraft:entity": {
		"description": {
			"identifier": "chaospack:scarab_beetle",
			"is_spawnable": false,
			"is_summonable": true,
			"is_experimental": false
		},
		"components": {
			"minecraft:type_family": {
				"family": [ "insect", "mob" ]
			},
			"minecraft:experience_reward": {
				"on_bred": "Math.Random(1,7)",
				"on_death": "query.last_hit_by_player ? Math.Random(1,3) : 0"
			},
			"minecraft:loot": {
				"table": "loot_tables/entities/scarab_beetle.json"
			},
			"minecraft:breathable": {
				"total_supply": 15,
				"suffocate_time": 0
			},
			"minecraft:nameable": {},
			"minecraft:health": {
				"value": 1,
				"max": 1
			},
			"minecraft:hurt_on_condition": {
				"damage_conditions": [
					{
						"filters": {
							"test": "in_lava",
							"subject": "self",
							"operator": "==",
							"value": true
						},
						"cause": "lava",
						"damage_per_tick": 4
					}
				]
			},
			"minecraft:movement": {
				"value": 0.25
			},
			"minecraft:navigation.walk": {
				"can_path_over_water": true,
				"avoid_water": true,
				"avoid_damage_blocks": true
			},
			"minecraft:movement.basic": {},
			"minecraft:jump.static": {},
			"minecraft:can_climb": {},
			"minecraft:collision_box": {
				"width": 0.2,
				"height": 0.1
			},
			"minecraft:balloonable": {
				"mass": 0.75
			},
			"minecraft:despawn": {
				"despawn_from_distance": {}
			},
			"minecraft:behavior.mount_pathing": {
				"priority": 1,
				"speed_multiplier": 1.25,
				"target_dist": 0,
				"track_target": true
			},
			"minecraft:behavior.float": {
				"priority": 2
			},
			"minecraft:behavior.panic": {
				"priority": 3,
				"speed_multiplier": 1.25
			},
			"minecraft:behavior.random_stroll": {
				"priority": 7,
				"speed_multiplier": 1
			},
			"minecraft:behavior.look_at_player": {
				"priority": 8,
				"look_distance": 6,
				"probability": 0.02
			},
			"minecraft:behavior.random_look_around": {
				"priority": 9
			},
			"minecraft:physics": {},
			"minecraft:pushable": {
				"is_pushable": true,
				"is_pushable_by_piston": true
			},
			"minecraft:conditional_bandwidth_optimization": {}
		}
	}
}