{
	"format_version": "1.16.100",
	"minecraft:entity": {
		"description": {
			"identifier": "chaospack:shooting_star",
			"is_spawnable": false,
			"is_summonable": true,
			"is_experimental": false
		},
		"component_groups": {
			"minecraft:exploding": {
				"minecraft:explode": {
					"fuse_length": 0,
					"fuse_lit": true,
					"power": 1,
					"causes_fire": true,
					"destroy_affected_by_griefing": true
				}
			}
		},
		"components": {
			"minecraft:physics": {
			},
			"minecraft:pushable": {
				"is_pushable": true,
				"is_pushable_by_piston": true
			},
			"minecraft:collision_box": {
				"width": 0.15,
				"height": 0.15
			},
			"minecraft:projectile": {
				"on_hit": {
					"definition_event": {
						"affect_projectile": true,
						"event_trigger": {
							"event": "chaospack:explode",
							"target": "self"
						}
					}
				},
				"power": 0.6,
				"gravity": 0,
				"uncertainty_base": 7.5,
				"uncertainty_multiplier": 1,
				"shoot_sound": "fall.amethyst_block",
				"hit_sound": "break.amethyst_block",
				"anchor": 1,
				"offset": [ 0, -0.1, 0 ],
				"is_dangerous": true,
				"inertia": 1.0,
				"liquid_inertia": 1.0,
				"shoot_target": false,
				"reflect_on_hurt": true
			},
			"minecraft:dimension_bound": {
			},
			"minecraft:conditional_bandwidth_optimization": {
				"default_values": {
					"max_optimized_distance": 80.0,
					"max_dropped_ticks": 7,
					"use_motion_prediction_hints": true
				}
			}
		},
		"events": {
			"chaospack:explode": {
				"add": {
					"component_groups": [
						"minecraft:exploding"
					]
				}
			}
		}
	}
}