{
	"format_version": "1.16.100",
	"minecraft:entity": {
		"description": {
			"identifier": "chaospack:solumn_spawn",
			"is_spawnable": false,
			"is_summonable": true,
			"is_experimental": false
		},
		"components": {
			"minecraft:knockback_resistance": {
				"value": 1
			},
			"minecraft:collision_box": {
				"width": 1,
				"height": 1
			},
			"minecraft:physics": {
				"has_gravity": false,
				"has_collision": false
			},
			"minecraft:pushable": {
				"is_pushable": false,
				"is_pushable_by_piston": true
			},
			"minecraft:health": {
				"value": 1,
				"max": 1
			},
			"minecraft:damage_sensor": {
				"triggers": {
					"cause": "all",
					"deals_damage": false
				}
			},
			"minecraft:type_family": {
				"family": [ "interact_object" ]
			},
			"minecraft:push_through": {
				"value": 1
			},
			"minecraft:interact": {
				"interactions": [
					{
						"on_interact": {
							"filters": {
								"all_of": [
									{
										"test": "has_equipment",
										"domain": "hand",
										"subject": "other",
										"value": "chaospack:cosmic_heart"
									}
								]
							},
							"event": "chaospack:spawn",
							"target": "self"
						},
						"use_item": true,
						"interact_text": "action.interact.cure"
					},
					{
						"on_interact": {
							"filters": {
								"all_of": [
									{
										"test": "has_equipment",
										"domain": "hand",
										"subject": "other",
										"operator": "!=",
										"value": "chaospack:cosmic_heart"
									}
								]
							},
							"event": "chaospack:not_ready",
							"target": "self"
						},
						"use_item": false,
						"interact_text": "action.interact.other"
					}
				]
			}
		},
		"events": {
			"chaospack:spawn": {
				"sequence": [
					{
						"queue_command": {
							"command": [
								"summon chaospack:solumn ~~~"
							]
						}
					},
					{
						"queue_command": {
							"command": [
								"setblock ~~~ air"
							]
						}
					},
					{
						"queue_command": {
							"command": [
								"kill @s"
							]
						}
					}
				]
			},
			"chaospack:not_ready": {
				"sequence": [
					{
						"queue_command": {
							"command": [
								"tellraw @a[r=10] {\"rawtext\":[{\"text\":\"§uIt's cold, with an empty slot. A heart could be placed here...\"}]}"
							]
						}
					},
					{
						"queue_command": {
							"command": [
								"playsound hit.amethyst_block @a ~~~"
							]
						}
					}
				]
			},
			"chaospack:remove_block": {
				"sequence": [
					{
						"queue_command": {
							"command": [
								"setblock ~ ~ ~ air destroy"
							]
						}
					}
				]
			}
		}
	}
}