{
	"format_version": "1.16.0",
	"minecraft:entity": {
		"description": {
			"identifier": "chaospack:solumn",
			"runtime_identifier": "minecraft:ghast",
			"is_spawnable": true,
			"is_summonable": true,
			"is_experimental": false
		},
		"components": {
			"minecraft:experience_reward": {
				"on_death": "query.last_hit_by_player ? 5 + (query.equipment_count * Math.Random(1,3)) : 0"
			},
			"minecraft:breathable": {
				"total_supply": 15,
				"suffocate_time": 0
			},
			"minecraft:nameable": {},
			"minecraft:health": {
				"value": 300,
				"max": 300
			},
			"minecraft:collision_box": {
				"width": 40,
				"height": 40
			},
			"minecraft:custom_hit_test": {
				"hitboxes": [
					{
						"width": 40,
						"height": 40,
						"pivot": [ 0, 10, 0 ]
					}
				]
			},
			"minecraft:loot": {
				"table": "loot_tables/entities/solumn.json"
			},
			"minecraft:shooter": {
				"def": "minecraft:fireball"
			},
			"minecraft:type_family": {
				"family": [ "star", "monster", "mob" ]
			},
			"minecraft:damage_sensor": {
				"triggers": [
					{
						"cause": "fall",
						"deals_damage": false
					},
					{
						"on_damage": {
							"filters": {
								"test": "is_family",
								"subject": "other",
								"value": "star"
							}
						},
						"deals_damage": false
					},
					{
						"on_damage": {
							"filters": {
								"test": "is_family",
								"subject": "other",
								"value": "lightning"
							}
						},
						"deals_damage": false
					},
					{
						"deals_damage": true,
						"cause": "all"
					}
				]
			},
			"minecraft:behavior.ranged_attack": {
				"priority": 0,
				"attack_radius": 64,
				"charge_shoot_trigger": 2,
				"charge_charged_trigger": 1
			},
			"minecraft:attack": {
				"damage": 3
			},
			"minecraft:behavior.hurt_by_target": {
				"priority": 1
			},
			"minecraft:behavior.look_at_player": {
				"priority": 3,
				"look_distance": 64,
				"probability": 100.0
			},
			"minecraft:movement.hover": {},
			"minecraft:jump.static": {},
			"minecraft:movement": {
				"value": 0
			},
			"minecraft:flying_speed": {
				"value": 0
			},
			"minecraft:boss": {
				"should_darken_sky": true,
				"name": "§uSolumn: The Star Eater",
				"hud_range": 64
			},
			"minecraft:behavior.nearest_attackable_target": {
				"priority": 2,
				"entity_types": [
					{
						"filters": {
							"test": "is_family",
							"subject": "other",
							"value": "player"
						},
						"max_dist": 64
					}
				],
				"must_see": true
			},
			"minecraft:knockback_resistance": {
				"value": 1
			},
			"minecraft:on_death": {
				"event": "chaospack:reset",
				"target": "self"
			},
			"minecraft:conditional_bandwidth_optimization": {}
		},
		"events": {
			"minecraft:entity_spawned": {
				"sequence": [
					{
						"queue_command": {
							"command": [
								//"tag @s add chaospack:monitor"
								//"execute at @s run function events/world/boss/solumn/solumn_entry"
								"scoreboard players add solumn_wait chaospack:aliveTime 0"
							]
						}
					},
					{
						"queue_command": {
							"command": [
								"tag @a[r=100] add chaospack:in_battle"
							]
						}
					}
				]
			},
			"chaospack:reset": {
				"sequence": [
					{
						"queue_command": {
							"command": [
								"scoreboard players reset solumn_state chaospack:aliveTime"
							]
						}
					}
				]
			}
		}
	}
}