{
	"format_version": "1.16.0",
	"minecraft:entity": {
		"description": {
			"identifier": "chaospack:yeti",
			"is_spawnable": true,
			"is_summonable": true,
			"is_experimental": false
		},
		"component_groups": {
			"stunned": {
				"minecraft:is_stunned": {
				},
				"minecraft:timer": {
					"looping": false,
					"time": 2,
					"time_down_event": {
						"event": "minecraft:start_roar"
					}
				}
			},
			"roaring": {
				"minecraft:behavior.knockback_roar": {
					"priority": 1,
					"duration": 1,
					"attack_time": 0.5,
					"knockback_damage": 6,
					"knockback_horizontal_strength": 3,
					"knockback_vertical_strength": 3,
					"knockback_range": 4,
					"knockback_filters": {
						"test": "is_family",
						"subject": "other",
						"operator": "!=",
						"value": "chaospack:yeti"
					},
					"on_roar_end": {
						"event": "minecraft:end_roar"
					},
					"cooldown_time": 0.1
				}
			}
		},
		"components": {
			"minecraft:experience_reward": {
				"on_death": "25"
			},
			"minecraft:movement": {
				"value": 0.2
			},
			"minecraft:ravager_blocked": {
				"knockback_strength": 3.0,
				"reaction_choices": [
					{
						"weight": 1,
						"value": {
							"event": "minecraft:become_stunned",
							"target": "self"
						}
					},
					{
						// Default, large knockback case
						"weight": 1
					}
				]
			},
			"minecraft:behavior.mount_pathing": {
				"priority": 2,
				"target_dist": 0,
				"track_target": true
			},
			"minecraft:nameable": {},
			"minecraft:type_family": {
				"family": [ "monster", "mob" ]
			},
			"minecraft:collision_box": {
				"width": 1.2,
				"height": 3
			},
			"minecraft:movement.basic": {},
			"minecraft:navigation.walk": {},
			"minecraft:jump.static": {},
			"minecraft:can_climb": {},
			"minecraft:health": {
				"value": 300,
				"max": 300
			},
			"minecraft:knockback_resistance": {
				"value": 100
			},
			"minecraft:hurt_on_condition": {
				"damage_conditions": [
					{
						"filters": {
							"test": "in_lava",
							"subject": "self",
							"operator": "==",
							"value": true
						},
						"cause": "lava",
						"damage_per_tick": 4
					}
				]
			},
			"minecraft:breathable": {
				"total_supply": 15,
				"suffocate_time": 0,
				"breathes_air": true,
				"breathes_water": true
			},
			"minecraft:boss": {
				"should_darken_sky": false,
				"name": "§sYeti",
				"hud_range": 55
			},
			"minecraft:attack": {
				"damage": 12
			},
			"minecraft:loot": {
				"table": "loot_tables/entities/yeti.json"
			},
			"minecraft:despawn": {
				"despawn_from_distance": {}
			},
			"minecraft:behavior.melee_attack": {
				"priority": 3
			},
			"minecraft:behavior.random_stroll": {
				"priority": 7
			},
			"minecraft:behavior.look_at_player": {
				"priority": 8,
				"look_distance": 6,
				"probability": 0.02
			},
			"minecraft:behavior.random_look_around": {
				"priority": 9
			},
			"minecraft:behavior.hurt_by_target": {
				"priority": 1
			},
			"minecraft:behavior.nearest_attackable_target": {
				"priority": 2,
				"must_see": true,
				"reselect_targets": true,
				"within_radius": 25,
				"must_see_forget_duration": 17,
				"entity_types": [
					{
						"filters": {
							"any_of": [
								{
									"test": "is_family",
									"subject": "other",
									"value": "player"
								},
								{
									"test": "is_family",
									"subject": "other",
									"value": "snowgolem"
								},
								{
									"test": "is_family",
									"subject": "other",
									"value": "irongolem"
								}
							]
						},
						"max_dist": 35
					}
				]
			},
			"minecraft:physics": {},
			"minecraft:pushable": {
				"is_pushable": true,
				"is_pushable_by_piston": true
			},
			"minecraft:conditional_bandwidth_optimization": {}
		},
		"events": {
			"minecraft:entity_spawned": {
				"add": {
					"component_groups": [
						"minecraft:hostile"
					]
				}
			},
			"minecraft:become_stunned": {
				"add": {
					"component_groups": [
						"stunned"
					]
				},
				"remove": {
					"component_groups": [
						"minecraft:hostile"
					]
				}
			},
			"minecraft:start_roar": {
				"add": {
					"component_groups": [
						"roaring"
					]
				},
				"remove": {
					"component_groups": [
						"stunned"
					]
				}
			},
			"minecraft:end_roar": {
				"add": {
					"component_groups": [
						"minecraft:hostile"
					]
				},
				"remove": {
					"component_groups": [
						"roaring"
					]
				}
			}
		}
	}
}