{
	"format_version": "1.20.50",
	"minecraft:recipe_shaped": {
		"description": {
			"identifier": "chaospack:jetpack"
		},

		"tags": [ "crafting_table" ],
		"pattern": [
			"#P#",
			"RQR"
		],
		"key": {
			"P": {
				"item": "minecraft:string"
			},
			"#": {
				"item": "minecraft:firework_rocket"
			},
			"R": {
				"item": "minecraft:blaze_powder"
			},
			"Q": {
				"item": "minecraft:phantom_membrane"
			}
		},
		"unlock": [
			{
				"item": "minecraft:firework_rocket"
			}
		],
		"result": {
			"item": "chaospack:jetpack"
		}
	}
}