{
	"pools": [
		{
			"rolls": 1,
			"entries": [
				{
					"type": "item",
					"name": "chaospack:yeti_fur",
					"weight": 1,
					"functions": [
						{
							"function": "set_count",
							"count": {
								"min": 1,
								"max": 2
							}
						},
						{
							"function": "looting_enchant",
							"count": {
								"min": 0,
								"max": 2
							}
						}
					]
				}
			]
		},
		{
			"rolls": 2,
			"entries": [
				{
					"type": "item",
					"name": "chaospack:yeti_horn",
					"weight": 1,
					"functions": [
						{
							"function": "set_count",
							"count": {
								"min": 1,
								"max": 2
							}
						},
						{
							"function": "looting_enchant",
							"count": {
								"min": 0,
								"max": 1
							}
						}
					]
				}
			]
		},
		{
			"rolls": 1,
			"entries": [
				{
					"type": "item",
					"name": "chaospack:yeti_trophy",
					"weight": 100,
					"functions": [
						{
							"function": "set_count",
							"count": 1
						}
					]
				}
			]
		}
	]
}