{
  "format_version": "1.20.10",
  "minecraft:recipe_shaped": {
    "description": {
      "identifier": "minecraft:cherry_wood_from_stripped_log"
    },
    "tags": [ "crafting_table" ],
    "group": "wood",
    "pattern": [
      "##",
      "##"
    ],
    "key": {
      "#": {
        "item": "minecraft:stripped_cherry_log"
      }
    },
    "unlock": [
      {
        "item": "minecraft:stripped_cherry_log"
      }
    ],
    "result": {
      "item": "minecraft:stripped_cherry_wood",
      "count": 4
    }
  }
}
