{
  "format_version": "1.20.10",
  "minecraft:recipe_shaped": {
    "description": {
    "identifier": "minecraft:mangrove_wood_stripped"
    },
    "tags": [ "crafting_table" ],
    "group": "wood",
    "pattern": [
      "##",
      "##"
    ],
    "key": {
      "#": {
        "item": "minecraft:stripped_mangrove_log"
      }
    },
	"unlock": [
        {
          "item": "minecraft:stripped_mangrove_log"
        }
    ],
    "result": {
      "item": "minecraft:stripped_mangrove_wood",
      "count": 4
    }
  }
}
