{
	"format_version": "1.20.50",
	"minecraft:recipe_shapeless": {
		"description": {
			"identifier": "chaospack:marshmellow_duck"
		},


		"tags": [ "crafting_table" ],
		"ingredients": [
			{
				"item": "minecraft:honeycomb"
			},
			{
				"item": "minecraft:sugar"
			},
			{
				"item": "chaospack:duck_egg"
			}
		],
		"unlock": [
			{
				"item": "chaospack:duck_egg"
			},
			{
				"item": "minecraft:sugar"
			},
			{
				"item": "minecraft:honeycomb"
			}
		],
		"result": {
			"item": "chaospack:marshmellow"
		}
	}
}