{
  "format_version": "1.20.10",
  "minecraft:recipe_shaped": {
    "description": {
      "identifier": "minecraft:bamboo_planks_from_stripped"
    },
    "tags": [ "crafting_table" ],
    "group": "planks",
    "pattern": [
      "#"
    ],
    "key": {
      "#": {
        "item": "minecraft:stripped_bamboo_block"
      }
    },
    "unlock": [
      {
        "item": "minecraft:stripped_bamboo_block"
      }
    ],
    "result": {
      "item": "chaospack:stripped_bamboo_planks",
      "count": 4
    }
  }
}
