{
	"format_version": "1.20.50",
	"minecraft:recipe_shapeless": {
		"description": {
			"identifier": "chaospack:book"
		},


		"tags": [ "crafting_table" ],
		"ingredients": [
			{
				"item": "minecraft:paper",
				"data": 0
			},
			{
				"item": "minecraft:paper",
				"data": 0
			},
			{
				"item": "minecraft:paper",
				"data": 0
			},
			{
				"item": "chaospack:deer_hide",
				"data": 0
			}
		],
		"unlock": [
			{
				"item": "minecraft:paper",
				"data": 0
			}
		],
		"result": {
			"item": "minecraft:book",
			"count": 1
		}
	}
}
