{
	"format_version": "1.20.50",
	"minecraft:recipe_shaped": {
		"description": {
			"identifier": "chaospack:cadillac_spawn_egg_deer"
		},

		"tags": [ "crafting_table" ],
		"pattern": [
			"###",
			"#GS",
			"PrP"
		],
		"key": {
			"#": {
				"item": "minecraft:blackstone"
			},
			"G": {
				"item": "chaospack:deer_hide"
			},
			"S": {
				"item": "chaospack:steering_wheel"
			},
			"P": {
				"item": "chaospack:wheel"
			},
			"r": {
				"item": "minecraft:lapis_lazuli"
			}
		},
		"unlock": [
			{
				"item": "chaospack:wheel"
			},
			{
				"item": "chaospack:steering_wheel"
			}
		],
		"result": {
			"item": "chaospack:cadillac_spawn_egg",
			"count": 1
		}
	}
}