{
  "format_version": "1.20.10",
  "minecraft:recipe_shaped": {
    "description": {
      "identifier": "chaospack:cake_duck"
    },

    
    "tags": [ "crafting_table" ],
    "pattern": [
      "AAA",
      "BEB",
      "CCC"
    ],
    "key": {
      "A": {
        "item": "minecraft:bucket",
        "data": 1
      },
      "B": {
        "item": "minecraft:sugar"
      },
      "C": {
        "item": "minecraft:wheat"
      },
      "E": {
        "item": "chaospack:duck_egg"
      }
    },
	"unlock": [
    {
      "item": "chaospack:duck_egg"
    }
    ],
    "result": [
      { "item": "minecraft:cake" },
      { "item": "minecraft:bucket", "count": 3, "data": 0 }
    ]
  }
}
