{
	"format_version": "1.20.50",
	"minecraft:recipe_shaped": {
		"description": {
			"identifier": "chaospack:ceiling_fan_light"
		},

		"tags": [ "chaospack:carpentry_bench" ],
		"pattern": [
			" P ",
			"#R#",
			" # "
		],
		"key": {
			"#": {
				"item": "chaospack:metal_sheet"
			},
			"P": {
				"item": "minecraft:chain"
			},
			"R": {
				"item": "minecraft:redstone_lamp"
			}
		},
		"unlock": [
			{
				"item": "chaospack:carpentry_bench"
			}
		],
		"result": {
			"item": "chaospack:fan_light",
			"count": 1
		}
	}
}