{
	"format_version": "1.20.50",
	"minecraft:recipe_shaped": {
		"description": {
			"identifier": "chaospack:cobbled_sandstone"
		},

		"tags": [ "crafting_table" ],
		"pattern": [
			"#P",
			"P#"
		],
		"key": {
			"#": {
				"item": "minecraft:sandstone"
			},
			"P": {
				"item": "minecraft:cobblestone"
			}
		},
		"unlock": [
			{
				"item": "minecraft:sandstone"
			},
			{
				"item": "minecraft:cobblestone"
			}
		],
		"result": {
			"item": "chaospack:cobbled_sandstone",
			"count": 4
		}
	}
}