{
  "format_version": "1.20.10",
  "minecraft:recipe_shapeless": {
    "description": {
    "identifier": "chaospack:concrete_powder"
    },

    "tags": [ "crafting_table" ],
    "group": "concrete_powder",
    "ingredients": [
      {
        "item": "minecraft:sand",
        "data": 0
      },
      {
        "item": "minecraft:sand",
        "data": 0
      },
      {
        "item": "minecraft:sand",
        "data": 0
      },
      {
        "item": "minecraft:sand",
        "data": 0
      },
      {
        "item": "minecraft:gravel"
      },
      {
        "item": "minecraft:gravel"
      },
      {
        "item": "minecraft:gravel"
      },
      {
        "item": "minecraft:gravel"
      }
    ],
	"unlock": [
      {
        "item": "minecraft:gravel"
	  },
	  {
		"item": "minecraft:sand",
		"data": 0
      }
    ],
    "result": {
      "item": "chaospack:concrete_powder",
      "count": 8
    }
  }
}
