{
	"format_version": "1.20.50",
	"minecraft:recipe_shaped": {
		"description": {
			"identifier": "chaospack:cosmic_heart"
		},

		"tags": [ "crafting_table" ],
		"pattern": [
			" A",
			"B#C",
			" D "
		],
		"key": {
			"#": {
				"item": "minecraft:echo_shard"
			},
			"A": {
				"item": "chaospack:not_deer_trophy"
			},
			"B": {
				"item": "chaospack:yeti_trophy"
			},
			"C": {
				"item": "chaospack:pharaoh_sceptre"
			},
			"D": {
				"item": "chaospack:root_whip"
			}
		},
		"unlock": [
			{
				"item": "chaospack:not_deer_trophy"
			},
			{
				"item": "chaospack:yeti_trophy"
			},
			{
				"item": "chaospack:pharaoh_sceptre"
			},
			{
				"item": "chaospack:root_whip"
			}
		],
		"result": {
			"item": "chaospack:cosmic_heart",
			"count": 1
		}
	}
}