{
	"format_version": "1.20.50",
	"minecraft:recipe_shaped": {
		"description": {
			"identifier": "chaospack:deer_head"
		},

		"tags": [ "crafting_table" ],
		"pattern": [
			"P P",
			" # ",
			" # "
		],
		"key": {
			"P": {
				"item": "chaospack:antler"
			},
			"#": {
				"item": "chaospack:deer_hide"
			}
		},
			"unlock": [
				{
					"item": "chaospack:antler"
				},
				{
					"item": "chaospack:deer_hide"
				}
			],
		"result": {
			"item": "chaospack:deer_head",
			"count": 1
		}
	}
}