{
	"format_version": "1.20.50",
	"minecraft:recipe_shaped": {
		"description": {
			"identifier": "chaospack:gingerbread_man"
		},

		"tags": [ "crafting_table" ],
		"pattern": [
			" # ",
			"#P#",
			"S S"
		],
		"key": {
			"#": {
				"item": "chaospack:tree_sap"
			},
			"P": {
				"item": "chaospack:candy_cane"
			},
			"S": {
				"item": "minecraft:sugar"
			}
		},
		"unlock": [
			{
				"item": "chaospack:candy_cane"
			}
		],
		"result": {
			"item": "chaospack:gingerbread_man",
			"count": 4
		}
	}
}