{
	"resource_pack_name": "vanilla",
	"texture_name": "atlas.terrain",
	"padding": 8,
	"num_mip_levels": 4,
	"texture_data": {
		"azurite_rune": {
			"textures": "textures/blocks/alchemy/azurite_rune.png"
		},
		"alchemy_table": {
			"textures": "textures/blocks/alchemy/alchemy_table.png"
		},
		"summoning_salt_three": {
			"textures": "textures/blocks/alchemy/summoning_salt_three.png",
			"tint_color": "#e1d675"
		},
		"summoning_salt_corner": {
			"textures": "textures/blocks/alchemy/summoning_salt_corner.png",
			"tint_color": "#e1d675"
		},
		"summoning_salt_line": {
			"textures": "textures/blocks/redstone_dust_line.png",
			"tint_color": "#e1d675"
		},
		"summoning_salt_cross": {
			"textures": "textures/blocks/redstone_dust_cross.png",
			"tint_color": "#e1d675"
		},
		"sulfur_ore": {
			"textures": "textures/blocks/gem/sulfur_ore.png"
		},
		"large_flower_pot_sunflower": {
			"textures": "textures/blocks/large_pot/large_flower_pot_sunflower.png"
		},
		"large_flower_pot_fern": {
			"textures": "textures/blocks/large_pot/large_flower_pot_fern.png"
		},
		"large_flower_pot_lilac": {
			"textures": "textures/blocks/large_pot/large_flower_pot_lilac.png"
		},
		"large_flower_pot_peony": {
			"textures": "textures/blocks/large_pot/large_flower_pot_peony.png"
		},
		"large_flower_pot_rose": {
			"textures": "textures/blocks/large_pot/large_flower_pot_rose.png"
		},
		"large_flower_pot": {
			"textures": "textures/blocks/large_pot/large_flower_pot.png"
		},
		"maple_door_lower": {
			"textures": "textures/blocks/door/maple_door_lower.png"
		},
		"maple_door_upper": {
			"textures": "textures/blocks/door/maple_door_upper.png"
		},
		"maple_trapdoor": {
			"textures": "textures/blocks/trapdoor/maple_trapdoor.png"
		},
		"maple_fence": {
			"textures": "textures/blocks/fence/maple_fence.png"
		},
		"maple_planks": {
			"textures": "textures/blocks/logs/maple_planks.png"
		},
		"stripped_maple_wood": {
			"textures": "textures/blocks/stripped/stripped_maple_wood.png"
		},
		"stripped_maple_log": {
			"textures": "textures/blocks/stripped/stripped_maple_log.png"
		},
		"maple_wood": {
			"textures": "textures/blocks/logs/maple_wood.png"
		},
		"maple_log": {
			"textures": "textures/blocks/logs/maple_log.png"
		},
		"lavender_door_lower": {
			"textures": "textures/blocks/door/lavender_door_lower.png"
		},
		"lavender_door_upper": {
			"textures": "textures/blocks/door/lavender_door_upper.png"
		},
		"lavender_trapdoor": {
			"textures": "textures/blocks/trapdoor/lavender_trapdoor.png"
		},
		"lavender_fence": {
			"textures": "textures/blocks/fence/lavender_fence.png"
		},
		"lavender_planks": {
			"textures": "textures/blocks/logs/lavender_planks.png"
		},
		"stripped_lavender_wood": {
			"textures": "textures/blocks/stripped/stripped_lavender_wood.png"
		},
		"stripped_lavender_log": {
			"textures": "textures/blocks/stripped/stripped_lavender_log.png"
		},
		"lavender_wood": {
			"textures": "textures/blocks/logs/lavender_wood.png"
		},
		"lavender_log": {
			"textures": "textures/blocks/logs/lavender_log.png"
		},
		"sheet_metal_trapdoor": {
			"textures": "textures/blocks/trapdoor/sheet_metal_trapdoor.png"
		},
		"sheet_metal_door_upper": {
			"textures": "textures/blocks/door/sheet_metal_door_upper.png"
		},
		"sheet_metal_door_lower": {
			"textures": "textures/blocks/door/sheet_metal_door_lower.png"
		},
		"chorus_door_upper": {
			"textures": "textures/blocks/door/chorus_door_upper.png"
		},
		"chorus_door_lower": {
			"textures": "textures/blocks/door/chorus_door_lower.png"
		},
		"chorus_trapdoor": {
			"textures": "textures/blocks/trapdoor/chorus_trapdoor.png"
		},
		"chorus_fence": {
			"textures": "textures/blocks/fence/chorus_fence.png"
		},
		"stripped_chorus_wood": {
			"textures": "textures/blocks/stripped/stripped_chorus_wood.png"
		},
		"stripped_chorus_stem": {
			"textures": "textures/blocks/stripped/stripped_chorus_stem.png"
		},
		"radio": {
			"textures": "textures/blocks/radio.png"
		},
		"cash_register": {
			"textures": "textures/blocks/cash_register.png"
		},
		"shop_bell": {
			"textures": "textures/blocks/shop_bell.png"
		},
		"living_moss_spawn": {
			"textures": "textures/blocks/boss_spawns/living_moss_spawn.png"
		},
		"solumn_spawn": {
			"textures": "textures/blocks/boss_spawns/solumn_spawn.png"
		},
		"not_deer_spawn": {
			"textures": "textures/blocks/boss_spawns/not_deer_spawn.png"
		},
		"pharaoh_spawn": {
			"textures": "textures/blocks/boss_spawns/pharaoh_spawn.png"
		},
		"yeti_spawn": {
			"textures": "textures/blocks/boss_spawns/yeti_spawn.png"
		},
		"buttercup": {
			"textures": "textures/blocks/buttercup.png"
		},
		"amethyst_bricks": {
			"textures": "textures/blocks/bricks/amethyst_bricks.png"
		},
		"autumn_leaves": {
			"textures": "textures/blocks/leaves/autumn_leaves.png"
		},
		"andesite_bricks": {
			"textures": "textures/blocks/bricks/andesite_bricks.png"
		},
		"andesite_pillar": {
			"textures": "textures/blocks/pillar/andesite_pillar.png"
		},
		"bamboo_wood": {
			"textures": "textures/blocks/bamboo_block"
		},
		"basalt_bricks": {
			"textures": "textures/blocks/bricks/basalt_bricks.png"
		},
		"beacon_shell": {
			"textures": "textures/blocks/glass/fancy_glass"
		},
		"bin_outdoor": {
			"textures": "textures/blocks/city/bin_outdoor.png"
		},
		"black_wallpaper": {
			"textures": "textures/blocks/wallpaper/black_wallpaper.png"
		},
		"blackstone_pillar": {
			"textures": "textures/blocks/pillar/blackstone_pillar.png"
		},
		"blackstone_tiles": {
			"textures": "textures/blocks/tiles/blackstone_tiles.png"
		},
		"blue_wallpaper": {
			"textures": "textures/blocks/wallpaper/blue_wallpaper.png"
		},
		"bookshelf": {
			"textures": {
				"variations": [
					{ "path": "textures/blocks/bookshelf/bookshelf.png" },
					{ "path": "textures/blocks/bookshelf/bookshelf2.png" },
					{ "path": "textures/blocks/bookshelf/bookshelf3.png" },
					{ "path": "textures/blocks/bookshelf/bookshelf4.png" },
					{ "path": "textures/blocks/bookshelf/bookshelf5.png" }
				]
			}
		},
		"bordered_glass": {
			"textures": "textures/blocks/glass/bordered/bordered_glass.png"
		},
		"bordered_glass_n1": {
			"textures": "textures/blocks/glass/bordered/bordered_glass_n1.png"
		},
		"bordered_glass_a1": {
			"textures": "textures/blocks/glass/bordered/bordered_glass_a1.png"
		},
		"bordered_glass_l1": {
			"textures": "textures/blocks/glass/bordered/bordered_glass_l1.png"
		},
		"bordered_glass_sm1": {
			"textures": "textures/blocks/glass/bordered/bordered_glass_sm1.png"
		},
		"bordered_glass_m1": {
			"textures": "textures/blocks/glass/bordered/bordered_glass_m1.png"
		},
		"bordered_glass_d": {
			"textures": "textures/blocks/glass/bordered/bordered_glass_d.png"
		},
		"bordered_glass_n2": {
			"textures": "textures/blocks/glass/bordered/bordered_glass_n2.png"
		},
		"bordered_glass_a2": {
			"textures": "textures/blocks/glass/bordered/bordered_glass_a2.png"
		},
		"bordered_glass_l2": {
			"textures": "textures/blocks/glass/bordered/bordered_glass_l2.png"
		},
		"bordered_glass_sm2": {
			"textures": "textures/blocks/glass/bordered/bordered_glass_sm2.png"
		},
		"bordered_glass_m2": {
			"textures": "textures/blocks/glass/bordered/bordered_glass_m2.png"
		},
		"bordered_glass_u": {
			"textures": "textures/blocks/glass/bordered/bordered_glass_u.png"
		},
		"bordered_glass_n3": {
			"textures": "textures/blocks/glass/bordered/bordered_glass_n3.png"
		},
		"bordered_glass_a3": {
			"textures": "textures/blocks/glass/bordered/bordered_glass_a3.png"
		},
		"bordered_glass_l3": {
			"textures": "textures/blocks/glass/bordered/bordered_glass_l3.png"
		},
		"bordered_glass_sm3": {
			"textures": "textures/blocks/glass/bordered/bordered_glass_sm3.png"
		},
		"bordered_glass_m3": {
			"textures": "textures/blocks/glass/bordered/bordered_glass_m3.png"
		},
		"bordered_glass_ud": {
			"textures": "textures/blocks/glass/bordered/bordered_glass_ud.png"
		},
		"bordered_glass_n4": {
			"textures": "textures/blocks/glass/bordered/bordered_glass_n4.png"
		},
		"bordered_glass_a4": {
			"textures": "textures/blocks/glass/bordered/bordered_glass_a4.png"
		},
		"bordered_glass_l4": {
			"textures": "textures/blocks/glass/bordered/bordered_glass_l4.png"
		},
		"bordered_glass_sm4": {
			"textures": "textures/blocks/glass/bordered/bordered_glass_sm4.png"
		},
		"chilled_stone": {
			"textures": "textures/blocks/stone/chilled_stone.png"
		},
		"empty": {
			"textures": "textures/blocks/empty.png"
		},
		"table_glass": {
			"textures": "textures/blocks/glass/table/bordered_glass.png"
		},
		"table_glass_down": {
			"textures": "textures/blocks/glass/table/bordered_glass_down.png"
		},
		"table_glass_ds": {
			"textures": "textures/blocks/glass/table/bordered_glass_ds.png"
		},
		"table_glass_up": {
			"textures": "textures/blocks/glass/table/bordered_glass_up.png"
		},
		"table_glass_us": {
			"textures": "textures/blocks/glass/table/bordered_glass_us.png"
		},
		"table_glass_ud": {
			"textures": "textures/blocks/glass/table/bordered_glass_ud.png"
		},
		"table_glass_left": {
			"textures": "textures/blocks/glass/table/bordered_glass_left.png"
		},
		"table_glass_ld": {
			"textures": "textures/blocks/glass/table/bordered_glass_ld.png"
		},
		"table_glass_ls": {
			"textures": "textures/blocks/glass/table/bordered_glass_ls.png"
		},
		"table_glass_lu": {
			"textures": "textures/blocks/glass/table/bordered_glass_lu.png"
		},
		"table_glass_lr": {
			"textures": "textures/blocks/glass/table/bordered_glass_lr.png"
		},
		"table_glass_right": {
			"textures": "textures/blocks/glass/table/bordered_glass_right.png"
		},
		"table_glass_rd": {
			"textures": "textures/blocks/glass/table/bordered_glass_rd.png"
		},
		"table_glass_rs": {
			"textures": "textures/blocks/glass/table/bordered_glass_rs.png"
		},
		"table_glass_ru": {
			"textures": "textures/blocks/glass/table/bordered_glass_ru.png"
		},
		"table_glass_middle": {
			"textures": "textures/blocks/glass/table/bordered_glass_middle.png"
		},
		"brown_wallpaper": {
			"textures": "textures/blocks/wallpaper/brown_wallpaper.png"
		},
		"carpentry_bench": {
			"textures": "textures/blocks/carpentry_bench.png"
		},
		"checkered_tile": {
			"textures": "textures/blocks/tiles/checkered_tile.png"
		},
		"chest_inventory": {
			"textures": [
				"textures/blocks/chests/chest_top",
				"textures/blocks/chests/chest_side",
				"textures/blocks/chests/chest_front"
			]
		},
		"ceiling_fan_light_on": {
			"textures": [
				"textures/blocks/lights/ceiling_fan_light_on"
			]
		},
		"ceiling_fan_light_off": {
			"textures": [
				"textures/blocks/lights/ceiling_fan_light_off"
			]
		},
		"chest_inventory_top": {
			"textures": [
				"textures/blocks/chests/chest_top"
			]
		},
		"chest_inventory_side": {
			"textures": [
				"textures/blocks/chests/chest_side"
			]
		},
		"chest_inventory_front": {
			"textures": [
				"textures/blocks/chests/chest_front"
			]
		},
		"alarm_clock_0": {
			"textures": "textures/blocks/clocks/alarm/alarm_clock_0.png"
		},
		"alarm_clock_1": {
			"textures": "textures/blocks/clocks/alarm/alarm_clock_1.png"
		},
		"alarm_clock_2": {
			"textures": "textures/blocks/clocks/alarm/alarm_clock_2.png"
		},
		"alarm_clock_3": {
			"textures": "textures/blocks/clocks/alarm/alarm_clock_3.png"
		},
		"alarm_clock_4": {
			"textures": "textures/blocks/clocks/alarm/alarm_clock_4.png"
		},
		"alarm_clock_5": {
			"textures": "textures/blocks/clocks/alarm/alarm_clock_5.png"
		},
		"alarm_clock_6": {
			"textures": "textures/blocks/clocks/alarm/alarm_clock_6.png"
		},
		"alarm_clock_7": {
			"textures": "textures/blocks/clocks/alarm/alarm_clock_7.png"
		},
		"alarm_clock_8": {
			"textures": "textures/blocks/clocks/alarm/alarm_clock_8.png"
		},
		"alarm_clock_9": {
			"textures": "textures/blocks/clocks/alarm/alarm_clock_9.png"
		},
		"alarm_clock_10": {
			"textures": "textures/blocks/clocks/alarm/alarm_clock_10.png"
		},
		"alarm_clock_11": {
			"textures": "textures/blocks/clocks/alarm/alarm_clock_11.png"
		},
		"alarm_clock_12": {
			"textures": "textures/blocks/clocks/alarm/alarm_clock_12.png"
		},
		"alarm_clock_13": {
			"textures": "textures/blocks/clocks/alarm/alarm_clock_13.png"
		},
		"alarm_clock_14": {
			"textures": "textures/blocks/clocks/alarm/alarm_clock_14.png"
		},
		"alarm_clock_15": {
			"textures": "textures/blocks/clocks/alarm/alarm_clock_15.png"
		},
		"alarm_clock_16": {
			"textures": "textures/blocks/clocks/alarm/alarm_clock_16.png"
		},
		"alarm_clock_17": {
			"textures": "textures/blocks/clocks/alarm/alarm_clock_17.png"
		},
		"alarm_clock_18": {
			"textures": "textures/blocks/clocks/alarm/alarm_clock_18.png"
		},
		"alarm_clock_19": {
			"textures": "textures/blocks/clocks/alarm/alarm_clock_19.png"
		},
		"alarm_clock_20": {
			"textures": "textures/blocks/clocks/alarm/alarm_clock_20.png"
		},
		"alarm_clock_21": {
			"textures": "textures/blocks/clocks/alarm/alarm_clock_21.png"
		},
		"alarm_clock_22": {
			"textures": "textures/blocks/clocks/alarm/alarm_clock_22.png"
		},
		"alarm_clock_23": {
			"textures": "textures/blocks/clocks/alarm/alarm_clock_23.png"
		},
		"antique_clock_0": {
			"textures": "textures/blocks/clocks/antique/antique_clock_0.png"
		},
		"antique_clock_1": {
			"textures": "textures/blocks/clocks/antique/antique_clock_1.png"
		},
		"antique_clock_2": {
			"textures": "textures/blocks/clocks/antique/antique_clock_2.png"
		},
		"antique_clock_3": {
			"textures": "textures/blocks/clocks/antique/antique_clock_3.png"
		},
		"antique_clock_4": {
			"textures": "textures/blocks/clocks/antique/antique_clock_4.png"
		},
		"antique_clock_5": {
			"textures": "textures/blocks/clocks/antique/antique_clock_5.png"
		},
		"antique_clock_6": {
			"textures": "textures/blocks/clocks/antique/antique_clock_6.png"
		},
		"antique_clock_7": {
			"textures": "textures/blocks/clocks/antique/antique_clock_7.png"
		},
		"antique_clock_8": {
			"textures": "textures/blocks/clocks/antique/antique_clock_8.png"
		},
		"antique_clock_9": {
			"textures": "textures/blocks/clocks/antique/antique_clock_9.png"
		},
		"antique_clock_10": {
			"textures": "textures/blocks/clocks/antique/antique_clock_10.png"
		},
		"antique_clock_11": {
			"textures": "textures/blocks/clocks/antique/antique_clock_11.png"
		},
		"crate": {
			"textures": "textures/blocks/crate.png"
		},
		"trapped_chest_inventory_front": {
			"textures": [
				"textures/blocks/chests/trapped_chest_front"
			]
		},
		"chorus_planks": {
			"textures": "textures/blocks/chorus_planks.png"
		},
		"chorus_stem": {
			"textures": "textures/blocks/chorus_stem.png"
		},
		"chorus_wood": {
			"textures": "textures/blocks/chorus_wood.png"
		},
		"cobbled_sandstone": {
			"textures": "textures/blocks/stone/cobbled_sandstone.png"
		},
		"concrete_powder": {
			"textures": "textures/blocks/city/concrete_powder.png"
		},
		"cookie_jar": {
			"textures": "textures/blocks/jars/cookie_jar.png"
		},
		"crimson_nylium_side": {
			"textures": "textures/blocks/crimson_nylium_top"
		},
		"cut_sheet_metal": {
			"textures": "textures/blocks/industry/cut_sheet_metal.png"
		},
		"cyan_wallpaper": {
			"textures": "textures/blocks/wallpaper/cyan_wallpaper.png"
		},
		"dark_bricks": {
			"textures": "textures/blocks/bricks/dark_bricks.png"
		},
		"deepslate_fossil_ore": {
			"textures": "textures/blocks/fossils/deepslate_fossil_ore.png"
		},
		"deepslate_pillar": {
			"textures": "textures/blocks/pillar/deepslate_pillar.png"
		},
		"deepslate_pattern": {
			"textures": "textures/blocks/tiles/deepslate_pattern.png"
		},
		"deer_head": {
			"textures": "textures/blocks/trophy/deer_head.png"
		},
		"diamond_glass": {
			"textures": "textures/blocks/glass/diamond_glass"
		},
		"diorite_bricks": {
			"textures": "textures/blocks/bricks/diorite_bricks.png"
		},
		"diorite_pillar": {
			"textures": "textures/blocks/pillar/diorite_pillar.png"
		},
		"dirt_podzol_side": {
			"textures": "textures/blocks/dirt_podzol_top"
		},
		"dirtstone": {
			"textures": "textures/blocks/stone/dirtstone.png"
		},
		"doorbell": {
			"textures": "textures/blocks/doorbell.png"
		},
		"elevator": {
			"textures": "textures/blocks/industry/elevator.png"
		},
		"eldritch_rubber_ducky": {
			"textures": "textures/blocks/eldritch_rubber_ducky.png"
		},
		"ender_block": {
			"textures": "textures/blocks/gem/ender_block.png"
		},
		"ender_ore": {
			"textures": "textures/blocks/gem/ender_ore.png"
		},
		"eye_jar": {
			"textures": "textures/blocks/jars/eye_jar.png"
		},
		"garage_door": {
			"textures": "textures/blocks/city/garage_door.png"
		},
		"glass_jar": {
			"textures": "textures/blocks/jars/glass_jar.png"
		},
		"granite_pillar": {
			"textures": "textures/blocks/pillar/granite_pillar.png"
		},
		"grass_carried": {
			"textures": {
				"path": "textures/blocks/grass_top",
				"overlay_color": "#79c05a"
			}
		},
		"grass_path_side": {
			"textures": [
				"textures/blocks/grass_path_top"
			]
		},
		"grass_side": {
			"textures": [
				{
					"path": "textures/blocks/grass_top",
					"overlay_color": "#79c05a"
				},
				{
					"path": "textures/blocks/grass_top",
					"overlay_color": "#8ab689"
				},
				{
					"path": "textures/blocks/grass_top",
					"overlay_color": "#bfb755"
				},
				{
					"path": "textures/blocks/grass_top",
					"overlay_color": "#59c93c"
				},
				{
					"path": "textures/blocks/grass_top",
					"overlay_color": "#55c93f"
				},
				{
					"path": "textures/blocks/grass_top",
					"overlay_color": "#88bb66"
				},
				{
					"path": "textures/blocks/grass_top",
					"overlay_color": "#86b87f"
				},
				{
					"path": "textures/blocks/grass_top",
					"overlay_color": "#64c73f"
				},
				{
					"path": "textures/blocks/grass_top",
					"overlay_color": "#86b783"
				},
				{
					"path": "textures/blocks/grass_top",
					"overlay_color": "#83b593"
				},
				{
					"path": "textures/blocks/grass_top",
					"overlay_color": "#80b497"
				},
				{
					"path": "textures/blocks/grass_top",
					"overlay_color": "#91bd59"
				},
				{
					"path": "textures/blocks/grass_top",
					"overlay_color": "#90814d"
				},
				{
					"path": "textures/blocks/grass_top",
					"overlay_color": "#8eb971"
				},
				{
					"path": "textures/blocks/grass_top",
					"overlay_color": "#6a7039"
				},
				{
					"path": "textures/blocks/grass_top",
					"overlay_color": "#507a32"
				},
				{
					"path": "textures/blocks/grass_top",
					"overlay_color": "#778272"
				},
				"textures/blocks/snow"
			]
		},
		"gravestone": {
			"textures": "textures/entity/gravestone.png"
		},
		"green_wallpaper": {
			"textures": "textures/blocks/wallpaper/green_wallpaper.png"
		},
		"grey_wallpaper": {
			"textures": "textures/blocks/wallpaper/grey_wallpaper.png"
		},
		"fancy_glass": {
			"textures": "textures/blocks/glass/fancy_glass.png"
		},
		"farmland_side": {
			"textures": [
				"textures/blocks/farmland_wet",
				"textures/blocks/farmland_dry"
			]
		},
		"firefly_jar": {
			"textures": "textures/blocks/jars/firefly_jar.png"
		},
		"flint_stone": {
			"textures": "textures/blocks/stone/flint_stone.png"
		},
		"fluorescent_light": {
			"textures": "textures/blocks/lights/fluorescent_light.png"
		},
		"fluorescent_light_off": {
			"textures": "textures/blocks/lights/fluorescent_light_off.png"
		},
		"glowshroom": {
			"textures": "textures/blocks/glowshroom.png"
		},
		"granite_bricks": {
			"textures": "textures/blocks/bricks/granite_bricks.png"
		},
		"hazard_tape": {
			"textures": "textures/blocks/industry/hazard_tape.png"
		},
		"head_jar": {
			"textures": "textures/blocks/jars/head_jar.png"
		},
		"honeycomb_bricks": {
			"textures": "textures/blocks/bricks/honeycomb_bricks.png"
		},
		"icicle_down_base": {
			"textures": "textures/blocks/icicle/icicle_down_base.png"
		},
		"icicle_frustrum_down": {
			"textures": "textures/blocks/icicle/icicle_frustrum_down.png"
		},
		"icicle_down_merge": {
			"textures": "textures/blocks/icicle/icicle_down_merge.png"
		},
		"icicle_down_middle": {
			"textures": "textures/blocks/icicle/icicle_down_middle.png"
		},
		"icicle_down_point": {
			"textures": "textures/blocks/icicle/icicle_down_point.png"
		},
		"icicle_up_base": {
			"textures": "textures/blocks/icicle/icicle_up_base.png"
		},
		"icicle_frustrum_up": {
			"textures": "textures/blocks/icicle/icicle_frustrum_up.png"
		},
		"icicle_up_merge": {
			"textures": "textures/blocks/icicle/icicle_up_merge.png"
		},
		"icicle_up_middle": {
			"textures": "textures/blocks/icicle/icicle_up_middle.png"
		},
		"icicle_up_point": {
			"textures": "textures/blocks/icicle/icicle_up_point.png"
		},
		"incubator": {
			"textures": "textures/blocks/fossils/incubator.png"
		},
		"industrial_fan": {
			"textures": "textures/blocks/industry/industrial_fan.png"
		},
		"lab_tile_black": {
			"textures": "textures/blocks/lab/lab_tile_black.png"
		},
		"lab_tile_white": {
			"textures": "textures/blocks/lab/lab_tile_white.png"
		},
		"lamp_ochre": {
			"textures": "textures/blocks/lights/lamp_ochre.png"
		},
		"lamp_pearlescent": {
			"textures": "textures/blocks/lights/lamp_pearlescent.png"
		},
		"lamp_verdant": {
			"textures": "textures/blocks/lights/lamp_verdant.png"
		},
		"lavender_leaves": {
			"textures": "textures/blocks/leaves/lavender_leaves.png"
		},
		"light_blue_wallpaper": {
			"textures": "textures/blocks/wallpaper/light_blue_wallpaper.png"
		},
		"light_grey_wallpaper": {
			"textures": "textures/blocks/wallpaper/light_grey_wallpaper.png"
		},
		"lime_wallpaper": {
			"textures": "textures/blocks/wallpaper/lime_wallpaper.png"
		},
		"log_walls": {
			"textures": "textures/blocks/log_walls.png"
		},
		"magenta_wallpaper": {
			"textures": "textures/blocks/wallpaper/magenta_wallpaper.png"
		},
		"maple_leaves": {
			"textures": "textures/blocks/leaves/maple_leaves.png"
		},
		"mud_tiles": {
			"textures": "textures/blocks/tiles/mud_tiles.png"
		},
		"mycelium_side": {
			"textures": [
				"textures/blocks/mycelium_top",
				"textures/blocks/snow"
			]
		},
		"nether_brick_pillar": {
			"textures": "textures/blocks/pillar/nether_brick_pillar.png"
		},
		"not_deer_trophy": {
			"textures": "textures/blocks/trophy/not_deer_trophy.png"
		},
		"obsidian_bricks": {
			"textures": "textures/blocks/bricks/obsidian_bricks.png"
		},
		"orange_wallpaper": {
			"textures": "textures/blocks/wallpaper/orange_wallpaper.png"
		},
		"pale_bricks": {
			"textures": "textures/blocks/bricks/pale_bricks.png"
		},
		"panel_fence": {
			"textures": "textures/blocks/panel_fence.png"
		},
		"acacia_fence": {
			"textures": "textures/blocks/fence/acacia_fence.png"
		},
		"birch_fence": {
			"textures": "textures/blocks/fence/birch_fence.png"
		},
		"cherry_fence": {
			"textures": "textures/blocks/fence/cherry_fence.png"
		},
		"crimson_fence": {
			"textures": "textures/blocks/fence/crimson_fence.png"
		},
		"dark_oak_fence": {
			"textures": "textures/blocks/fence/dark_oak_fence.png"
		},
		"jungle_fence": {
			"textures": "textures/blocks/fence/jungle_fence.png"
		},
		"mangrove_fence": {
			"textures": "textures/blocks/fence/mangrove_fence.png"
		},
		"oak_fence": {
			"textures": "textures/blocks/fence/oak_fence.png"
		},
		"pale_oak_fence": {
			"textures": "textures/blocks/fence/pale_oak_fence.png"
		},
		"spruce_fence": {
			"textures": "textures/blocks/fence/spruce_fence.png"
		},
		"warped_fence": {
			"textures": "textures/blocks/fence/warped_fence.png"
		},
		"asphalt": {
			"textures": "textures/blocks/city/asphalt.png"
		},
		"pavement": {
			"textures": "textures/blocks/city/pavement.png"
		},
		"parking_space": {
			"textures": "textures/blocks/concrete_white.png"
		},
		"pillow": {
			"textures": "textures/blocks/wool_colored_white.png"
		},
		"pink_wallpaper": {
			"textures": "textures/blocks/wallpaper/pink_wallpaper.png"
		},
		"pizza": {
			"textures": "textures/blocks/food/pizza.png"
		},
		"polished_glowstone": {
			"textures": "textures/blocks/lights/polished_glowstone.png"
		},
		"polished_glowstone_off": {
			"textures": "textures/blocks/lights/polished_glowstone_off.png"
		},
		"poster_calendar": {
			"textures": "textures/blocks/posters/poster_calendar.png"
		},
		"poster_eye": {
			"textures": "textures/blocks/posters/poster_eye.png"
		},
		"poster_mouth": {
			"textures": "textures/blocks/posters/poster_mouth.png"
		},
		"purple_wallpaper": {
			"textures": "textures/blocks/wallpaper/purple_wallpaper.png"
		},
		"purpur_bricks": {
			"textures": "textures/blocks/bricks/purpur_bricks.png"
		},
		"railing_wood": {
			"textures": "textures/blocks/planks_spruce.png"
		},
		"railing_steel": {
			"textures": "textures/blocks/railing_steel.png"
		},
		"ratstone_block": {
			"textures": "textures/blocks/gem/ratstone_block.png"
		},
		"red_nether_brick_pillar": {
			"textures": "textures/blocks/pillar/red_nether_brick_pillar.png"
		},
		"red_sandstone_bricks": {
			"textures": "textures/blocks/bricks/red_sandstone_bricks.png"
		},
		"red_wallpaper": {
			"textures": "textures/blocks/wallpaper/red_wallpaper.png"
		},
		"regent_tiles": {
			"textures": "textures/blocks/tiles/regent_tiles.png"
		},
		"reinforced_glass": {
			"textures": "textures/blocks/glass/reinforced_glass.png"
		},
		"sandstone_bricks": {
			"textures": "textures/blocks/bricks/sandstone_bricks.png"
		},
		"sheet_metal_block": {
			"textures": "textures/blocks/industry/sheet_metal_block.png"
		},
		"sheet_metal_grate": {
			"textures": "textures/blocks/industry/sheet_metal_grate.png"
		},
		"skull_candle": {
			"textures": "textures/blocks/skull_candle.png"
		},
		"smooth_andesite": {
			"textures": "textures/blocks/stone/smooth_andesite.png"
		},
		"smooth_diorite": {
			"textures": "textures/blocks/stone/smooth_diorite.png"
		},
		"smooth_granite": {
			"textures": "textures/blocks/stone/smooth_granite.png"
		},
		"solumn_trophy": {
			"textures": "textures/blocks/trophy/solumn_trophy.png"
		},
		"spring_leaves": {
			"textures": "textures/blocks/leaves/spring_leaves.png"
		},
		"stair_railing": {
			"textures": "textures/blocks/planks_spruce.png"
		},
		"stardust_block": {
			"textures": "textures/blocks/gem/stardust_block.png"
		},
		"starfruit_stage_0": {
			"textures": [
				"textures/blocks/starfruit/starfruit_stage_0"
			]
		},
		"starfruit_stage_1": {
			"textures": [
				"textures/blocks/starfruit/starfruit_stage_1"
			]
		},
		"starfruit_stage_2": {
			"textures": [
				"textures/blocks/starfruit/starfruit_stage_2"
			]
		},
		"starfruit_stage_3": {
			"textures": [
				"textures/blocks/starfruit/starfruit_stage_3"
			]
		},
		"stone_pillar": {
			"textures": "textures/blocks/pillar/stone_pillar.png"
		},
		"stone_tiles": {
			"textures": "textures/blocks/tiles/stone_tiles.png"
		},
		"steel_fence": {
			"textures": "textures/blocks/fence/steel_fence.png"
		},
		"street_lamp": {
			"textures": "textures/blocks/street_lamp/street_lamp.png"
		},
		"street_lamp_off": {
			"textures": "textures/blocks/street_lamp/street_lamp_off.png"
		},
		"street_lamp_base": {
			"textures": "textures/blocks/street_lamp/street_lamp_base.png"
		},
		"street_lamp_body": {
			"textures": "textures/blocks/street_lamp/street_lamp_body.png"
		},
		"stripped_acacia_log_top": {
			"textures": "textures/blocks/stripped/stripped_acacia_log_top"
		},
		"stripped_acacia_log_side": {
			"textures": "textures/blocks/stripped/stripped_acacia_log"
		},
		"stripped_bamboo_block": {
			"textures": "textures/blocks/stripped/stripped_bamboo_block"
		},
		"stripped_bamboo_block_top": {
			"textures": "textures/blocks/stripped/stripped_bamboo_block_top"
		},
		"stripped_bamboo_planks": {
			"textures": "textures/blocks/stripped_bamboo_planks.png"
		},
		"stripped_bamboo_wood": {
			"textures": "textures/blocks/stripped/stripped_bamboo_block"
		},
		"stripped_birch_log_top": {
			"textures": "textures/blocks/stripped/stripped_birch_log_top"
		},
		"stripped_birch_log_side": {
			"textures": "textures/blocks/stripped/stripped_birch_log"
		},
		"stripped_cherry_log_top": {
			"textures": "textures/blocks/stripped/stripped_cherry_log_top"
		},
		"stripped_dark_oak_log_top": {
			"textures": "textures/blocks/stripped/stripped_dark_oak_log_top"
		},
		"stripped_dark_oak_log_side": {
			"textures": "textures/blocks/stripped/stripped_dark_oak_log"
		},
		"stripped_jungle_log_top": {
			"textures": "textures/blocks/stripped/stripped_jungle_log_top"
		},
		"stripped_jungle_log_side": {
			"textures": "textures/blocks/stripped/stripped_jungle_log"
		},
		"stripped_mangrove_log_top": {
			"textures": "textures/blocks/stripped/stripped_mangrove_log_top"
		},
		"stripped_oak_log_top": {
			"textures": "textures/blocks/stripped/stripped_oak_log_top"
		},
		"stripped_oak_log_side": {
			"textures": "textures/blocks/stripped/stripped_oak_log"
		},
		"stripped_pale_oak_log_top": {
			"textures": "textures/blocks/stripped/stripped_pale_oak_log_top"
		},
		"stripped_spruce_log_top": {
			"textures": "textures/blocks/stripped/stripped_spruce_log_top"
		},
		"stripped_spruce_log_side": {
			"textures": "textures/blocks/stripped/stripped_spruce_log"
		},
		"stripped_oak_wood": {
			"textures": "textures/blocks/stripped/stripped_oak_log"
		},
		"stripped_spruce_wood": {
			"textures": "textures/blocks/stripped/stripped_spruce_log"
		},
		"stripped_birch_wood": {
			"textures": "textures/blocks/stripped/stripped_birch_log"
		},
		"stripped_jungle_wood": {
			"textures": "textures/blocks/stripped/stripped_jungle_log"
		},
		"stripped_acacia_wood": {
			"textures": "textures/blocks/stripped/stripped_acacia_log"
		},
		"stripped_dark_oak_wood": {
			"textures": "textures/blocks/stripped/stripped_dark_oak_log"
		},
		"tarmac": {
			"textures": "textures/blocks/city/tarmac.png"
		},
		"acacia_trapdoor": {
			"textures": "textures/blocks/trapdoor/acacia_trapdoor"
		},
		"birch_trapdoor": {
			"textures": "textures/blocks/trapdoor/birch_trapdoor"
		},
		"jungle_trapdoor": {
			"textures": "textures/blocks/trapdoor/jungle_trapdoor"
		},
		"spruce_trapdoor": {
			"textures": "textures/blocks/trapdoor/spruce_trapdoor"
		},
		"iron_trapdoor": {
			"textures": "textures/blocks/trapdoor/iron_trapdoor"
		},
		"mangrove_trapdoor": {
			"textures": "textures/blocks/trapdoor/mangrove_trapdoor"
		},
		"bamboo_trapdoor": {
			"textures": "textures/blocks/trapdoor/bamboo_trapdoor"
		},
		"cherry_trapdoor": {
			"textures": "textures/blocks/trapdoor/cherry_trapdoor"
		},
		"table_cloth": {
			"textures": "textures/blocks/table_cloth"
		},
		"teddy_bear": {
			"textures": "textures/blocks/teddy_bear.png"
		},
		"teleportal": {
			"textures": "textures/blocks/teleportal.png"
		},
		"tool_area": {
			"textures": "textures/blocks/tools/tool_area.png"
		},
		"tool_circle": {
			"textures": "textures/blocks/tools/tool_circle.png"
		},
		"tool_line": {
			"textures": "textures/blocks/tools/tool_line.png"
		},
		"tv_off": {
			"textures": "textures/blocks/tv/tv_off.png"
		},
		"tv_car": {
			"textures": "textures/blocks/tv/tv_car.png"
		},
		"tv_news": {
			"textures": "textures/blocks/tv/tv_news.png"
		},
		"tv_error": {
			"textures": "textures/blocks/tv/tv_error.png"
		},
		"tv_pong": {
			"textures": "textures/blocks/tv/tv_pong.png"
		},
		"tv_chickenjockey": {
			"textures": "textures/blocks/tv/tv_chickenjockey.png"
		},
		"tv_duck": {
			"textures": "textures/blocks/tv/tv_duck.png"
		},
		"twin_wall_light": {
			"textures": "textures/blocks/lights/twin_wall_light.png"
		},
		"twin_wall_light_off": {
			"textures": "textures/blocks/lights/twin_wall_light_off.png"
		},
		"varied_bricks": {
			"textures": {
				"variations": [
					{ "path": "textures/blocks/bricks/varied_bricks1" },
					{ "path": "textures/blocks/bricks/varied_bricks2" },
					{ "path": "textures/blocks/bricks/varied_bricks3" },
					{ "path": "textures/blocks/bricks/varied_bricks4" },
					{ "path": "textures/blocks/bricks/varied_bricks5" }
				]
			}
		},
		"wall_lamp": {
			"textures": "textures/blocks/lights/wall_lamp.png"
		},
		"wall_lamp_off": {
			"textures": "textures/blocks/lights/wall_lamp_off.png"
		},
		"warped_nylium_side": {
			"textures": "textures/blocks/warped_nylium_top"
		},
		"waterlily": {
			"textures": {
				"variations": [
					{
						"path": "textures/blocks/waterlily/waterlily",
						"tint_color": "#208030"
					},
					{
						"path": "textures/blocks/waterlily/waterlily2",
						"tint_color": "#208030"
					},
					{
						"path": "textures/blocks/waterlily/waterlily",
						"tint_color": "#0d3c15"
					},
					{
						"path": "textures/blocks/waterlily/waterlily2",
						"tint_color": "#0d3c15"
					}
				]
			}
		},
		"white_wallpaper": {
			"textures": "textures/blocks/wallpaper/white_wallpaper.png"
		},
		"wood": {
			"textures": [
				"textures/blocks/log_oak",
				"textures/blocks/stripped/stripped_oak_log",
				"textures/blocks/log_spruce",
				"textures/blocks/stripped/stripped_spruce_log",
				"textures/blocks/log_birch",
				"textures/blocks/stripped/stripped_birch_log",
				"textures/blocks/log_jungle",
				"textures/blocks/stripped/stripped_jungle_log",
				"textures/blocks/log_acacia",
				"textures/blocks/stripped/stripped_acacia_log",
				"textures/blocks/log_big_oak",
				"textures/blocks/stripped/stripped_dark_oak_log"
			]
		},
		"wood_banister": {
			"textures": "textures/blocks/planks_spruce.png"
		},
		"wood_banister_corner": {
			"textures": "textures/blocks/log_spruce.png"
		},
		"wood_shelf": {
			"textures": "textures/blocks/planks_spruce.png"
		},
		"yellow_lines": {
			"textures": "textures/blocks/concrete_yellow.png"
		},
		"yellow_wallpaper": {
			"textures": "textures/blocks/wallpaper/yellow_wallpaper.png"
		},
		"yeti_trophy": {
			"textures": "textures/blocks/trophy/yeti_trophy.png"
		},
		"digit_zero": {
			"textures": "textures/blocks/digits/digit_zero.png"
		},
		"digit_one": {
			"textures": "textures/blocks/digits/digit_one.png"
		},
		"digit_two": {
			"textures": "textures/blocks/digits/digit_two.png"
		},
		"digit_three": {
			"textures": "textures/blocks/digits/digit_three.png"
		},
		"digit_four": {
			"textures": "textures/blocks/digits/digit_four.png"
		},
		"digit_five": {
			"textures": "textures/blocks/digits/digit_five.png"
		},
		"digit_six": {
			"textures": "textures/blocks/digits/digit_six.png"
		},
		"digit_seven": {
			"textures": "textures/blocks/digits/digit_seven.png"
		},
		"digit_eight": {
			"textures": "textures/blocks/digits/digit_eight.png"
		},
		"digit_nine": {
			"textures": "textures/blocks/digits/digit_nine.png"
		}
	}
}