{
	"format_version": "1.19.0",
	"minecraft:geometry": [
		{
			"description": {
				"identifier": "geometry.anubis_mask",
				"texture_width": 64,
				"texture_height": 64,
				"visible_bounds_width": 2,
				"visible_bounds_height": 2.5,
				"visible_bounds_offset": [0, 0.75, 0]
			},
			"bones": [
				{
					"name": "root_item",
					"pivot": [0, 0, 0]
				},
				{
					"name": "helmet",
					"parent": "root_item",
					"pivot": [0, 0, 0],
					"binding": "'head'",
					"cubes": [
						{"origin": [-5, -1, -5], "size": [10, 10, 10], "uv": [0, 44]},
						{"origin": [-4, 0, -7], "size": [8, 8, 2], "uv": [0, 18]},
						{"origin": [-3, 0, -9], "size": [6, 4, 2], "uv": [22, 20]},
						{"origin": [-5, 8, -6], "size": [1, 4, 1], "uv": [0, 0]},
						{"origin": [-4, 8, -6], "size": [1, 3, 1], "uv": [4, 0]},
						{"origin": [4, 8, -6], "size": [1, 4, 1], "uv": [0, 0]},
						{"origin": [3, 8, -6], "size": [1, 3, 1], "uv": [4, 0]}
					]
				}
			]
		}
	]
}