{
	"format_version": "1.19.0",
	"minecraft:geometry": [
		{
			"description": {
				"identifier": "geometry.balloon",
				"texture_width": 64,
				"texture_height": 64,
				"visible_bounds_width": 3,
				"visible_bounds_height": 4.5,
				"visible_bounds_offset": [0, 1.75, 0]
			},
			"bones": [
				{
					"name": "root_item",
					"pivot": [-3, 0, 0],
					"binding": "q.item_slot_to_bone_name(c.item_slot)",
					"cubes": [
						{"origin": [-1.5, 0, -0.5], "size": [1, 25, 1], "uv": [44, 26]},
						{"origin": [-6.5, 25, -6.5], "size": [11, 15, 11], "uv": [0, 26]},
						{"origin": [-7.5, 26, -7.5], "size": [13, 13, 13], "uv": [0, 0]}
					]
				}
			]
		}
	]
}