{
	"format_version": "1.19.0",
	"minecraft:geometry": [
		{
			"description": {
				"identifier": "geometry.bonk_hammer",
				"texture_width": 128,
				"texture_height": 128,
				"visible_bounds_width": 4,
				"visible_bounds_height": 5,
				"visible_bounds_offset": [0, 1.5, 0]
			},
			"bones": [
				{
					"name": "root_item",
					"pivot": [0, 1, 0],
					"binding": "q.item_slot_to_bone_name(c.item_slot)",
					"cubes": [
						{"origin": [-1, -10, -1], "size": [2, 34, 2], "uv": [60, 48]},
						{"origin": [-8, 22, -10], "size": [16, 16, 2], "uv": [40, 30]},
						{"origin": [-7, 23, -8], "size": [14, 14, 2], "uv": [44, 0]},
						{"origin": [-6, 25, -11], "size": [12, 10, 20], "uv": [0, 0]},
						{"origin": [-5, 24, -11], "size": [10, 12, 20], "uv": [0, 30]},
						{"origin": [-7, 23, 6], "size": [14, 14, 2], "uv": [44, 0]},
						{"origin": [-3, 28.5, 6], "size": [6, 6, 6], "pivot": [0, 31, 7], "rotation": [-45, 0, 0], "uv": [0, 62]},
						{"origin": [-1, -11, -2], "size": [2, 2, 2], "pivot": [0, -11, 0], "rotation": [-45, 0, 0], "uv": [0, 8]},
						{"origin": [-1, 23, -1], "size": [2, 2, 2], "pivot": [0, 23, 0], "rotation": [-45, 0, 0], "uv": [0, 8]},
						{"origin": [-1, 23, -1], "size": [2, 2, 2], "pivot": [0, 23, 0], "rotation": [45, 0, 0], "uv": [0, 8]},
						{"origin": [-1, 25, -6], "size": [2, 1, 7], "pivot": [0, 24, -7], "rotation": [-45, 0, 0], "uv": [0, 0]},
						{"origin": [-1, 19, 2], "size": [2, 1, 7], "pivot": [0, 18, 1], "rotation": [45, 0, 0], "uv": [0, 0]},
						{"origin": [-1, 35, -6], "size": [2, 2, 2], "pivot": [0, 35, -5], "rotation": [-45, 0, 0], "uv": [26, 70]},
						{"origin": [-1, 35, 2], "size": [2, 2, 2], "pivot": [0, 35, 3], "rotation": [-45, 0, 0], "uv": [26, 70]},
						{"origin": [-1, 35, -2], "size": [2, 2, 2], "pivot": [0, 35, -1], "rotation": [-45, 0, 0], "uv": [26, 70]}
					]
				}
			]
		}
	]
}