{
	"format_version": "1.19.0",
	"minecraft:geometry": [
		{
			"description": {
				"identifier": "geometry.cowboy_hat",
				"texture_width": 64,
				"texture_height": 64,
				"visible_bounds_width": 2,
				"visible_bounds_height": 2.5,
				"visible_bounds_offset": [0, 0.75, 0]
			},
			"bones": [
				{
					"name": "root_item",
					"pivot": [0, 0, 0]
				},
				{
					"name": "helmet",
					"parent": "root_item",
					"pivot": [0, 0, 0],
					"binding": "'head'",
					"cubes": [
						{"origin": [-4, 0, -4], "size": [8, 8, 8], "inflate": 1, "uv": [0, 24]},
						{"origin": [-5, 5, -6], "size": [10, 1, 12], "uv": [0, 0]},
						{"origin": [-6, 5, -5], "size": [12, 1, 10], "uv": [0, 13]},
						{"origin": [-7, 6, -5], "size": [1, 1, 10], "uv": [32, 0]},
						{"origin": [6, 6, -5], "size": [1, 1, 10], "uv": [32, 0]},
						{"origin": [-5, 9, -5], "size": [2, 1, 10], "uv": [22, 30]},
						{"origin": [3, 9, -5], "size": [2, 1, 10], "uv": [22, 30]}
					]
				}
			]
		}
	]
}