{
	"format_version": "1.19.0",
	"minecraft:geometry": [
		{
			"description": {
				"identifier": "geometry.ender_helmet",
				"texture_width": 64,
				"texture_height": 32,
				"visible_bounds_width": 3,
				"visible_bounds_height": 2.5,
				"visible_bounds_offset": [0, 0.75, 0]
			},
			"bones": [
				{
					"name": "root_item",
					"pivot": [0, 0, 0]
				},
				{
					"name": "helmet",
					"parent": "root_item",
					"pivot": [0, 0, 0],
					"binding": "'head'",
					"cubes": [
						{"origin": [-4, 0, -4], "size": [8, 8, 8], "inflate": 1, "uv": [0, 0]},
						{"origin": [-4, 4, -7], "size": [8, 4, 2], "uv": [0, 26]},
						{"origin": [-4, -1, -7], "size": [8, 3, 2], "uv": [21, 27]},
						{"origin": [2, 7, 6], "size": [2, 2, 6], "pivot": [0, 3, 4], "rotation": [45, 0, 0], "uv": [0, 16]},
						{"origin": [-4, 7, 6], "size": [2, 2, 6], "pivot": [-6, 3, 4], "rotation": [45, 0, 0], "uv": [0, 16]},
						{"origin": [-6, 4, 4], "size": [2, 2, 7], "pivot": [-8, 0, 3], "rotation": [45, -45, 0], "uv": [12, 17]},
						{"origin": [6, 4.5, 9], "size": [2, 2, 7], "pivot": [4, 0, 8], "rotation": [45, 45, 0], "uv": [12, 17]},
						{"origin": [0, 4.5, 3], "size": [2, 2, 7], "pivot": [-2, 0, 2], "rotation": [-45, 45, 0], "uv": [12, 17]},
						{"origin": [-1, 4, -1], "size": [2, 2, 7], "pivot": [-3, 0, -2], "rotation": [-45, -45, 0], "uv": [12, 17]}
					]
				}
			]
		}
	]
}