{
	"format_version": "1.19.0",
	"minecraft:geometry": [
		{
			"description": {
				"identifier": "geometry.festive_hat",
				"texture_width": 64,
				"texture_height": 64,
				"visible_bounds_width": 3,
				"visible_bounds_height": 2.5,
				"visible_bounds_offset": [0, 0.75, 0]
			},
			"bones": [
				{
					"name": "root_item",
					"pivot": [0, 0, 0]
				},
				{
					"name": "helmet",
					"parent": "root_item",
					"pivot": [0, 0, 0],
					"binding": "'head'",
					"cubes": [
						{"origin": [-4, 0, -4], "size": [8, 8, 8], "inflate": 1, "uv": [0, 0]},
						{"origin": [-4, 9, -4], "size": [8, 3, 8], "uv": [0, 16]},
						{"origin": [-3, 10, -3], "size": [6, 4, 6], "pivot": [0, 10, 0], "rotation": [0, 0, -15], "uv": [0, 37]},
						{"origin": [-3, 11, -2], "size": [5, 5, 4], "pivot": [0, 12, 0], "rotation": [0, 0, -45], "uv": [0, 27]},
						{"origin": [-4, 13, -1], "size": [3, 3, 2], "inflate": 0.5, "pivot": [-2, 14, 0], "rotation": [0, 0, -45], "uv": [18, 38]},
						{"origin": [-7, 13, -1], "size": [2, 4, 2], "pivot": [-5, 14, 0], "rotation": [0, 0, 120], "uv": [18, 27]},
						{"origin": [-8, 14, -1], "size": [2, 2, 2], "inflate": 0.05, "pivot": [-6, 15, 0], "rotation": [0, 0, 95], "uv": [26, 27]}
					]
				}
			]
		}
	]
}