{
	"format_version": "1.19.0",
	"minecraft:geometry": [
		{
			"description": {
				"identifier": "geometry.jetpack",
				"texture_width": 32,
				"texture_height": 32,
				"visible_bounds_width": 3,
				"visible_bounds_height": 2.5,
				"visible_bounds_offset": [0, 0.75, 0]
			},
			"bones": [
				{
					"name": "body",
					"pivot": [0, 14, 0]
				},
				{
					"name": "chestplate",
					"parent": "body",
					"pivot": [0, 0, 0],
					"binding": "'body'",
					"cubes": [
						{"origin": [-4, 2, -2], "size": [8, 12, 4], "inflate": 1.01, "uv": [0, 0]}
					]
				},
				{
					"name": "firework",
					"parent": "chestplate",
					"pivot": [0, 0, 0],
					"cubes": [
						{"origin": [0.5, 4, 3], "size": [4, 10, 4], "uv": [0, 18]},
						{"origin": [1.5, 14, 4], "size": [2, 2, 2], "uv": [12, 18]},
						{"origin": [0.5, 2, 3], "size": [4, 2, 4], "inflate": 0.4, "uv": [16, 26]}
					]
				},
				{
					"name": "firework2",
					"parent": "chestplate",
					"pivot": [-4, 0, 0],
					"cubes": [
						{"origin": [-4.5, 4, 3], "size": [4, 10, 4], "uv": [0, 18]},
						{"origin": [-3.5, 14, 4], "size": [2, 2, 2], "uv": [12, 18]},
						{"origin": [-4.5, 2, 3], "size": [4, 2, 4], "inflate": 0.4, "uv": [16, 26]}
					]
				},
				{
					"name": "arm_right",
					"pivot": [-5, 12, 0]
				},
				{
					"name": "arm_plate_right",
					"parent": "arm_right",
					"pivot": [-5, 12, 0],
					"binding": "'rightarm'"
				},
				{
					"name": "arm_left",
					"pivot": [5, 12, 0]
				},
				{
					"name": "arm_plate_left",
					"parent": "arm_left",
					"pivot": [5, 12, 0],
					"binding": "'leftarm'"
				}
			]
		}
	]
}