{
	"format_version": "1.19.0",
	"minecraft:geometry": [
		{
			"description": {
				"identifier": "geometry.party_hat",
				"texture_width": 32,
				"texture_height": 16,
				"visible_bounds_width": 2,
				"visible_bounds_height": 2.5,
				"visible_bounds_offset": [0, 0.75, 0]
			},
			"bones": [
				{
					"name": "root_item",
					"pivot": [0, 0, 0]
				},
				{
					"name": "helmet",
					"parent": "root_item",
					"pivot": [0, 0, 0],
					"binding": "'head'",
					"cubes": [
						{"origin": [-2, 8, -2], "size": [4, 2, 4], "uv": [0, 0]},
						{"origin": [-1.5, 10, -1.5], "size": [3, 2, 3], "uv": [16, 0]},
						{"origin": [-1, 12, -1], "size": [2, 2, 2], "uv": [0, 6]},
						{"origin": [-0.5, 14, -0.5], "size": [1, 1, 1], "uv": [8, 6]},
						{"origin": [-0.75, 14.5, -0.75], "size": [1.5, 1.5, 1.5], "uv": [0, 10]}
					]
				}
			]
		}
	]
}