{
	"format_version": "1.16.0",
	"minecraft:geometry": [
		{
			"description": {
				"identifier": "geometry.pharaoh_spectre",
				"texture_width": 32,
				"texture_height": 32,
				"visible_bounds_width": 2,
				"visible_bounds_height": 4,
				"visible_bounds_offset": [0, 1, 0]
			},
			"bones": [
				{
					"name": "root_item",
					"pivot": [0, 0, 0],
					"binding": "q.item_slot_to_bone_name(c.item_slot)",
					"cubes": [
						{"origin": [-1, -10, -1], "size": [2, 20, 2], "uv": [0, 0]},
						{"origin": [-1, 10, 0], "size": [2, 2, 2], "uv": [16, 8]},
						{"origin": [-1, 11, 1], "size": [2, 8, 2], "uv": [8, 8]},
						{"origin": [-1, 18, 0], "size": [2, 2, 2], "uv": [16, 12]},
						{"origin": [-1, 19, -5], "size": [2, 2, 6], "uv": [8, 0]},
						{"origin": [-1, 18, -6], "size": [2, 2, 2], "uv": [16, 16]},
						{"origin": [-1, 16, -7], "size": [2, 2, 2], "uv": [16, 8]},
						{"origin": [-1, 14, -6], "size": [2, 2, 2], "uv": [16, 16]}
					]
				}
			]
		}
	]
}