{
	"format_version": "1.19.0",
	"minecraft:geometry": [
		{
			"description": {
				"identifier": "geometry.pirate_hat",
				"texture_width": 64,
				"texture_height": 64,
				"visible_bounds_width": 3,
				"visible_bounds_height": 2.5,
				"visible_bounds_offset": [0, 0.75, 0]
			},
			"bones": [
				{
					"name": "root_item",
					"pivot": [0, 0, 0]
				},
				{
					"name": "helmet",
					"parent": "root_item",
					"pivot": [0, 0, 0],
					"binding": "'head'",
					"cubes": [
						{"origin": [-4, 0, -4], "size": [8, 8, 8], "inflate": 1, "uv": [0, 14]},
						{"origin": [-6, 7, -6], "size": [12, 2, 12], "uv": [0, 0]},
						{"origin": [-7, 10, -6], "size": [1, 2, 12], "pivot": [0, 10, 0], "rotation": [0, 0, -15], "uv": [14, 32]},
						{"origin": [5.5, 6.75, -6], "size": [1, 2, 12], "pivot": [12, 7, 0], "rotation": [0, 0, 15], "uv": [0, 30]},
						{"origin": [-3, 9, -5], "size": [6, 2, 10], "uv": [22, 20]},
						{"origin": [-3, 9, 5], "size": [6, 3, 1], "uv": [24, 14]},
						{"origin": [-2, 12, 5], "size": [4, 1, 1], "uv": [0, 0]},
						{"origin": [3, 9, 5], "size": [3, 1, 1], "uv": [0, 2]},
						{"origin": [-6, 9, 5], "size": [3, 1, 1], "uv": [0, 2]},
						{"origin": [-3, 9, -6], "size": [6, 3, 1], "uv": [24, 14]},
						{"origin": [-2, 12, -6], "size": [4, 1, 1], "uv": [0, 0]},
						{"origin": [3, 9, -6], "size": [3, 1, 1], "uv": [0, 2]},
						{"origin": [-6, 9, -6], "size": [3, 1, 1], "uv": [0, 2]},
						{"origin": [2, 9, -1], "size": [4, 6, 0], "uv": [4, 56]}
					]
				}
			]
		}
	]
}