{
	"format_version": "1.19.0",
	"minecraft:geometry": [
		{
			"description": {
				"identifier": "geometry.rat_sceptre",
				"texture_width": 32,
				"texture_height": 32,
				"visible_bounds_width": 4,
				"visible_bounds_height": 4,
				"visible_bounds_offset": [0, 1, 0]
			},
			"bones": [
				{
					"name": "root_item",
					"pivot": [0, 0, 0],
					"binding": "q.item_slot_to_bone_name(c.item_slot)",
					"cubes": [
						{"origin": [-1, -10, -1], "size": [2, 20, 2], "uv": [0, 0]},
						{"origin": [2, 8, -1], "size": [2, 12, 2], "pivot": [3, 15, 0], "rotation": [0, 0, 25], "uv": [8, 0]},
						{"origin": [-4, 8, -1], "size": [2, 12, 2], "pivot": [-3, 15, 0], "rotation": [0, 0, -25], "uv": [8, 0]},
						{"origin": [-7.2, 18, -1.1], "size": [2.2, 2.2, 2.2], "pivot": [-6, 25, 0], "rotation": [0, 0, -25], "uv": [16, 0]},
						{"origin": [4.8, 18, -1.1], "size": [2.2, 2.2, 2.2], "pivot": [6, 25, 0], "rotation": [0, 0, 25], "uv": [16, 0]},
						{"origin": [-1.5, 15, -1.5], "size": [3, 3, 3], "uv": [0, 26]},
						{"origin": [-1.5, 6, -1.5], "size": [3, 3, 3], "uv": [13, 11]},
						{"origin": [-1.5, -13, -1.5], "size": [3, 3, 3], "uv": [13, 11]}
					]
				}
			]
		}
	]
}