{
	"format_version": "1.19.0",
	"minecraft:geometry": [
		{
			"description": {
				"identifier": "geometry.slime_boots",
				"texture_width": 64,
				"texture_height": 32,
				"visible_bounds_width": 3,
				"visible_bounds_height": 2.5,
				"visible_bounds_offset": [0, 0.75, 0]
			},
			"bones": [
				{
					"name": "leg_right",
					"pivot": [-1.9, 12, 0]
				},
				{
					"name": "boot_right",
					"parent": "leg_right",
					"pivot": [-1.9, 12, -1],
					"binding": "'rightleg'",
					"cubes": [
						{"origin": [-4.9, 0, -3], "size": [6, 6, 6], "inflate": 1, "uv": [2, 2]},
						{"origin": [-4.9, 0, -3], "size": [6, 6, 6], "inflate": 0.5, "uv": [0, 16]}
					]
				},
				{
					"name": "leg_left",
					"pivot": [1.9, 12, 0],
					"rotation": [-0.1, 0, 0]
				},
				{
					"name": "boot_left",
					"parent": "leg_left",
					"pivot": [1.9, 12, -1],
					"binding": "'leftleg'",
					"cubes": [
						{"origin": [-1.1, 0, -3], "size": [6, 6, 6], "inflate": 1, "uv": [2, 2], "mirror": true},
						{"origin": [-1.1, 0, -3], "size": [6, 6, 6], "inflate": 0.5, "uv": [0, 16], "mirror": true}
					]
				}
			]
		}
	]
}