{
	"format_version": "1.19.0",
	"minecraft:geometry": [
		{
			"description": {
				"identifier": "geometry.wild_helmet",
				"texture_width": 32,
				"texture_height": 32,
				"visible_bounds_width": 3,
				"visible_bounds_height": 2.5,
				"visible_bounds_offset": [0, 0.75, 0]
			},
			"bones": [
				{
					"name": "root_item",
					"pivot": [0, 0, 0]
				},
				{
					"name": "helmet",
					"parent": "root_item",
					"pivot": [0, 0, 0],
					"binding": "'head'",
					"cubes": [
						{"origin": [-4, 0, -4], "size": [8, 8, 8], "inflate": 1, "uv": [0, 0]}
					]
				},
				{
					"name": "horns",
					"parent": "helmet",
					"pivot": [0, 0, 0],
					"cubes": [
						{"origin": [-8, 5, -2], "size": [3, 3, 3], "uv": [0, 16]},
						{"origin": [-9, 7, -3], "size": [2, 2, 2], "uv": [12, 18]},
						{"origin": [-8, 9, -4], "size": [1, 1, 1], "uv": [0, 22]},
						{"origin": [5, 5, -2], "size": [3, 3, 3], "uv": [0, 16]},
						{"origin": [7, 7, -3], "size": [2, 2, 2], "uv": [12, 18]},
						{"origin": [7, 9, -4], "size": [1, 1, 1], "uv": [0, 22]}
					]
				}
			]
		}
	]
}