{
	"format_version": "1.19.0",
	"minecraft:geometry": [
		{
			"description": {
				"identifier": "geometry.wizard_hat",
				"texture_width": 64,
				"texture_height": 64,
				"visible_bounds_width": 3,
				"visible_bounds_height": 2.5,
				"visible_bounds_offset": [0, 0.75, 0]
			},
			"bones": [
				{
					"name": "root_item",
					"pivot": [0, 0, 0]
				},
				{
					"name": "helmet",
					"parent": "root_item",
					"pivot": [0, 0, 0],
					"binding": "'head'",
					"cubes": [
						{"origin": [-4, 0, -4], "size": [8, 8, 8], "inflate": 1, "uv": [0, 28]},
						{"origin": [-4, 8, -4], "size": [8, 4, 8], "pivot": [0, 8, 0], "rotation": [-5, 0, 0], "uv": [32, 28]},
						{"origin": [-3, 11, -3], "size": [6, 4, 6], "pivot": [0, 11, 1], "rotation": [-17.5, 0, 0], "uv": [38, 0]},
						{"origin": [-1, 13, 1], "size": [2, 4, 2], "pivot": [0, 13, 3], "rotation": [-37.5, 0, 0], "uv": [6, 6]},
						{"origin": [0, 18, 3.5], "size": [0, 4, 4], "pivot": [0, 18, 5], "rotation": [-117.5, 0, 0], "uv": [0, 0]},
						{"origin": [-7, 6, -6], "size": [14, 1, 12], "pivot": [0, 5, 0], "rotation": [-5, 0, 0], "uv": [0, 15]},
						{"origin": [-6, 6, -7], "size": [12, 1, 14], "pivot": [0, 5, 0], "rotation": [-5, 0, 0], "uv": [0, 0]}
					]
				}
			]
		}
	]
}