{
  "format_version": "1.17",
  "minecraft:npc_dialogue": {
    "scenes": [
      {
        "scene_tag": "hint_1",
        "npc_name": "Beachcomber Joe",
        "text": "I love searching for treasure, rumour has it there are places filled with it!"
      },
      {
        "scene_tag": "hint_2",
        "npc_name": "Beachcomber Joe",
        "text": "I had a traveller come through with a magical weapon earlier, perhaps yours have some interesting properties?"
      },
      {
        "scene_tag": "hint_3",
        "npc_name": "Beachcomber Joe",
        "text": "Does the world feel different to you? Last night I thought I saw a moving pumpkin out of my window!"
      }
    ]
  }
}