{
	"format_version": "1.19.0",
	"minecraft:client_entity": {
		"description": {
			"identifier": "chaospack:golf_cart",
			"materials": {
				"default": "entity_alphatest"
			},
			"textures": {
				"default": "textures/entity/golf_cart"
			},
			"geometry": {
				"default": "geometry.golf_cart"
			},
			"render_controllers": ["controller.render.default"],
			"animations": {
				"drive": "animation.golf_cart.drive"
			},
			"scripts": {
				"initialize": ["variable.steering = 0;"],
				"pre_animation": ["query.has_rider ? (variable.steering = Math.lerp(variable.steering, query.yaw_speed, 0.15));"],
				"animate": ["drive"]
			},
			"spawn_egg": {
				"texture": "golf_cart_spawn_egg"
			}
		}
	}
}