{
	"format_version": "1.10.0",
	"minecraft:client_entity": {
		"description": {
			"identifier": "chaospack:plagued_rat",
			"materials": {
				"default": "entity_emissive_alpha"
			},
			"textures": {
				"default": "textures/entity/plagued_rat"
			},
			"geometry": {
				"default": "geometry.plagued_rat"
			},
			"animations": {
				"setup": "animation.rat.setup",
				"walk": "animation.rat.walk",
				"look_at_target": "animation.common.look_at_target",
				"baby_transform": "animation.rat.baby_transform"
			},
			"scripts": {
				"animate": [
					"setup",
					{
						"walk": "query.modified_move_speed"
					},
					"look_at_target",
					{
						"baby_transform": "query.is_baby"
					}
				]
			},
			"render_controllers": [ "controller.render.default" ],
			"spawn_egg": {
				"texture": "plagued_rat_spawn_egg"
			}
		}
	}
}