{
	"format_version": "1.8.0",
	"minecraft:client_entity": {
		"description": {
			"identifier": "chaospack:beachcomber_joe",
			"min_engine_version": "1.8.0",
			"materials": {
				"default": "entity_emissive_alpha"
			},
			"textures": {
				"default": "textures/entity/beachcomber_joe"
			},
			"geometry": {
				"default": "geometry.humanoid.custom"
			},
			"scripts": {
			},
			"animations": {
				"look_at_target_default": "animation.humanoid.look_at_target.default",
				"look_at_target_gliding": "animation.humanoid.look_at_target.gliding",
				"look_at_target_swimming": "animation.humanoid.look_at_target.swimming"
			},
			"animation_controllers": [
				{
					"look_at_target": "controller.animation.humanoid.look_at_target"
				}
			],
			"render_controllers": [ "controller.render.default" ],
			"enable_attachables": true,
			"spawn_egg": {
				"texture": "beachcomber_joe_spawn_egg"
			}
		}
	}
}