{
	"format_version": "1.10.0",
	"minecraft:client_entity": {
		"description": {
			"identifier": "chaospack:blight",
			"min_engine_version": "1.8.0",
			"materials": {
				"default": "entity_alphatest"
			},
			"textures": {
				"default": "textures/entity/blight"
			},
			"geometry": {
				"default": "geometry.blight"
			},
			"scripts": {
				"scale": "0.9375",
				"animate": ["controller_general", "controller_move"]
			},
			"animations": {
				"general": "animation.blight.general",
				"casting": "animation.blight.casting",
				"look_at_target": "animation.common.look_at_target",
				"move": "animation.blight.move",
				"celebrating": "animation.humanoid.celebrating",
				"controller_general": "controller.animation.blight.general",
				"controller_move": "controller.animation.villager.move"
			},
			"particle_effects": {
				"spell": "minecraft:evoker_spell"
			},
			"render_controllers": ["controller.render.evoker"],
			"spawn_egg": {
				"texture": "blight_spawn_egg"
			}
		}
	}
}