{
	"format_version": "1.10.0",
	"minecraft:client_entity": {
		"description": {
			"identifier": "chaospack:butterfly",
			"materials": {
				"default": "parrot"
			},
			"textures": {
				"blue": "textures/entity/butterfly/blue",
				"green": "textures/entity/butterfly/green",
				"red_blue": "textures/entity/butterfly/red",
				"yellow_blue": "textures/entity/butterfly/orange",
				"grey": "textures/entity/butterfly/purple"
			},
			"geometry": {
				"default": "geometry.butterfly"
			},
			"animations": {
				"moving": "animation.butterfly.moving",
				"base": "animation.butterfly.base",
				"dance": "animation.butterfly.dance",
				"sitting": "animation.butterfly.sitting",
				"flying": "animation.butterfly.flying",
				"standing": "animation.butterfly.standing",
				"look_at_target": "animation.common.look_at_target",
				"movement_controller": "controller.animation.parrot.move"
			},
			"scripts": {
				"pre_animation": [
					"variable.state = query.is_dancing ? 3 : (query.is_sitting ? 2 : (!query.is_on_ground && !query.is_jumping && !query.is_riding ? 0 : 1));",
					"variable.dance.x = Math.cos(query.life_time * 57.3 * 20.0);",
					"variable.dance.y = -Math.sin(query.life_time * 57.3 * 20.0);",
					"variable.wing_flap = ((math.sin(query.wing_flap_position * 57.3) + 1) * query.wing_flap_speed);"
				],
				"animate": ["look_at_target", "movement_controller"]
			},
			"render_controllers": ["controller.render.parrot"],
			"spawn_egg": {
				"texture": "butterfly_spawn_egg"
			}
		}
	}
}