{
	"format_version": "1.10.0",
	"minecraft:client_entity": {
		"description": {
			"identifier": "chaospack:deck_chair",
			"materials": {
				"default": "parrot"
			},
			"textures": {
				"blue": "textures/entity/deck_chair/blue",
				"green": "textures/entity/deck_chair/green",
				"red_blue": "textures/entity/deck_chair/red_blue",
				"yellow_blue": "textures/entity/deck_chair/yellow_blue",
				"grey": "textures/entity/deck_chair/grey"
			},
			"geometry": {
				"default": "geometry.deck_chair"
			},
			"animations": {
				"moving": "animation.deck_chair.moving",
				"base": "animation.deck_chair.base",
				"dance": "animation.deck_chair.dance",
				"sitting": "animation.deck_chair.sitting",
				"flying": "animation.deck_chair.flying",
				"standing": "animation.deck_chair.standing",
				"look_at_target": "animation.common.look_at_target",
				"movement_controller": "controller.animation.parrot.move"
			},
			"scripts": {
				"pre_animation": [
					"variable.state = query.is_dancing ? 3 : (query.is_sitting ? 2 : (!query.is_on_ground && !query.is_jumping && !query.is_riding ? 0 : 1));",
					"variable.dance.x = Math.cos(query.life_time * 57.3 * 20.0);",
					"variable.dance.y = -Math.sin(query.life_time * 57.3 * 20.0);",
					"variable.wing_flap = ((math.sin(query.wing_flap_position * 57.3) + 1) * query.wing_flap_speed);"
				],
				"animate": ["look_at_target", "movement_controller"]
			},
			"render_controllers": ["controller.render.parrot"],
			"spawn_egg": {
				"texture": "deck_chair_spawn_egg"
			}
		}
	}
}