{
	"format_version": "1.10.0",
	"minecraft:client_entity": {
		"description": {
			"identifier": "chaospack:deer",
			"min_engine_version": "1.8.0",
			"materials": {
				"default": "entity_alphatest"
			},
			"textures": {
				"default": "textures/entity/deer"
			},
			"geometry": {
				"default": "geometry.deer"
			},
			"animations": {
				"walk": "animation.deer.walk",
				"look_at_target": "animation.common.look_at_target",
				"baby_transform": "animation.deer.baby_transform"
			},
			"scripts": {
				"animate": [
					{
						"walk": "query.modified_move_speed"
					},
					"look_at_target",
					{
						"baby_transform": "query.is_baby"
					}
				]
			},
			"render_controllers": ["controller.render.default"],
			"spawn_egg": {
				"texture": "deer_spawn_egg"
			}
		}
	}
}