{
	"format_version": "1.10.0",
	"minecraft:client_entity": {
		"description": {
			"identifier": "chaospack:dust_storm",
			"materials": {
				"default": "entity_emissive_alpha",
				"breeze_wind": "breeze_wind"
			},
			"textures": {
				"default": "textures/entity/dust_storm/dust_storm",
				"breeze_wind": "textures/entity/dust_storm/breeze_wind"
			},
			"geometry": {
				"default": "geometry.dust_storm",
				"breeze_wind_top": "geometry.breeze_wind_top",
				"breeze_wind_mid": "geometry.breeze_wind_mid",
				"breeze_wind_bottom": "geometry.breeze_wind_bottom"
			},
			"scripts": {
				"animate": [
					"look_at_controller",
					"idle_controller",
					"move_controller",
					"ground_particles_controller",
					"shoot_controller",
					"jump_controller",
					"idle_ground_sound_controller"
				],
				"should_update_effects_offscreen": "1.0"
			},
			"animations": {
				"look_at": "animation.common.look_at_target",
				"idle": "animation.dust_storm.idle",
				"jump": "animation.dust_storm.jump",
				"shoot": "animation.dust_storm.shoot",
				"slide": "animation.dust_storm.slide",
				"idle_ground_particles": "animation.dust_storm.idle_ground_particles",
				"slide_ground_particles": "animation.dust_storm.slide_ground_particles",
				"whirl_sound": "animation.dust_storm.whirl_sound",
				"idle_ground_sound": "animation.dust_storm.idle_ground_sound",
				"look_at_controller": "controller.animation.breeze.look_at",
				"idle_controller": "controller.animation.breeze.idle",
				"move_controller": "controller.animation.breeze.move",
				"ground_particles_controller": "controller.animation.breeze.ground_particles",
				"shoot_controller": "controller.animation.breeze.shoot",
				"jump_controller": "controller.animation.breeze.jump",
				"idle_ground_sound_controller": "controller.animation.breeze.idle_ground_sound"
			},
			"render_controllers": [
				"controller.render.breeze",
				"controller.render.breeze_wind_top",
				"controller.render.breeze_wind_mid",
				"controller.render.breeze_wind_bottom"
			],
			"sound_effects": {
				"charge": "mob.breeze.charge",
				"inhale": "mob.breeze.inhale",
				"slide": "mob.breeze.slide",
				"whirl": "mob.breeze.whirl",
				"idle_ground_sound": "mob.breeze.idle_ground"
			},
			"particle_effects": {
				"ground_particles": "minecraft:breeze_ground_particle"
			}
		}
	}
}