{
	"format_version": "1.8.0",
	"minecraft:client_entity": {
		"description": {
			"identifier": "chaospack:eye_of_solumn",
			"materials": {
				"default": "ghast"
			},
			"textures": {
				"default": "textures/entity/eye_of_solumn/eye_of_solumn",
				"shooting": "textures/entity/eye_of_solumn/shooting"
			},
			"geometry": {
				"default": "geometry.eye_of_solumn"
			},
			"animations": {
				"move": "animation.eye_of_solumn.move",
				"scale": "animation.eye_of_solumn.scale"
			},
			"animation_controllers": [
				{
					"move": "controller.animation.ghast.move"
				},
				{
					"scale": "controller.animation.ghast.scale"
				}
			],
			"render_controllers": ["controller.render.ghast"]
		}
	}
}