{
	"format_version": "1.10.0",
	"minecraft:client_entity": {
		"description": {
			"identifier": "chaospack:firefly",
			"materials": {
				"default": "entity_emissive_alpha"
			},
			"textures": {
				"default": "textures/entity/firefly/firefly",
				"angry": "textures/entity/firefly/angry",
				"nectar": "textures/entity/firefly/nectar",
				"angry_nectar": "textures/entity/firefly/angry_nectar"
			},
			"geometry": {
				"default": "geometry.firefly"
			},
			"animations": {
				"flying": "animation.firefly.flying",
				"drip": "controller.animation.bee.drip",
				"controller_bee_sting": "controller.animation.bee.sting",
				"bee_sting": "animation.firefly.sting",
				"bee_no_stinger": "animation.firefly.no_stinger",
				"bee_fly_bobbing": "animation.firefly.fly.bobbing",
				"bee_root_controller": "controller.animation.bee.root"
			},
			"scripts": {
				"animate": [
					"bee_root_controller",
					{
						"bee_no_stinger": "query.mark_variant == 1"
					}
				]
			},
			"render_controllers": ["controller.render.firefly"],
			"spawn_egg": {
				"texture": "firefly_spawn_egg"
			}
		}
	}
}