{
	"format_version": "1.8.0",
	"minecraft:client_entity": {
		"description": {
			"identifier": "chaospack:flamehound",
			"materials": {
				"default": "entity_emissive_alpha"
			},
			"textures": {
				"default": "textures/entity/flamehound/flamehound",
				"angry": "textures/entity/flamehound/angry",
				"tame": "textures/entity/flamehound/tame"
			},
			"geometry": {
				"default": "geometry.flamehound"
			},
			"scripts": {
				"pre_animation": [
					"variable.body_shake_angle = 0.05 * query.frame_alpha + query.shake_angle;",
					"variable.body_roll_progress = Math.clamp((variable.body_shake_angle - 0.16) / 1.8, 0, 1);",
					"variable.body_rot_z = Math.sin(variable.body_roll_progress * 180) * Math.sin(variable.body_roll_progress * 1980) * 27;",
					"variable.upper_body_roll_progress = Math.clamp((variable.body_shake_angle - 0.08) / 1.8, 0, 1);",
					"variable.upper_body_rot_z = (Math.sin(variable.upper_body_roll_progress * 180) * Math.sin(variable.upper_body_roll_progress * 1980) * 27) - variable.body_rot_z;",
					"variable.tail_roll_progress = Math.clamp((variable.body_shake_angle - 0.2) / 1.8, 0, 1);",
					"variable.tail_rot_z = (Math.sin(variable.tail_roll_progress * 180) * Math.sin(variable.tail_roll_progress * 1980) * 27) - variable.body_rot_z;",
					"variable.head_roll_progress = Math.clamp(variable.body_shake_angle / 1.8, 0, 1);",
					"variable.head_rot_z = (Math.sin(variable.head_roll_progress * 180) * Math.sin(variable.head_roll_progress * 1980) * 27) - variable.body_rot_z;"
				]
			},
			"animations": {
				"wolf_baby_scaling": "animation.flamehound.baby_scaling",
				"wolf_look_at": "animation.common.look_at_target",
				"wolf_head_rot_z": "animation.flamehound.head_rot_z",
				"wolf_tail_default": "animation.flamehound.tail_default",
				"wolf_angry": "animation.flamehound.angry",
				"wolf_sitting": "animation.flamehound.sitting",
				"wolf_shaking": "animation.flamehound.shaking",
				"wolf_leg_default": "animation.flamehound.leg_default"
			},
			"animation_controllers": [
				{
					"wolf_look_at": "controller.animation.wolf.look_at"
				},
				{
					"wolf_baby_scaling": "controller.animation.wolf.baby_scaling"
				},
				{
					"wolf_head_rot_z": "controller.animation.wolf.head_rot_z"
				},
				{
					"wolf_tail_default": "controller.animation.wolf.tail_default"
				},
				{
					"wolf_angry": "controller.animation.wolf.angry"
				},
				{
					"wolf_sitting": "controller.animation.wolf.sitting"
				},
				{
					"wolf_shaking": "controller.animation.wolf.shaking"
				}
			],
			"render_controllers": ["controller.render.flamehound"],
			"spawn_egg": {
				"texture": "flamehound_spawn_egg"
			}
		}
	}
}