{
	"format_version": "1.8.0",
	"minecraft:client_entity": {
		"description": {
			"identifier": "chaospack:haunted_mannequin",
			"min_engine_version": "1.8.0",
			"materials": {
				"default": "zombie"
			},
			"textures": {
				"default": "textures/entity/mannequin"
			},
			"geometry": {
				"default": "geometry.haunted_mannequin"
			},
			"spawn_egg": {
				"base_color": "#fec363",
				"overlay_color": "#e75f25"
			},
			"animations": {
				"idle": "animation.haunted_mannequin.idle",
				"move": "animation.haunted_mannequin.move"
			},
			"animation_controllers": [
				{ "controller.animation.haunted_mannequin": "controller.animation.haunted_mannequin.move" }
			],
			"render_controllers": [
				"controller.render.default"
			],
			"enable_attachables": true
		}
	}
}