{
	"format_version": "1.10.0",
	"minecraft:client_entity": {
		"description": {
			"identifier": "chaospack:lightning_horse",
			"materials": {
				"default": "entity_emissive_alpha"
			},
			"textures": {
				"donkey": "textures/entity/lightning_horse/donkey",
				"markings_none": "textures/entity/lightning_horse/markings_none",
				"armor_none": "textures/entity/lightning_horse/armor_none"
			},
			"geometry": {
				"default": "geometry.lightning_horse"
			},
			"animations": {
				"baby_transform": "animation.lightning_horse.baby_transform",
				"walk": "animation.lightning_horse.walk",
				"eat": "animation.lightning_horse.eat",
				"rear": "animation.lightning_horse.rear",
				"tail": "animation.lightning_horse.tail",
				"look_at_player": "animation.lightning_horse.look_at_player"
			},
			"scripts": {
				"scale": "0.87",
				"initialize": ["variable.eat_anim = 0;", "variable.stand_anim = 0;", "variable.leg_stand_factor = 0;", "variable.leg_x_rot_anim = 0;"],
				"pre_animation": [
					"variable.eat_anim = math.clamp(variable.eat_anim + (query.is_grazing ? ((1.0 - variable.eat_anim) * 0.4 + 0.05) : -variable.eat_anim * 0.4 - 0.05) * query.delta_time * 20.0, 0.0, 1.0);",
					"variable.head_x_rot = query.target_x_rotation + (query.modified_move_speed > 0.2 ? (math.cos(query.modified_distance_moved * 11.46) * 11.46 * query.modified_move_speed + query.modified_move_speed * 11.46) : 0.0);",
					"variable.inverse_max_stand_eat = (1.0 - math.max(variable.stand_anim, variable.eat_anim));",
					"variable.leg_stand_factor = math.cos((query.modified_distance_moved * 38.38) + 180.0);",
					"variable.leg_x_rot_anim = variable.leg_stand_factor * 45.8 * query.modified_move_speed;"
				],
				"animate": [
					{
						"baby_transform": "query.is_baby"
					},
					"walk",
					"look_at_player",
					{
						"rear": "variable.stand_anim > 0.0"
					},
					{
						"eat": "!query.is_standing"
					},
					{
						"tail": "Math.mod(q.life_time, 10) < 0.5"
					}
				]
			},
			"render_controllers": ["controller.render.donkey.v3"],
			"spawn_egg": {
				"texture": "lightning_horse_spawn_egg"
			}
		}
	}
}