{
	"format_version": "1.8.0",
	"minecraft:client_entity": {
		"description": {
			"identifier": "chaospack:mannequin_head",
			"min_engine_version": "1.8.0",
			"materials": {
				"default": "armor_stand"
			},
			"textures": {
				"default": "textures/entity/mannequin_head"
			},
			"geometry": {
				"default": "geometry.mannequin_head"
			},
			"spawn_egg": {
				"texture": "mannequin_head_spawn_egg"
			},
			
			"render_controllers": ["controller.render.default"],
			"enable_attachables": true
		}
	}
}