{
	"format_version": "1.8.0",
	"minecraft:client_entity": {
		"description": {
			"identifier": "chaospack:moobloom",
			"min_engine_version": "1.8.0",
			"materials": {
				"default": "entity_alphatest"
			},
			"textures": {
				"default": "textures/entity/moobloom"
			},
			"geometry": {
				"default": "geometry.moobloom"
			},
			"animations": {
				"walk": "animation.moobloom.walk",
				"look_at_target": "animation.common.look_at_target",
				"baby_transform": "animation.moobloom.baby_transform"
			},
			"animation_controllers": [
				{
					"move": "controller.animation.mooshroom.move"
				},
				{
					"baby": "controller.animation.mooshroom.baby"
				}
			],
			"render_controllers": [ "controller.render.default" ],
			"spawn_egg": {
				"texture": "moobloom_spawn_egg"
			}
		}
	}
}