{
  "format_version": "1.10.0",
  "minecraft:client_entity": {
    "description": {
      "identifier": "chaospack:npc_player",
      "materials": {
        "default": "entity_alphatest"
      },
      "textures": {
        "npc_default1": "textures/entity/steve",
        "npc_default2": "textures/entity/npc_player/alex",
        "npc_default3": "textures/entity/npc_player/ari",
        "npc_default4": "textures/entity/npc_player/kai",
        "npc_default5": "textures/entity/npc_player/noor",
        "npc_default6": "textures/entity/npc_player/sunny",
        "npc_default7": "textures/entity/npc_player/zuri",
        "npc_default8": "textures/entity/npc_player/efe",
        "npc_default9": "textures/entity/npc_player/makena",
        "npc_horror1": "textures/entity/npc_player/herobrine",
        "npc_horror2": "textures/entity/npc_player/dapper_cthulu",
        "npc_horror3": "textures/entity/npc_player/starfarer",
        "npc_horror4": "textures/entity/npc_player/shadow",
        "npc_horror5": "textures/entity/npc_player/pumpkin"
      },
      "geometry": {
        "default": "geometry.humanoid.custom"
      },
      "scripts": {
        "animate": [
          "general",
          {
            "move": "query.modified_move_speed"
          },
          "look_at_target",
          {
            "baby_transform": "query.is_baby"
          }
        ]
      },
      "animations": {
        "general": "animation.npc.general",
        "look_at_target": "animation.common.look_at_target",
        "move": "animation.npc.move",
        "baby_transform": "animation.npc.baby_transform"
      },
      "render_controllers": [
        "controller.render.npc_player"
      ],
      "spawn_egg": {
        "texture": "npc_player_spawn_egg"
      }
    }
  }
}