{
	"format_version": "1.10.0",
	"minecraft:client_entity": {
		"description": {
			"identifier": "chaospack:skelerat",
			"min_engine_version": "1.8.0",
			"materials": {
				"default": "entity_alphatest"
			},
			"textures": {
				"default": "textures/entity/skelerat/skelerat",
				"saddled": "textures/entity/pig/pig_saddle",
				"saddle": "textures/entity/skelerat/saddle"
			},
			"geometry": {
				"default": "geometry.skelerat"
			},
			"animations": {
				"setup": "animation.skelerat.setup",
				"walk": "animation.skelerat.walk",
				"look_at_target": "animation.common.look_at_target",
				"baby_transform": "animation.skelerat.baby_transform"
			},
			"scripts": {
				"animate": [
					"setup",
					{
						"walk": "query.modified_move_speed"
					},
					"look_at_target",
					{
						"baby_transform": "query.is_baby"
					}
				]
			},
			"render_controllers": ["controller.render.pig"],
			"spawn_egg": {
				"texture": "skelerat_spawn_egg"
			}
		}
	}
}