{
	"format_version": "1.8.0",
	"minecraft:client_entity": {
		"description": {
			"identifier": "chaospack:solumn",
			"materials": {
				"default": "entity_alphatest"
			},
			"textures": {
				"default": "textures/entity/solumn/solumn",
				"shooting": "textures/entity/solumn/shooting"
			},
			"geometry": {
				"default": "geometry.solumn"
			},
			"spawn_egg": {
				"texture": "solumn_spawn_egg"
			},
			"animations": {
				"move": "animation.solumn.move",
				"scale": "animation.solumn.scale"
			},
			"animation_controllers": [
				{
					"move": "controller.animation.ghast.move"
				},
				{
					"scale": "controller.animation.ghast.scale"
				}
			],
			"render_controllers": ["controller.render.ghast"]
		}
	}
}