{
  "format_version": "1.8.0",
  "minecraft:client_entity": {
    "description": {
      "identifier": "minecraft:wandering_trader",
      "materials": {
        "default": "wandering_trader"
      },
      "textures": {
        "blue": "textures/entity/wandering_trader/wandering_trader",
        "red": "textures/entity/wandering_trader/wandering_trader2",
        "green": "textures/entity/wandering_trader/wandering_trader3"
      },
      "geometry": {
        "default": "geometry.villager_v2"
      },
      "scripts": {
        "scale": "0.9375"
      },
      "animations": {
        "general": "animation.villager.general",
        "look_at_target": "animation.common.look_at_target",
        "raise_arms": "animation.villager.raise_arms",
        "move": "animation.villager.move"
      },
      "animation_controllers": [
        {
          "general": "controller.animation.villager.general"
        },
        {
          "raise_arms": "controller.animation.villager_v2.raise_arms"
        },
        {
          "move": "controller.animation.villager.move"
        }
      ],
      "render_controllers": [
        "controller.render.chaoswandering_trader"
      ],
      "spawn_egg": {
        "texture": "spawn_egg_wandering_trader"
      }
    }
  }
}