{
	"format_version": "1.19.0",
	"minecraft:client_entity": {
		"description": {
			"identifier": "chaospack:wheely_bin",
			"materials": {
				"default": "entity_alphatest"
			},
			"textures": {
				"default": "textures/entity/wheely_bin"
			},
			"geometry": {
				"default": "geometry.wheely_bin"
			},
			"render_controllers": ["controller.render.default"],
			"animations": {
				"drive": "animation.wheely_bin.drive"
			},
			"scripts": {
				"initialize": ["variable.steering = 0;"],
				"pre_animation": ["query.has_rider ? (variable.steering = Math.lerp(variable.steering, query.yaw_speed, 0.15));"],
				"animate": ["drive"]
			},
			"spawn_egg": {
				"texture": "wheely_bin_spawn_egg"
			}
		}
	}
}