{
	"format_version": "1.10.0",
	"minecraft:client_entity": {
		"description": {
			"identifier": "chaospack:yeti",
			"materials": {
				"default": "iron_golem"
			},
			"textures": {
				"default": "textures/entity/yeti"
			},
			"geometry": {
				"default": "geometry.yeti"
			},
			"animations": {
				"walk": "animation.yeti.walk",
				"move": "animation.yeti.move",
				"walk_to_target": "animation.yeti.walk_to_target",
				"move_to_target": "animation.yeti.move_to_target",
				"attack": "animation.yeti.attack",
				"look_at_target": "animation.common.look_at_target",
				"move_controller": "controller.animation.ent.move",
				"arm_controller": "controller.animation.ent.arm_movement"
			},
			"scripts": {
				"pre_animation": [
					"variable.modified_tcos0 = Math.clamp(((Math.cos(query.modified_distance_moved * 13.5) * Math.min(query.modified_move_speed, 0.6) / variable.gliding_speed_value) * 25.0), -12.5, 12.5);",
					"variable.attack_animation_tick = 0;"
				],
				"animate": ["look_at_target", "move_controller", "arm_controller"]
			},
			"render_controllers": ["controller.render.default"],
			"spawn_egg": {
				"texture": "yeti_spawn_egg"
			}
		}
	}
}