{
	"format_version": "1.8.0",
	"animations": {
		"animation.cadillac.drive": {
			"loop": true,
			"animation_length": 1.16667,
			"bones": {
				"steering_wheel": {
					"rotation": [0, 0, "variable.steering * -0.6"],
					"position": [0, 0, 0]
				},
				"wheel_front_left": {
					"rotation": ["query.modified_distance_moved * 20", "variable.steering / 3", 0],
					"position": [0, 0, 0]
				},
				"wheel_front_right": {
					"rotation": ["query.modified_distance_moved * 20", "variable.steering / 3", 0],
					"position": [0, 0, 0]
				},
				"wheel_back_left": {
					"rotation": ["query.modified_distance_moved * 20", 0, 0],
					"position": [0, 0, 0]
				},
				"wheel_back_right": {
					"rotation": ["query.modified_distance_moved * 20", 0, 0],
					"position": [0, 0, 0]
				}
			}
		}
	}
}