{
	"format_version": "1.8.0",
	"animations": {
		"animation.deck_chair.dance": {
			"loop": true,
			"bones": {
				"body": {
					"position": ["variable.dance.x-this", "variable.dance.y", 0]
				},
				"head": {
					"rotation": ["-this", "-this", "variable.dance.y*23.0 - this"]
				},
				"leg0": {
					"position": ["-variable.dance.x", "-variable.dance.y", 0],
					"rotation": [0, 0, "-20.0 - this"]
				},
				"leg1": {
					"position": ["-variable.dance.x", "-variable.dance.y", 0],
					"rotation": [0, 0, "20.0 - this"]
				},
				"tail": {
					"rotation": ["60.0 - this", 0, 0]
				},
				"wing0": {
					"rotation": [0, 0, "-5.0 - variable.wing_flap"]
				},
				"wing1": {
					"rotation": [0, 0, "5.0 + variable.wing_flap"]
				}
			}
		},
		"animation.deck_chair.flying": {
			"loop": true,
			"bones": {
				"leg0": {
					"rotation": ["math.cos(query.anim_time * 38.17) * 80.0 * query.modified_move_speed", 0, 0]
				},
				"leg1": {
					"rotation": ["math.cos(query.anim_time * 38.17) * -80.0 * query.modified_move_speed", 0, 0]
				}
			}
		},
		"animation.deck_chair.moving": {
			"loop": true,
			"bones": {
				"body": {
					"position": [0, "variable.wing_flap * 0.3", 0]
				},
				"tail": {
					"rotation": ["60.0 + math.cos(query.anim_time * 38.17) * 17.0 - this", 0, 0]
				},
				"wing0": {
					"rotation": [0, 0, "-5.0 - variable.wing_flap * 57.3"]
				},
				"wing1": {
					"rotation": [0, 0, "5.0 + variable.wing_flap * 57.3"]
				}
			}
		},
		"animation.deck_chair.sitting": {
			"loop": true,
			"bones": {
				"body": {
					"position": [0, -1.9, 0]
				},
				"leg0": {
					"rotation": [90, 0, 0]
				},
				"leg1": {
					"rotation": [90, 0, 0]
				},
				"tail": {
					"rotation": ["90.0 - this", 0, 0]
				},
				"wing0": {
					"rotation": [0, 0, "-5.0-this"]
				},
				"wing1": {
					"rotation": [0, 0, "5.0-this"]
				}
			}
		},
		"animation.deck_chair.standing": {
			"loop": true,
			"bones": {
				"leg0": {
					"rotation": [20, 0, 0]
				},
				"leg1": {
					"rotation": [20, 0, 0]
				}
			}
		}
	}
}