{
	"format_version": "1.8.0",
	"animations": {
		"animation.rat.baby_transform": {
			"loop": true
		},
		"animation.rat.setup": {
			"loop": true,
			"bones": {
				"body": {
					"rotation": ["-this", 0, 0]
				}
			}
		},
		"animation.rat.walk": {
			"anim_time_update": "query.modified_move_speed",
			"loop": true,
			"bones": {
				"leg0": {
					"rotation": [ "math.cos(query.anim_time * 38.17) *  80.0", 0, 0 ]
				},
				"leg1": {
					"rotation": [ "math.cos(query.anim_time * 38.17) * -80.0", 0, 0 ]
				},
				"leg2": {
					"rotation": [ "math.cos(query.anim_time * 38.17) * -80.0", 0, 0 ]
				},
				"leg3": {
					"rotation": [ "math.cos(query.anim_time * 38.17) *  80.0", 0, 0 ]
				},
				"body": {
					"rotation": {
						"0.0": [ 0, 0, 0 ],
						"0.125": [ 0, 0, 0 ],
						"0.25": [ 0, 0, 2.1 ],
						"0.5": [ 0, 0, 0 ],
						"0.8333": [ 0, 0, 0 ],
						"0.9583": [ 0, 0, -2.1 ],
						"1.25": [ 0, 0, 0 ],
						"1.4583": [ 0, 0, 0 ]
					},
					"position": {
						"0.0": [ 0, 0, 0 ],
						"0.125": [ 0, 0, 0 ],
						"0.25": [ 0, -0.2, 0 ],
						"0.5": [ 0, 0, 0 ],
						"0.8333": [ 0, 0, 0 ],
						"0.9583": [ 0, -0.2, 0 ],
						"1.25": [ 0, 0, 0 ],
						"1.4583": [ 0, 0, 0 ]
					}
				},
				"tail": {
					"rotation": {
						"0.0": [ 0, 0, 0 ],
						"0.25": [ 5, 0, 0 ],
						"0.5": [ -2.5, 0, 0 ],
						"0.7083": [ 0, 0, 0 ],
						"0.9583": [ 5, 0, 0 ],
						"1.2083": [ -2.5, 0, 0 ],
						"1.4583": [ 0, 0, 0 ]
					}
				},
				"right_hind_leg": {
					"rotation": {
						"0.0": [ -50, 0, 0 ],
						"0.25": [ 0, 0, 0 ],
						"0.5": [ 0, 0, 0 ],
						"0.75": [ 50, 0, 0 ],
						"1.0": [ 50, 0, 0 ],
						"1.2917": [ -20, 0, 0 ],
						"1.4583": [ -50, 0, 0 ]
					},
					"position": {
						"0.0": [ 0, 0, 0 ],
						"0.25": [ 0, 0, -0.5 ],
						"0.5": [ 0, 0, 0 ],
						"1.0": [ 0, 0, -0.5 ],
						"1.2917": [ 0, 1, -0.18 ],
						"1.4583": [ 0, 0, 0 ]
					}
				},
				"left_hind_leg": {
					"rotation": {
						"0.0": [ 50, 0, 0 ],
						"0.25": [ 50, 0, 0 ],
						"0.5417": [ -20, 0, 0 ],
						"0.7083": [ -50, 0, 0 ],
						"0.9583": [ 0, 0, 0 ],
						"1.2083": [ 0, 0, 0 ],
						"1.4583": [ 50, 0, 0 ]
					},
					"position": {
						"0.0": [ 0, 0, -0.25 ],
						"0.25": [ 0, 0, -0.5 ],
						"0.5417": [ 0, 1, -0.18 ],
						"0.7083": [ 0, 0, 0 ],
						"0.9583": [ 0, 0, -0.5 ],
						"1.2083": [ 0, 0, 0 ],
						"1.4583": [ 0, 0, -0.25 ]
					}
				},
				"right_front_leg": {
					"rotation": {
						"0.0": [ 50, 0, 0 ],
						"0.25": [ 50, 0, 0 ],
						"0.5417": [ -20, 0, 0 ],
						"0.7083": [ -50, 0, 0 ],
						"0.9583": [ 0, 0, 0 ],
						"1.2083": [ 0, 0, 0 ],
						"1.4583": [ 50, 0, 0 ]
					},
					"position": {
						"0.0": [ 0, 0, -0.25 ],
						"0.25": [ 0, 0, -0.5 ],
						"0.5417": [ 0, 1, -0.18 ],
						"0.7083": [ 0, 0, 0 ],
						"0.9583": [ 0, 0, -0.5 ],
						"1.2083": [ 0, 0, 0 ],
						"1.4583": [ 0, 0, -0.25 ]
					}
				},
				"left_front_leg": {
					"rotation": {
						"0.0": [ -50, 0, 0 ],
						"0.25": [ 0, 0, 0 ],
						"0.5": [ 0, 0, 0 ],
						"0.75": [ 50, 0, 0 ],
						"1.0": [ 50, 0, 0 ],
						"1.2917": [ -20, 0, 0 ],
						"1.4583": [ -50, 0, 0 ]
					},
					"position": {
						"0.0": [ 0, 0, 0 ],
						"0.25": [ 0, 0, -0.5 ],
						"0.5": [ 0, 0, 0 ],
						"1.0": [ 0, 0, -0.5 ],
						"1.2917": [ 0, 1, -0.18 ],
						"1.4583": [ 0, 0, 0 ]
					}
				}
			},
			"animation_length": 1.4583
		},
		"animation.rat.look_at_target": {
			"loop": true,
			"bones": {
				"head": {
					"relative_to": {
						"rotation": "entity"
					},
					"rotation": ["variable.x_head_rotation - this", "variable.y_head_rotation - this", 0]
				}
			}
		}
	}
}