{
	"format_version": "1.8.0",
	"animations": {
		"animation.soul_spirit.idle": {
			"loop": true,
			"animation_length": 2,
			"bones": {
				"head": {
					"position": {
						"0.0": {
							"post": [0, 0, 0],
							"lerp_mode": "catmullrom"
						},
						"1.0": {
							"post": [0, -0.5, 0],
							"lerp_mode": "catmullrom"
						},
						"2.0": {
							"post": [0, 0, 0],
							"lerp_mode": "catmullrom"
						}
					}
				}
			}
		},
		"animation.soul_spirit.fly": {
			"loop": true,
			"animation_length": 2,
			"bones": {
				"head": {
					"rotation": {
						"0.0": [65, 0, 0],
						"2.0": [65, 0, 360]
					}
				}
			}
		}
	}
}