{
	"format_version": "1.8.0",
	"animations": {
		"animation.tumbleweed.baby_transform": {
			"loop": true,
			"bones": {
				"head": {
					"position": [0, 4, 4],
					"scale": 2
				}
			}
		},
		"animation.tumbleweed.walk": {
			"loop": true,
			"animation_length": 1.5,
			"anim_time_update": "query.modified_distance_moved",
			"bones": {
				"leg0": {
					"rotation": ["math.cos(query.anim_time * 38.17) *  80.0", 0, 0]
				},
				"leg1": {
					"rotation": ["math.cos(query.anim_time * 38.17) * -80.0", 0, 0]
				},
				"leg2": {
					"rotation": ["math.cos(query.anim_time * 38.17) * -80.0", 0, 0]
				},
				"leg3": {
					"rotation": ["math.cos(query.anim_time * 38.17) *  80.0", 0, 0]
				},
				"root": {
					"rotation": {
						"0.0": [0, 0, 0],
						"1.5": [-360, 0, 0]
					}
				}
			}
		}
	}
}