{
  "pools": [
    {
      "rolls": 12,
      "entries": [
        {
          "type": "item",
          "name": "minecraft:sand",
          "functions": [
            {
              "function": "set_count",
              "count": {
                "min": 1,
                "max": 16
              }
            }
          ],
          "weight": 12
        },
        {
          "type": "item",
          "name": "minecraft:experience_bottle",
          "weight": 1
        },
        {
          "type": "item",
          "name": "minecraft:bone",
          "functions": [
            {
              "function": "set_count",
              "count": {
                "min": 1,
                "max": 4
              }
            }
          ],
          "weight": 8
        },
        {
          "type": "item",
          "name": "minecraft:gold_ingot",
          "functions": [
            {
              "function": "set_count",
              "count": {
                "min": 1,
                "max": 4
              }
            }
          ],
          "weight": 5
        },
        {
          "type": "item",
          "name": "minecraft:lapis_lazuli",
          "functions": [
            {
              "function": "set_count",
              "count": {
                "min": 1,
                "max": 4
              }
            }
          ],
          "weight": 8
        },
        {
          "type": "empty",
          "weight": 30
        },
        {
          "type": "item",
          "name": "minecraft:redstone",
          "functions": [
            {
              "function": "set_count",
              "count": {
                "min": 1,
                "max": 4
              }
            }
          ],
          "weight": 8
        },
        {
          "type": "item",
          "name": "chaospack:anubis_mask",
          "functions": [
            {
              "function": "set_count",
              "count": {
                "min": 1,
                "max": 4
              }
            }
          ],
          "weight": 1
        }
      ]
    }
  ]
}