{
  "pools": [
    {
      "rolls": {
        "min": 4,
        "max": 6
      },
      "entries": [
        {
          "type": "item",
          "name": "chaospack:stardust",
          "functions": [
            {
              "function": "set_count",
              "count": {
                "min": 1,
                "max": 5
              }
            }
          ],
          "weight": 60
        },
        {
          "type": "item",
          "name": "chaospack:starfruit_seeds",
          "functions": [
            {
              "function": "set_count",
              "count": {
                "min": 1,
                "max": 4
              }
            }
          ],
          "weight": 5
        },
        {
          "type": "empty",
          "weight": 40
        }
      ]
    },
    {
      "rolls": 1,
      "entries": [
        {
          "type": "empty",
          "weight": 2
        }
      ]
    },
    {
      "rolls": {
        "min": 5,
        "max": 8
      },
      "entries": [
        {
          "type": "item",
          "name": "minecraft:diamond",
          "functions": [
            {
              "function": "set_count",
              "count": {
                "min": 1,
                "max": 2
              }
            }
          ],
          "weight": 5
        },
        {
          "type": "item",
          "name": "chaospack:ender_shard",
          "functions": [
            {
              "function": "set_count",
              "count": {
                "min": 1,
                "max": 5
              }
            }
          ],
          "weight": 15
        },
        {
          "type": "empty",
          "weight": 25
        }
      ]
    }
  ]
}
