{
  "pools": [
    {
      "rolls": 12,
      "entries": [
        {
          "type": "item",
          "name": "chaospack:wild_shard",
          "functions": [
            {
              "function": "set_count",
              "count": {
                "min": 1,
                "max": 3
              }
            }
          ],
          "weight": 9
        },
        {
          "type": "item",
          "name": "chaospack:wild_blade",
          "weight": 1
        },
        {
          "type": "item",
          "name": "minecraft:bone",
          "functions": [
            {
              "function": "set_count",
              "count": {
                "min": 1,
                "max": 4
              }
            }
          ],
          "weight": 30
        },
        {
          "type": "item",
          "name": "minecraft:beef",
          "functions": [
            {
              "function": "set_count",
              "count": {
                "min": 1,
                "max": 2
              }
            }
          ],
          "weight": 10
        },
        {
          "type": "item",
          "name": "minecraft:iron_nugget",
          "weight": 10
        },
        {
          "type": "empty",
          "weight": 5
        },
        {
          "type": "item",
          "name": "minecraft:gold_nugget",
          "weight": 10
        },
        {
          "type": "item",
          "name": "minecraft:gold_ingot",
          "weight": 7
        },
        {
          "type": "item",
          "name": "minecraft:iron_ingot",
          "weight": 7
        },
        {
          "type": "item",
          "name": "chaospack:deer_hide",
          "functions": [
            {
              "function": "set_count",
              "count": {
                "min": 1,
                "max": 4
              }
            }
          ],
          "weight": 7
        },
        {
          "type": "item",
          "name": "chaospack:antler",
          "weight": 7,
          "functions": [
            {
              "function": "set_count",
              "count": {
                "min": 1,
                "max": 2
              }
            }
          ]
        }
      ]
    }
  ]
}