{
	"format_version": "1.19.0",
	"minecraft:geometry": [
		{
			"description": {
				"identifier": "geometry.bin_outdoor",
				"texture_width": 64,
				"texture_height": 64,
				"visible_bounds_width": 3,
				"visible_bounds_height": 3.5,
				"visible_bounds_offset": [0, 1.25, 0]
			},
			"bones": [
				{
					"name": "block",
					"pivot": [0, 0, 0],
					"cubes": [
						{
							"origin": [-6, 0, -6],
							"size": [12, 15, 12],
							"uv": {
								"north": {"uv": [14, 0], "uv_size": [12, 15]},
								"east": {"uv": [14, 0], "uv_size": [12, 15]},
								"south": {"uv": [14, 0], "uv_size": [12, 15]},
								"west": {"uv": [14, 0], "uv_size": [12, 15]},
								"up": {"uv": [0, 28], "uv_size": [12, 12]},
								"down": {"uv": [12, 42], "uv_size": [12, -12]}
							}
						},
						{
							"origin": [-7, 15, -7],
							"size": [14, 2, 14],
							"uv": {
								"north": {"uv": [14, 15], "uv_size": [14, 2]},
								"east": {"uv": [14, 15], "uv_size": [14, 2]},
								"south": {"uv": [14, 15], "uv_size": [14, 2]},
								"west": {"uv": [14, 15], "uv_size": [14, 2]},
								"up": {"uv": [0, 0], "uv_size": [14, 14]},
								"down": {"uv": [0, 28], "uv_size": [14, -14]}
							}
						},
						{
							"origin": [-2, 17, -1],
							"size": [4, 1, 2],
							"uv": {
								"north": {"uv": [14, 17], "uv_size": [4, 1]},
								"east": {"uv": [14, 18], "uv_size": [2, 1]},
								"south": {"uv": [14, 17], "uv_size": [4, 1]},
								"west": {"uv": [14, 18], "uv_size": [2, 1]},
								"up": {"uv": [18, 19], "uv_size": [-4, 2]},
								"down": {"uv": [18, 23], "uv_size": [-4, -2]}
							}
						}
					]
				}
			]
		}
	]
}