{
	"format_version": "1.19.0",
	"minecraft:geometry": [
		{
			"description": {
				"identifier": "geometry.button",
				"texture_width": 16,
				"texture_height": 16,
				"visible_bounds_width": 4,
				"visible_bounds_height": 2.5,
				"visible_bounds_offset": [0, 0.75, 0]
			},
			"bones": [
				{
					"name": "block",
					"pivot": [0, 0, 0],
					"cubes": [
						{
							"origin": [-3, 6, 6],
							"size": [6, 4, 2],
							"uv": {
								"north": {"uv": [5, 6], "uv_size": [6, 4]},
								"east": {"uv": [5, 6], "uv_size": [2, 4]},
								"south": {"uv": [5, 6], "uv_size": [6, 4]},
								"west": {"uv": [9, 6], "uv_size": [2, 4]},
								"up": {"uv": [11, 8], "uv_size": [-6, -2]},
								"down": {"uv": [11, 10], "uv_size": [-6, -2]}
							}
						}
					]
				}
			]
		}
	]
}