{
	"format_version": "1.19.0",
	"minecraft:geometry": [
		{
			"description": {
				"identifier": "geometry.cash_register",
				"texture_width": 48,
				"texture_height": 48,
				"visible_bounds_width": 2,
				"visible_bounds_height": 2.5,
				"visible_bounds_offset": [0, 0.75, 0]
			},
			"bones": [
				{
					"name": "block",
					"pivot": [0, 0, 0],
					"cubes": [
						{
							"origin": [-7, 0, -7],
							"size": [14, 8, 14],
							"uv": {
								"north": {"uv": [0, 23], "uv_size": [14, 8]},
								"east": {"uv": [0, 15], "uv_size": [15, 8]},
								"south": {"uv": [0, 31], "uv_size": [14, 8]},
								"west": {"uv": [0, 15], "uv_size": [15, 8]},
								"up": {"uv": [0, 0], "uv_size": [14, 15]},
								"down": {"uv": [28, 37], "uv_size": [-14, -14]}
							}
						},
						{
							"origin": [-6, 8, 1],
							"size": [12, 8, 7],
							"uv": {
								"north": {"uv": [15, 15], "uv_size": [12, 8]},
								"east": {"uv": [26, 0], "uv_size": [7, 8]},
								"south": {"uv": [14, 0], "uv_size": [12, 8]},
								"west": {"uv": [26, 0], "uv_size": [7, 8]},
								"up": {"uv": [14, 8], "uv_size": [12, 7]},
								"down": {"uv": [14, 15], "uv_size": [12, -7]}
							}
						}
					]
				}
			]
		}
	]
}