{
	"format_version": "1.19.0",
	"minecraft:geometry": [
		{
			"description": {
				"identifier": "geometry.ceiling_fan_light",
				"texture_width": 64,
				"texture_height": 64,
				"visible_bounds_width": 3,
				"visible_bounds_height": 3.5,
				"visible_bounds_offset": [0, 1.25, 0]
			},
			"bones": [
				{
					"name": "block",
					"pivot": [0, 0, 0],
					"cubes": [
						{
							"origin": [-15, 12, -15],
							"size": [30, 1, 30],
							"uv": {
								"north": {"uv": [34, 15], "uv_size": [30, 1]},
								"east": {"uv": [34, 16], "uv_size": [30, 1]},
								"south": {"uv": [34, 17], "uv_size": [30, 1]},
								"west": {"uv": [34, 18], "uv_size": [30, 1]},
								"up": {"uv": [0, 0], "uv_size": [30, 30]},
								"down": {"uv": [0, 60], "uv_size": [30, -30]}
							}
						},
						{
							"origin": [-2, 11, -2],
							"size": [4, 5, 4],
							"inflate": -0.5,
							"uv": {
								"north": {"uv": [30, 0], "uv_size": [4, 5]},
								"east": {"uv": [30, 0], "uv_size": [4, 5]},
								"south": {"uv": [30, 0], "uv_size": [4, 5]},
								"west": {"uv": [30, 0], "uv_size": [4, 5]},
								"up": {"uv": [34, 0], "uv_size": [4, 4]},
								"down": {"uv": [34, 4], "uv_size": [4, -4]}
							}
						},
						{
							"origin": [-2, 11, -2],
							"size": [4, 1, 4],
							"inflate": 0.5,
							"uv": {
								"north": {"uv": [30, 0], "uv_size": [4, 1]},
								"east": {"uv": [30, 0], "uv_size": [4, 1]},
								"south": {"uv": [30, 0], "uv_size": [4, 1]},
								"west": {"uv": [30, 0], "uv_size": [4, 1]},
								"up": {"uv": [34, 0], "uv_size": [4, 4]},
								"down": {"uv": [34, 4], "uv_size": [4, -4]}
							}
						},
						{
							"origin": [-2, 8, -2],
							"size": [4, 4, 4],
							"uv": {
								"north": {"uv": [34, 27], "uv_size": [4, 4]},
								"east": {"uv": [34, 31], "uv_size": [4, 4]},
								"south": {"uv": [34, 35], "uv_size": [4, 4]},
								"west": {"uv": [38, 0], "uv_size": [4, 4]},
								"up": {"uv": [38, 4], "uv_size": [4, 4]},
								"down": {"uv": [38, 12], "uv_size": [4, -4]}
							}
						}
					]
				}
			]
		}
	]
}