{
	"format_version": "1.19.0",
	"minecraft:geometry": [
		{
			"description": {
				"identifier": "geometry.clock_alarm",
				"texture_width": 32,
				"texture_height": 32,
				"visible_bounds_width": 2,
				"visible_bounds_height": 2.5,
				"visible_bounds_offset": [0, 0.75, 0]
			},
			"bones": [
				{
					"name": "block",
					"pivot": [0, 0, 0],
					"cubes": [
						{
							"origin": [-8, 0, -7],
							"size": [16, 6, 14],
							"uv": {
								"north": {"uv": [16, 0], "uv_size": [16, 6]},
								"east": {"uv": [16, 12], "uv_size": [14, 6]},
								"south": {"uv": [16, 6], "uv_size": [16, 6]},
								"west": {"uv": [16, 12], "uv_size": [14, 6]},
								"up": {"uv": [0, 0], "uv_size": [16, 14]},
								"down": {"uv": [0, 14], "uv_size": [16, -14]}
							}
						}
					]
				}
			]
		}
	]
}