{
	"format_version": "1.21.60",
	"minecraft:geometry": [
		{
			"description": {
				"identifier": "geometry.crop",
				"texture_width": 16,
				"texture_height": 16
			},
			"bones": [
				{
					"name": "crop",
					"pivot": [ 0, 0, 0 ],
					"cubes": [
						{
							"origin": [ -8, -1, -4 ],
							"size": [ 16, 16, 0 ],
							"uv": {
								"north": {
									"uv": [ 0, 0 ],
									"uv_size": [ 16, 16 ]
								},
								"south": {
									"uv": [ 0, 0 ],
									"uv_size": [ 16, 16 ]
								}
							}
						},
						{
							"origin": [ -8, -1, 4 ],
							"size": [ 16, 16, 0 ],
							"uv": {
								"north": {
									"uv": [ 0, 0 ],
									"uv_size": [ 16, 16 ]
								},
								"south": {
									"uv": [ 0, 0 ],
									"uv_size": [ 16, 16 ]
								}
							}
						},
						{
							"origin": [ 4, -1, -8 ],
							"size": [ 0, 16, 16 ],
							"uv": {
								"east": {
									"uv": [ 0, 0 ],
									"uv_size": [ 16, 16 ]
								},
								"west": {
									"uv": [ 0, 0 ],
									"uv_size": [ 16, 16 ]
								}
							}
						},
						{
							"origin": [ -4, -1, -8 ],
							"size": [ 0, 16, 16 ],
							"uv": {
								"east": {
									"uv": [ 0, 0 ],
									"uv_size": [ 16, 16 ]
								},
								"west": {
									"uv": [ 0, 0 ],
									"uv_size": [ 16, 16 ]
								}
							}
						}
					]
				}
			]
		}
	]
}