{
	"format_version": "1.19.0",
	"minecraft:geometry": [
		{
			"description": {
				"identifier": "geometry.dining_table_corner_2",
				"texture_width": 16,
				"texture_height": 16,
				"visible_bounds_width": 3,
				"visible_bounds_height": 2.5,
				"visible_bounds_offset": [0, 0.75, 0]
			},
			"bones": [
				{
					"name": "block",
					"pivot": [0, 0, 0],
					"cubes": [
						{
							"origin": [-8, 13, -8],
							"size": [16, 3, 16],
							"uv": {
								"north": {"uv": [0, 0], "uv_size": [16, 3]},
								"east": {"uv": [0, 0], "uv_size": [16, 3]},
								"south": {"uv": [0, 0], "uv_size": [16, 3]},
								"west": {"uv": [0, 0], "uv_size": [16, 3]},
								"up": {"uv": [16, 16], "uv_size": [-16, -16]},
								"down": {"uv": [16, 16], "uv_size": [-16, -16]}
							}
						},
						{
							"origin": [-7, 0, 4],
							"size": [3, 13, 3],
							"uv": {
								"north": {"uv": [0, 0], "uv_size": [3, 13]},
								"east": {"uv": [3, 0], "uv_size": [3, 13]},
								"south": {"uv": [6, 0], "uv_size": [3, 13]},
								"west": {"uv": [9, 0], "uv_size": [3, 13]},
								"up": {"uv": [3, 3], "uv_size": [-3, -3]},
								"down": {"uv": [16, 16], "uv_size": [-3, -3]}
							}
						}
					]
				}
			]
		}
	]
}