{
	"format_version": "1.19.0",
	"minecraft:geometry": [
		{
			"description": {
				"identifier": "geometry.doorbell",
				"texture_width": 16,
				"texture_height": 16,
				"visible_bounds_width": 3,
				"visible_bounds_height": 2.5,
				"visible_bounds_offset": [0, 0.75, 0]
			},
			"bones": [
				{
					"name": "block",
					"pivot": [0, 0, 0],
					"cubes": [
						{
							"origin": [-4, 3, 6],
							"size": [8, 10, 2],
							"uv": {
								"north": {"uv": [0, 0], "uv_size": [8, 10]},
								"east": {"uv": [6, 0], "uv_size": [2, 10]},
								"south": {"uv": [0, 0], "uv_size": [8, 10]},
								"west": {"uv": [0, 0], "uv_size": [2, 10]},
								"up": {"uv": [8, 2], "uv_size": [-8, -2]},
								"down": {"uv": [8, 2], "uv_size": [-8, -2]}
							}
						},
						{
							"origin": [-3, 5, 4],
							"size": [6, 6, 2],
							"uv": {
								"north": {"uv": [10, 10], "uv_size": [6, 6]},
								"east": {"uv": [14, 10], "uv_size": [2, 6]},
								"south": {"uv": [10, 10], "uv_size": [6, 6]},
								"west": {"uv": [10, 10], "uv_size": [2, 6]},
								"up": {"uv": [16, 12], "uv_size": [-6, -2]},
								"down": {"uv": [16, 16], "uv_size": [-6, -2]}
							}
						}
					]
				}
			]
		}
	]
}