{
	"format_version": "1.19.0",
	"minecraft:geometry": [
		{
			"description": {
				"identifier": "geometry.eldritch_rubber_ducky",
				"texture_width": 32,
				"texture_height": 32,
				"visible_bounds_width": 2,
				"visible_bounds_height": 2.5,
				"visible_bounds_offset": [0, 0.75, 0]
			},
			"bones": [
				{
					"name": "block",
					"pivot": [0, 0, 0],
					"cubes": [
						{
							"origin": [-3, 3, 2],
							"size": [6, 1, 2],
							"uv": {
								"north": {"uv": [10, 12], "uv_size": [6, 1]},
								"east": {"uv": [10, 11], "uv_size": [2, 1]},
								"south": {"uv": [10, 12], "uv_size": [6, 1]},
								"west": {"uv": [10, 11], "uv_size": [2, 1]},
								"up": {"uv": [12, 9], "uv_size": [6, 2]},
								"down": {"uv": [12, 11], "uv_size": [6, -2]}
							}
						},
						{
							"origin": [-2, 2, -5],
							"size": [4, 4, 4],
							"uv": {
								"north": {"uv": [24, 4], "uv_size": [4, 4]},
								"east": {"uv": [20, 8], "uv_size": [4, 4]},
								"south": {"uv": [20, 0], "uv_size": [4, 4]},
								"west": {"uv": [20, 4], "uv_size": [4, 4]},
								"up": {"uv": [24, 0], "uv_size": [4, 4]},
								"down": {"uv": [24, 4], "uv_size": [4, -4]}
							}
						},
						{
							"origin": [-2, 2, -6],
							"size": [4, 2, 1],
							"uv": {
								"north": {"uv": [16, 14], "uv_size": [4, 2]},
								"east": {"uv": [20, 14], "uv_size": [1, 2]},
								"south": {"uv": [16, 14], "uv_size": [4, 2]},
								"west": {"uv": [20, 14], "uv_size": [1, 2]},
								"up": {"uv": [20, 13], "uv_size": [4, 1]},
								"down": {"uv": [20, 14], "uv_size": [4, -1]}
							}
						}
					]
				},
				{
					"name": "Body",
					"parent": "block",
					"pivot": [0, 0, 0],
					"cubes": [
						{
							"origin": [-3, 1, -4],
							"size": [6, 2, 8],
							"uv": {
								"north": {"uv": [0, 2], "uv_size": [6, 2]},
								"east": {"uv": [0, 0], "uv_size": [8, 2]},
								"south": {"uv": [0, 2], "uv_size": [6, 2]},
								"west": {"uv": [0, 0], "uv_size": [8, 2]},
								"up": {"uv": [8, 0], "uv_size": [6, 8]},
								"down": {"uv": [8, 8], "uv_size": [6, -8]}
							}
						},
						{
							"origin": [-2, 0, -4],
							"size": [4, 1, 8],
							"uv": {
								"north": {"uv": [0, 4], "uv_size": [4, 1]},
								"east": {"uv": [0, 5], "uv_size": [8, 1]},
								"south": {"uv": [0, 4], "uv_size": [4, 1]},
								"west": {"uv": [0, 5], "uv_size": [8, 1]},
								"up": {"uv": [14, 0], "uv_size": [4, 8]},
								"down": {"uv": [14, 8], "uv_size": [4, -8]}
							}
						},
						{
							"origin": [-3, 0, -3],
							"size": [6, 1, 6],
							"uv": {
								"north": {"uv": [0, 6], "uv_size": [6, 1]},
								"east": {"uv": [0, 7], "uv_size": [6, 1]},
								"south": {"uv": [0, 6], "uv_size": [6, 1]},
								"west": {"uv": [0, 7], "uv_size": [6, 1]},
								"up": {"uv": [6, 8], "uv_size": [6, 6]},
								"down": {"uv": [6, 14], "uv_size": [6, -6]}
							}
						}
					]
				},
				{
					"name": "Hat",
					"parent": "block",
					"pivot": [0, 0, 0],
					"cubes": [
						{
							"origin": [-2.5, 5.5, -5],
							"size": [5, 1, 4],
							"uv": {
								"north": {"uv": [0, 22], "uv_size": [5, 1]},
								"east": {"uv": [0, 23], "uv_size": [4, 1]},
								"south": {"uv": [0, 22], "uv_size": [5, 1]},
								"west": {"uv": [0, 23], "uv_size": [4, 1]},
								"up": {"uv": [0, 18], "uv_size": [5, 4]},
								"down": {"uv": [0, 22], "uv_size": [5, -4]}
							}
						},
						{
							"origin": [-2, 5.5, -5.5],
							"size": [4, 1, 5],
							"uv": {
								"north": {"uv": [19, 17], "uv_size": [4, 1]},
								"east": {"uv": [18, 23], "uv_size": [5, 1]},
								"south": {"uv": [19, 17], "uv_size": [4, 1]},
								"west": {"uv": [18, 23], "uv_size": [5, 1]},
								"up": {"uv": [19, 18], "uv_size": [4, 5]},
								"down": {"uv": [19, 23], "uv_size": [4, -5]}
							}
						},
						{
							"origin": [-2, 6, -5],
							"size": [4, 3, 4],
							"uv": {
								"north": {"uv": [5, 23], "uv_size": [4, 3]},
								"east": {"uv": [9, 20], "uv_size": [4, 3]},
								"south": {"uv": [9, 23], "uv_size": [4, 3]},
								"west": {"uv": [9, 20], "uv_size": [4, 3]},
								"up": {"uv": [9, 16], "uv_size": [4, 4]},
								"down": {"uv": [9, 20], "uv_size": [4, -4]}
							}
						}
					]
				}
			]
		}
	]
}