{
	"format_version": "1.21.20",
	"minecraft:geometry": [
		{
			"description": {
				"identifier": "geometry.fence_corner",
				"texture_width": 16,
				"texture_height": 16,
				"visible_bounds_width": 3,
				"visible_bounds_height": 2.5,
				"visible_bounds_offset": [0, 0.75, 0]
			},
			"bones": [
				{
					"name": "block",
					"pivot": [0, 0, -7],
					"cubes": [
						{
							"origin": [-8, 6, -1],
							"size": [6, 3, 2],
							"uv": {
								"north": {"uv": [0, 1], "uv_size": [6, 3]},
								"east": {"uv": [10, 1], "uv_size": [2, 3]},
								"south": {"uv": [10, 1], "uv_size": [6, 3]},
								"west": {"uv": [10, 1], "uv_size": [2, 3]},
								"up": {"uv": [16, 4], "uv_size": [-6, -2]},
								"down": {"uv": [16, 4], "uv_size": [-6, -2]}
							}
						},
						{
							"origin": [-8, 12, -1],
							"size": [6, 3, 2],
							"uv": {
								"north": {"uv": [10, 1], "uv_size": [6, 3]},
								"east": {"uv": [10, 1], "uv_size": [2, 3]},
								"south": {"uv": [0, 1], "uv_size": [6, 3]},
								"west": {"uv": [10, 1], "uv_size": [2, 3]},
								"up": {"uv": [16, 4], "uv_size": [-6, -2]},
								"down": {"uv": [16, 4], "uv_size": [-6, -2]}
							}
						},
						{
							"origin": [-2, 0, -2],
							"size": [4, 16, 4],
							"uv": {
								"north": {"uv": [6, 0], "uv_size": [4, 16]},
								"east": {"uv": [6, 0], "uv_size": [4, 16]},
								"south": {"uv": [6, 0], "uv_size": [4, 16]},
								"west": {"uv": [6, 0], "uv_size": [4, 16]},
								"up": {"uv": [10, 4], "uv_size": [-4, -4]},
								"down": {"uv": [10, 16], "uv_size": [-4, -4]}
							}
						},
						{
							"origin": [-1, 12, 10],
							"size": [6, 3, 2],
							"pivot": [-7, 12, 4],
							"rotation": [0, 90, 0],
							"uv": {
								"north": {"uv": [0, 1], "uv_size": [6, 3]},
								"east": {"uv": [10, 1], "uv_size": [2, 3]},
								"south": {"uv": [10, 1], "uv_size": [6, 3]},
								"west": {"uv": [10, 1], "uv_size": [2, 3]},
								"up": {"uv": [16, 4], "uv_size": [-6, -2]},
								"down": {"uv": [16, 4], "uv_size": [-6, -2]}
							}
						},
						{
							"origin": [-1, 6, 10],
							"size": [6, 3, 2],
							"pivot": [-7, 6, 4],
							"rotation": [0, 90, 0],
							"uv": {
								"north": {"uv": [10, 1], "uv_size": [6, 3]},
								"east": {"uv": [10, 1], "uv_size": [2, 3]},
								"south": {"uv": [0, 1], "uv_size": [6, 3]},
								"west": {"uv": [10, 1], "uv_size": [2, 3]},
								"up": {"uv": [16, 4], "uv_size": [-6, -2]},
								"down": {"uv": [16, 4], "uv_size": [-6, -2]}
							}
						}
					]
				}
			]
		}
	]
}