{
	"format_version": "1.21.20",
	"minecraft:geometry": [
		{
			"description": {
				"identifier": "geometry.fence_quarter",
				"texture_width": 16,
				"texture_height": 16,
				"visible_bounds_width": 3,
				"visible_bounds_height": 3.5,
				"visible_bounds_offset": [0, 1.25, 0]
			},
			"bones": [
				{
					"name": "block",
					"pivot": [7, 0, 0],
					"rotation": [0, -90, 0],
					"cubes": [
						{
							"origin": [5, 0, 5],
							"size": [4, 16, 4],
							"uv": {
								"north": {"uv": [6, 0], "uv_size": [4, 16]},
								"east": {"uv": [6, 0], "uv_size": [4, 16]},
								"south": {"uv": [6, 0], "uv_size": [4, 16]},
								"west": {"uv": [6, 0], "uv_size": [4, 16]},
								"up": {"uv": [10, 4], "uv_size": [-4, -4]},
								"down": {"uv": [10, 16], "uv_size": [-4, -4]}
							}
						},
						{
							"origin": [-1, 12, 6],
							"size": [6, 3, 2],
							"uv": {
								"north": {"uv": [0, 1], "uv_size": [6, 3]},
								"east": {"uv": [10, 1], "uv_size": [2, 3]},
								"south": {"uv": [10, 1], "uv_size": [6, 3]},
								"west": {"uv": [10, 1], "uv_size": [2, 3]},
								"up": {"uv": [16, 4], "uv_size": [-6, -2]},
								"down": {"uv": [16, 4], "uv_size": [-6, -2]}
							}
						},
						{
							"origin": [-1, 6, 6],
							"size": [6, 3, 2],
							"uv": {
								"north": {"uv": [10, 1], "uv_size": [6, 3]},
								"east": {"uv": [10, 1], "uv_size": [2, 3]},
								"south": {"uv": [0, 1], "uv_size": [6, 3]},
								"west": {"uv": [10, 1], "uv_size": [2, 3]},
								"up": {"uv": [16, 4], "uv_size": [-6, -2]},
								"down": {"uv": [16, 4], "uv_size": [-6, -2]}
							}
						}
					]
				}
			]
		}
	]
}