{
	"format_version": "1.19.0",
	"minecraft:geometry": [
		{
			"description": {
				"identifier": "geometry.fence_gate_open",
				"texture_width": 16,
				"texture_height": 16,
				"visible_bounds_width": 2,
				"visible_bounds_height": 2.5,
				"visible_bounds_offset": [0, 0.75, 0]
			},
			"bones": [
				{
					"name": "block",
					"pivot": [0, 0, 0]
				},
				{
					"name": "Left",
					"parent": "block",
					"pivot": [-7, 0, 7],
					"rotation": [0, -90, 0],
					"cubes": [
						{
							"origin": [-15, 5, 6],
							"size": [2, 11, 2],
							"uv": {
								"north": {"uv": [0, 0], "uv_size": [2, 11]},
								"east": {"uv": [0, 0], "uv_size": [2, 11]},
								"south": {"uv": [0, 0], "uv_size": [2, 11]},
								"west": {"uv": [0, 0], "uv_size": [2, 11]},
								"up": {"uv": [2, 2], "uv_size": [-2, -2]},
								"down": {"uv": [2, 2], "uv_size": [-2, -2]}
							}
						},
						{
							"origin": [-13, 6, 6],
							"size": [4, 3, 2],
							"uv": {
								"north": {"uv": [2, 7], "uv_size": [4, 3]},
								"east": {"uv": [2, 7], "uv_size": [2, 3]},
								"south": {"uv": [2, 7], "uv_size": [4, 3]},
								"west": {"uv": [2, 7], "uv_size": [2, 3]},
								"up": {"uv": [6, 9], "uv_size": [-4, -2]},
								"down": {"uv": [6, 9], "uv_size": [-4, -2]}
							}
						},
						{
							"origin": [-13, 12, 6],
							"size": [4, 3, 2],
							"uv": {
								"north": {"uv": [2, 7], "uv_size": [4, 3]},
								"east": {"uv": [2, 1], "uv_size": [2, 3]},
								"south": {"uv": [2, 1], "uv_size": [4, 3]},
								"west": {"uv": [2, 1], "uv_size": [2, 3]},
								"up": {"uv": [6, 3], "uv_size": [-4, -2]},
								"down": {"uv": [6, 3], "uv_size": [-4, -2]}
							}
						},
						{
							"origin": [-9, 6, 6],
							"size": [2, 9, 2],
							"uv": {
								"north": {"uv": [6, 1], "uv_size": [2, 9]},
								"east": {"uv": [6, 1], "uv_size": [2, 9]},
								"south": {"uv": [6, 1], "uv_size": [2, 9]},
								"west": {"uv": [6, 1], "uv_size": [2, 9]},
								"up": {"uv": [8, 3], "uv_size": [-2, -2]},
								"down": {"uv": [8, 3], "uv_size": [-2, -2]}
							}
						}
					]
				},
				{
					"name": "Right",
					"parent": "block",
					"pivot": [7, 0, 7],
					"rotation": [0, 90, 0],
					"cubes": [
						{
							"origin": [13, 5, 6],
							"size": [2, 11, 2],
							"uv": {
								"north": {"uv": [14, 0], "uv_size": [2, 11]},
								"east": {"uv": [14, 0], "uv_size": [2, 11]},
								"south": {"uv": [14, 0], "uv_size": [2, 11]},
								"west": {"uv": [14, 0], "uv_size": [2, 11]},
								"up": {"uv": [16, 2], "uv_size": [-2, -2]},
								"down": {"uv": [16, 2], "uv_size": [-2, -2]}
							}
						},
						{
							"origin": [9, 6, 6],
							"size": [4, 3, 2],
							"uv": {
								"north": {"uv": [10, 7], "uv_size": [4, 3]},
								"east": {"uv": [12, 7], "uv_size": [2, 3]},
								"south": {"uv": [10, 7], "uv_size": [4, 3]},
								"west": {"uv": [12, 7], "uv_size": [2, 3]},
								"up": {"uv": [14, 9], "uv_size": [-4, -2]},
								"down": {"uv": [14, 9], "uv_size": [-4, -2]}
							}
						},
						{
							"origin": [9, 12, 6],
							"size": [4, 3, 2],
							"uv": {
								"north": {"uv": [2, 7], "uv_size": [4, 3]},
								"east": {"uv": [12, 1], "uv_size": [2, 3]},
								"south": {"uv": [10, 1], "uv_size": [4, 3]},
								"west": {"uv": [12, 1], "uv_size": [2, 3]},
								"up": {"uv": [14, 3], "uv_size": [-4, -2]},
								"down": {"uv": [14, 3], "uv_size": [-4, -2]}
							}
						},
						{
							"origin": [7, 6, 6],
							"size": [2, 9, 2],
							"uv": {
								"north": {"uv": [8, 1], "uv_size": [2, 9]},
								"east": {"uv": [8, 1], "uv_size": [2, 9]},
								"south": {"uv": [8, 1], "uv_size": [2, 9]},
								"west": {"uv": [8, 1], "uv_size": [2, 9]},
								"up": {"uv": [8, 3], "uv_size": [-2, -2]},
								"down": {"uv": [8, 10], "uv_size": [-2, -2]}
							}
						}
					]
				}
			]
		}
	]
}