{
	"format_version": "1.19.0",
	"minecraft:geometry": [
		{
			"description": {
				"identifier": "geometry.glass_jar",
				"texture_width": 16,
				"texture_height": 16,
				"visible_bounds_width": 2,
				"visible_bounds_height": 2.5,
				"visible_bounds_offset": [0, 0.75, 0]
			},
			"bones": [
				{
					"name": "block",
					"pivot": [0, 0, 0],
					"cubes": [
						{
							"origin": [-3, 8, -3],
							"size": [6, 1, 6],
							"uv": {
								"north": {"uv": [0, 14], "uv_size": [6, 1]},
								"east": {"uv": [0, 14], "uv_size": [6, 1]},
								"south": {"uv": [0, 14], "uv_size": [6, 1]},
								"west": {"uv": [0, 14], "uv_size": [6, 1]},
								"up": {"uv": [0, 8], "uv_size": [6, 6]},
								"down": {"uv": [0, 14], "uv_size": [6, -6]}
							}
						},
						{
							"origin": [-4, 0, -4],
							"size": [8, 8, 8],
							"uv": {
								"north": {"uv": [0, 0], "uv_size": [8, 8]},
								"east": {"uv": [0, 0], "uv_size": [8, 8]},
								"south": {"uv": [0, 0], "uv_size": [8, 8]},
								"west": {"uv": [0, 0], "uv_size": [8, 8]},
								"up": {"uv": [8, 0], "uv_size": [8, 8]},
								"down": {"uv": [0, 8], "uv_size": [8, -8]}
							}
						}
					]
				}
			]
		}
	]
}