{
	"format_version": "1.12.0",
	"minecraft:geometry": [
		{
			"description": {
				"identifier": "geometry.gravestone",
				"texture_width": 64,
				"texture_height": 64,
				"visible_bounds_width": 3,
				"visible_bounds_height": 2.5,
				"visible_bounds_offset": [0, 0.75, 0]
			},
			"bones": [
				{
					"name": "bb_main",
					"pivot": [0, 0, 0],
					"cubes": [
						{"origin": [-6, 0, 5], "size": [12, 14, 3], "uv": [0, 30]},
						{"origin": [-7, 0, 5], "size": [1, 13, 3], "uv": [38, 30]},
						{"origin": [6, 0, 5], "size": [1, 13, 3], "uv": [30, 30]},
						{"origin": [-6.9, 0, -8], "size": [13.8, 1, 13], "uv": [2, 1]},
						{"origin": [-6, 1, -8], "size": [12, 1, 13], "uv": [1, 16]}
					]
				}
			]
		}
	]
}