{
	"format_version": "1.19.0",
	"minecraft:geometry": [
		{
			"description": {
				"identifier": "geometry.lamp",
				"texture_width": 32,
				"texture_height": 32,
				"visible_bounds_width": 2,
				"visible_bounds_height": 3.5,
				"visible_bounds_offset": [0, 1.25, 0]
			},
			"bones": [
				{
					"name": "block",
					"pivot": [0, 0, 0]
				},
				{
					"name": "base",
					"parent": "block",
					"pivot": [0, 0, 0],
					"cubes": [
						{
							"origin": [-5, 0, -5],
							"size": [10, 1, 10],
							"uv": {
								"north": {"uv": [0, 0], "uv_size": [10, 2]},
								"east": {"uv": [0, 0], "uv_size": [10, 2]},
								"south": {"uv": [0, 0], "uv_size": [10, 2]},
								"west": {"uv": [0, 0], "uv_size": [16, 2]},
								"up": {"uv": [10, 10], "uv_size": [-10, -10]},
								"down": {"uv": [10, 10], "uv_size": [-10, -10]}
							}
						},
						{
							"origin": [-6, 1, -6],
							"size": [12, 2, 12],
							"uv": {
								"north": {"uv": [0, 0], "uv_size": [12, 2]},
								"east": {"uv": [0, 0], "uv_size": [12, 2]},
								"south": {"uv": [0, 0], "uv_size": [12, 2]},
								"west": {"uv": [0, 0], "uv_size": [12, 2]},
								"up": {"uv": [12, 12], "uv_size": [-12, -12]},
								"down": {"uv": [12, 12], "uv_size": [-12, -12]}
							}
						},
						{
							"origin": [-6, 3, -6],
							"size": [12, 3, 12],
							"inflate": 0.5,
							"uv": {
								"north": {"uv": [0, 0], "uv_size": [12, 3]},
								"east": {"uv": [0, 0], "uv_size": [12, 3]},
								"south": {"uv": [0, 0], "uv_size": [12, 3]},
								"west": {"uv": [0, 0], "uv_size": [12, 3]},
								"up": {"uv": [12, 12], "uv_size": [-12, -12]},
								"down": {"uv": [12, 12], "uv_size": [-12, -12]}
							}
						},
						{
							"origin": [-5, 7, -5],
							"size": [10, 2, 10],
							"inflate": 0.5,
							"uv": {
								"north": {"uv": [0, 0], "uv_size": [10, 2]},
								"east": {"uv": [0, 0], "uv_size": [10, 2]},
								"south": {"uv": [0, 0], "uv_size": [10, 2]},
								"west": {"uv": [0, 0], "uv_size": [10, 2]},
								"up": {"uv": [10, 10], "uv_size": [-10, -10]},
								"down": {"uv": [10, 10], "uv_size": [-10, -10]}
							}
						},
						{
							"origin": [-3, 10, -3],
							"size": [6, 1, 6],
							"inflate": 0.5,
							"uv": {
								"north": {"uv": [0, 0], "uv_size": [6, 2]},
								"east": {"uv": [0, 0], "uv_size": [6, 2]},
								"south": {"uv": [0, 0], "uv_size": [6, 2]},
								"west": {"uv": [0, 0], "uv_size": [6, 2]},
								"up": {"uv": [6, 6], "uv_size": [-6, -6]},
								"down": {"uv": [6, 6], "uv_size": [-6, -6]}
							}
						}
					]
				},
				{
					"name": "top",
					"parent": "block",
					"pivot": [0, 0, 0],
					"cubes": [
						{
							"origin": [-8, 10, -8],
							"size": [16, 16, 16],
							"inflate": -1,
							"uv": {
								"north": {"uv": [0, 16], "uv_size": [16, 16]},
								"east": {"uv": [0, 16], "uv_size": [16, 16]},
								"south": {"uv": [0, 16], "uv_size": [16, 16]},
								"west": {"uv": [0, 16], "uv_size": [16, 16]},
								"up": {"uv": [16, 32], "uv_size": [-16, -16]},
								"down": {"uv": [16, 32], "uv_size": [-16, -16]}
							}
						}
					]
				}
			]
		}
	]
}