{
	"format_version": "1.19.0",
	"minecraft:geometry": [
		{
			"description": {
				"identifier": "geometry.large_flower_pot",
				"texture_width": 64,
				"texture_height": 64,
				"visible_bounds_width": 3,
				"visible_bounds_height": 2.5,
				"visible_bounds_offset": [0, 0.75, 0]
			},
			"bones": [
				{
					"name": "block",
					"pivot": [0, 0, 0],
					"cubes": [
						{
							"origin": [-7, 0, -7],
							"size": [14, 1, 14],
							"uv": {
								"north": {"uv": [0, 47], "uv_size": [14, 1]},
								"east": {"uv": [0, 46], "uv_size": [14, 1]},
								"south": {"uv": [0, 47], "uv_size": [14, 1]},
								"west": {"uv": [0, 46], "uv_size": [14, 1]},
								"up": {"uv": [0, 32], "uv_size": [14, 14]},
								"down": {"uv": [0, 46], "uv_size": [14, -14]}
							}
						},
						{
							"origin": [-8, 1, -8],
							"size": [16, 13, 16],
							"uv": {
								"north": {"uv": [0, 0], "uv_size": [16, 13]},
								"east": {"uv": [0, 0], "uv_size": [16, 13]},
								"south": {"uv": [0, 0], "uv_size": [16, 13]},
								"west": {"uv": [0, 0], "uv_size": [16, 13]},
								"up": {"uv": [0, 16], "uv_size": [16, 16]},
								"down": {"uv": [16, 16], "uv_size": [16, -16]}
							}
						},
						{
							"origin": [-9, 14, -8],
							"size": [2, 2, 16],
							"uv": {
								"north": {"uv": [16, 0], "uv_size": [2, 2]},
								"east": {"uv": [16, 0], "uv_size": [16, 2]},
								"south": {"uv": [16, 0], "uv_size": [2, 2]},
								"west": {"uv": [16, 0], "uv_size": [16, 2]},
								"up": {"uv": [16, 0], "uv_size": [2, 13]},
								"down": {"uv": [16, 13], "uv_size": [2, -13]}
							}
						},
						{
							"origin": [-9, 14, -8],
							"size": [2, 2, 16],
							"pivot": [0, 15, 0],
							"rotation": [0, -90, 0],
							"uv": {
								"north": {"uv": [16, 0], "uv_size": [2, 2]},
								"east": {"uv": [16, 0], "uv_size": [16, 2]},
								"south": {"uv": [16, 0], "uv_size": [2, 2]},
								"west": {"uv": [16, 0], "uv_size": [16, 2]},
								"up": {"uv": [16, 0], "uv_size": [2, 13]},
								"down": {"uv": [16, 13], "uv_size": [2, -13]}
							}
						},
						{
							"origin": [-9, 14, -8],
							"size": [2, 2, 16],
							"pivot": [0, 15, 0],
							"rotation": [-180, 0, 180],
							"uv": {
								"north": {"uv": [16, 0], "uv_size": [2, 2]},
								"east": {"uv": [16, 0], "uv_size": [16, 2]},
								"south": {"uv": [16, 0], "uv_size": [2, 2]},
								"west": {"uv": [16, 0], "uv_size": [16, 2]},
								"up": {"uv": [16, 0], "uv_size": [2, 13]},
								"down": {"uv": [16, 13], "uv_size": [2, -13]}
							}
						},
						{
							"origin": [-9, 14, -8],
							"size": [2, 2, 16],
							"pivot": [0, 15, 0],
							"rotation": [0, 90, 0],
							"uv": {
								"north": {"uv": [16, 0], "uv_size": [2, 2]},
								"east": {"uv": [16, 0], "uv_size": [16, 2]},
								"south": {"uv": [16, 0], "uv_size": [2, 2]},
								"west": {"uv": [16, 0], "uv_size": [16, 2]},
								"up": {"uv": [16, 0], "uv_size": [2, 13]},
								"down": {"uv": [16, 13], "uv_size": [2, -13]}
							}
						}
					]
				}
			]
		}
	]
}