{
	"format_version": "1.19.0",
	"minecraft:geometry": [
		{
			"description": {
				"identifier": "geometry.panel_fence_three",
				"texture_width": 64,
				"texture_height": 64,
				"visible_bounds_width": 3,
				"visible_bounds_height": 2.5,
				"visible_bounds_offset": [0, 0.75, 0]
			},
			"bones": [
				{
					"name": "root",
					"pivot": [0, 1, -6],
					"cubes": [
						{
							"origin": [-8, 0.5, -2],
							"size": [16, 3.5, 4],
							"uv": {
								"north": {"uv": [0, 60], "uv_size": [32, 4]},
								"east": {"uv": [0, 60], "uv_size": [8, 4]},
								"south": {"uv": [0, 60], "uv_size": [32, 4]},
								"west": {"uv": [24, 60], "uv_size": [8, 4]},
								"up": {"uv": [0, 56], "uv_size": [32, 8]},
								"down": {"uv": [0, 64], "uv_size": [32, -8]}
							}
						},
						{
							"origin": [-8, 4.5, -2],
							"size": [16, 3.5, 4],
							"uv": {
								"north": {"uv": [0, 52], "uv_size": [32, 4]},
								"east": {"uv": [0, 52], "uv_size": [8, 4]},
								"south": {"uv": [0, 52], "uv_size": [32, 4]},
								"west": {"uv": [24, 52], "uv_size": [8, 4]},
								"up": {"uv": [0, 48], "uv_size": [32, 8]},
								"down": {"uv": [0, 56], "uv_size": [32, -8]}
							}
						},
						{
							"origin": [-8, 8.5, -2],
							"size": [16, 3.5, 4],
							"uv": {
								"north": {"uv": [0, 44], "uv_size": [32, 4]},
								"east": {"uv": [0, 44], "uv_size": [8, 4]},
								"south": {"uv": [0, 44], "uv_size": [32, 4]},
								"west": {"uv": [24, 44], "uv_size": [8, 4]},
								"up": {"uv": [0, 40], "uv_size": [32, 8]},
								"down": {"uv": [0, 48], "uv_size": [32, -8]}
							}
						},
						{
							"origin": [-8, 12.5, -2],
							"size": [16, 3.5, 4],
							"uv": {
								"north": {"uv": [0, 32], "uv_size": [32, 4]},
								"east": {"uv": [0, 32], "uv_size": [8, 4]},
								"south": {"uv": [0, 32], "uv_size": [32, 4]},
								"west": {"uv": [24, 32], "uv_size": [8, 4]},
								"up": {"uv": [0, 32], "uv_size": [32, 8]},
								"down": {"uv": [0, 40], "uv_size": [32, -8]}
							}
						},
						{
							"origin": [-8, 0, -1],
							"size": [16, 15, 2],
							"uv": {
								"north": {"uv": [0, 0], "uv_size": [32, 32]},
								"east": {"uv": [36, 0], "uv_size": [-4, 32]},
								"south": {"uv": [0, 0], "uv_size": [32, 32]},
								"west": {"uv": [36, 0], "uv_size": [4, 32]},
								"up": {"uv": [64, 36], "uv_size": [-32, -4]},
								"down": {"uv": [32, 32], "uv_size": [-32, -4]}
							}
						},
						{
							"origin": [-8, 0.5, -2],
							"size": [8, 3.5, 4],
							"pivot": [0, 0, 0],
							"rotation": [0, -90, 0],
							"uv": {
								"north": {"uv": [0, 60], "uv_size": [8, 4]},
								"east": {"uv": [0, 60], "uv_size": [8, 4]},
								"south": {"uv": [0, 60], "uv_size": [8, 4]},
								"west": {"uv": [24, 60], "uv_size": [8, 4]},
								"up": {"uv": [0, 56], "uv_size": [32, 8]},
								"down": {"uv": [0, 64], "uv_size": [32, -8]}
							}
						},
						{
							"origin": [-8, 0, -1],
							"size": [8, 15, 2],
							"pivot": [0, 0, 0],
							"rotation": [0, -90, 0],
							"uv": {
								"north": {"uv": [0, 0], "uv_size": [16, 28]},
								"east": {"uv": [36, 0], "uv_size": [-4, 32]},
								"south": {"uv": [0, 0], "uv_size": [16, 28]},
								"west": {"uv": [36, 0], "uv_size": [4, 32]},
								"up": {"uv": [64, 36], "uv_size": [-32, -4]},
								"down": {"uv": [32, 32], "uv_size": [-32, -4]}
							}
						},
						{
							"origin": [-8, 12.5, -2],
							"size": [6, 3.5, 4],
							"pivot": [0, 0, 0],
							"rotation": [0, -90, 0],
							"uv": {
								"north": {"uv": [0, 32], "uv_size": [16, 4]},
								"east": {"uv": [0, 32], "uv_size": [8, 4]},
								"south": {"uv": [0, 32], "uv_size": [16, 4]},
								"west": {"uv": [24, 32], "uv_size": [8, 4]},
								"up": {"uv": [0, 32], "uv_size": [12, 8]},
								"down": {"uv": [0, 40], "uv_size": [12, -8]}
							}
						},
						{
							"origin": [-8, 8.5, -2],
							"size": [8, 3.5, 4],
							"pivot": [0, 0, 0],
							"rotation": [0, -90, 0],
							"uv": {
								"north": {"uv": [0, 44], "uv_size": [16, 4]},
								"east": {"uv": [0, 44], "uv_size": [8, 4]},
								"south": {"uv": [0, 44], "uv_size": [16, 4]},
								"west": {"uv": [24, 44], "uv_size": [8, 4]},
								"up": {"uv": [0, 40], "uv_size": [32, 8]},
								"down": {"uv": [0, 48], "uv_size": [32, -8]}
							}
						},
						{
							"origin": [-8, 4.5, -2],
							"size": [8, 3.5, 4],
							"pivot": [0, 0, 0],
							"rotation": [0, -90, 0],
							"uv": {
								"north": {"uv": [0, 52], "uv_size": [16, 4]},
								"east": {"uv": [0, 52], "uv_size": [8, 4]},
								"south": {"uv": [0, 52], "uv_size": [16, 4]},
								"west": {"uv": [24, 52], "uv_size": [8, 4]},
								"up": {"uv": [0, 48], "uv_size": [32, 8]},
								"down": {"uv": [0, 56], "uv_size": [32, -8]}
							}
						}
					]
				}
			]
		}
	]
}