{
	"format_version": "1.19.0",
	"minecraft:geometry": [
		{
			"description": {
				"identifier": "geometry.panel_fence_one",
				"texture_width": 64,
				"texture_height": 64,
				"visible_bounds_width": 3,
				"visible_bounds_height": 2.5,
				"visible_bounds_offset": [0, 0.75, 0]
			},
			"bones": [
				{
					"name": "root",
					"pivot": [7, 1, -6],
					"cubes": [
						{
							"origin": [-1, 0.5, -2],
							"size": [2, 3.5, 4],
							"uv": {
								"north": {"uv": [0, 56], "uv_size": [4, 8]},
								"east": {"uv": [0, 56], "uv_size": [8, 8]},
								"south": {"uv": [0, 56], "uv_size": [4, 8]},
								"west": {"uv": [24, 56], "uv_size": [8, 8]},
								"up": {"uv": [0, 56], "uv_size": [4, 8]},
								"down": {"uv": [0, 64], "uv_size": [4.5, -8.25]}
							}
						},
						{
							"origin": [-1, 4.5, -2],
							"size": [2, 3.5, 4],
							"uv": {
								"north": {"uv": [0, 48], "uv_size": [4, 8]},
								"east": {"uv": [0, 48], "uv_size": [8, 8]},
								"south": {"uv": [0, 48], "uv_size": [4, 8]},
								"west": {"uv": [24, 48], "uv_size": [8, 8]},
								"up": {"uv": [0, 48], "uv_size": [4, 8]},
								"down": {"uv": [0, 56], "uv_size": [4.5, -8.25]}
							}
						},
						{
							"origin": [-1, 8.5, -2],
							"size": [2, 3.5, 4],
							"uv": {
								"north": {"uv": [0, 40], "uv_size": [4, 8]},
								"east": {"uv": [0, 40], "uv_size": [8, 8]},
								"south": {"uv": [0, 40], "uv_size": [4, 8]},
								"west": {"uv": [24, 40], "uv_size": [8, 8]},
								"up": {"uv": [0, 40], "uv_size": [4, 8]},
								"down": {"uv": [0, 48], "uv_size": [4.5, -8.25]}
							}
						},
						{
							"origin": [-1, 12.5, -2],
							"size": [2, 3.5, 4],
							"uv": {
								"north": {"uv": [0, 32], "uv_size": [4, 8]},
								"east": {"uv": [0, 32], "uv_size": [8, 8]},
								"south": {"uv": [0, 32], "uv_size": [4, 8]},
								"west": {"uv": [24, 32], "uv_size": [8, 8]},
								"up": {"uv": [4, 40], "uv_size": [-4, -8]},
								"down": {"uv": [4, 40], "uv_size": [-4, -8]}
							}
						},
						{
							"origin": [-0.9, 0, -1],
							"size": [1.8, 15, 2],
							"uv": {
								"north": {"uv": [0, 0], "uv_size": [2, 32]},
								"east": {"uv": [36, 0], "uv_size": [-4, 32]},
								"south": {"uv": [0, 0], "uv_size": [2, 32]},
								"west": {"uv": [36, 0], "uv_size": [4, 32]},
								"up": {"uv": [64, 36], "uv_size": [-32, -4]},
								"down": {"uv": [32, 32], "uv_size": [-32, -4]}
							}
						}
					]
				}
			]
		}
	]
}