{
	"format_version": "1.19.0",
	"minecraft:geometry": [
		{
			"description": {
				"identifier": "geometry.panel_fence_corner",
				"texture_width": 64,
				"texture_height": 64,
				"visible_bounds_width": 4,
				"visible_bounds_height": 2.5,
				"visible_bounds_offset": [0, 0.75, 0]
			},
			"bones": [
				{
					"name": "root",
					"pivot": [0, 1, -6],
					"cubes": [
						{
							"origin": [-8, 0.5, -2],
							"size": [6, 3.5, 4],
							"uv": {
								"north": {"uv": [0, 56], "uv_size": [12, 8]},
								"east": {"uv": [0, 60], "uv_size": [8, 4]},
								"south": {"uv": [0, 56], "uv_size": [12, 8]},
								"west": {"uv": [24, 60], "uv_size": [8, 4]},
								"up": {"uv": [0, 56], "uv_size": [32, 8]},
								"down": {"uv": [0, 64], "uv_size": [32, -8]}
							}
						},
						{
							"origin": [-8, 4.5, -2],
							"size": [6, 3.5, 4],
							"uv": {
								"north": {"uv": [0, 48], "uv_size": [12, 8]},
								"east": {"uv": [0, 52], "uv_size": [8, 4]},
								"south": {"uv": [0, 48], "uv_size": [12, 8]},
								"west": {"uv": [24, 52], "uv_size": [8, 4]},
								"up": {"uv": [0, 48], "uv_size": [32, 8]},
								"down": {"uv": [0, 56], "uv_size": [32, -8]}
							}
						},
						{
							"origin": [-8, 8.5, -2],
							"size": [6, 3.5, 4],
							"uv": {
								"north": {"uv": [0, 40], "uv_size": [12, 8]},
								"east": {"uv": [0, 44], "uv_size": [8, 4]},
								"south": {"uv": [0, 40], "uv_size": [12, 8]},
								"west": {"uv": [24, 44], "uv_size": [8, 4]},
								"up": {"uv": [0, 40], "uv_size": [32, 8]},
								"down": {"uv": [0, 48], "uv_size": [32, -8]}
							}
						},
						{
							"origin": [-8, 12.5, -2],
							"size": [6, 3.5, 4],
							"uv": {
								"north": {"uv": [0, 32], "uv_size": [12, 8]},
								"east": {"uv": [0, 32], "uv_size": [8, 4]},
								"south": {"uv": [0, 32], "uv_size": [12, 8]},
								"west": {"uv": [24, 32], "uv_size": [8, 4]},
								"up": {"uv": [12, 40], "uv_size": [-12, -8]},
								"down": {"uv": [0, 40], "uv_size": [32, -8]}
							}
						},
						{
							"origin": [-8, 0, -1],
							"size": [7, 15, 2],
							"uv": {
								"north": {"uv": [0, 0], "uv_size": [14, 28]},
								"east": {"uv": [36, 0], "uv_size": [-4, 32]},
								"south": {"uv": [0, 0], "uv_size": [14, 28]},
								"west": {"uv": [36, 0], "uv_size": [4, 32]},
								"up": {"uv": [64, 36], "uv_size": [-32, -4]},
								"down": {"uv": [32, 32], "uv_size": [-32, -4]}
							}
						},
						{
							"origin": [-8, 0.5, -2],
							"size": [10, 3.5, 4],
							"pivot": [0, 0, 0],
							"rotation": [0, -90, 0],
							"uv": {
								"north": {"uv": [0, 56], "uv_size": [20, 8]},
								"east": {"uv": [0, 60], "uv_size": [8, 4]},
								"south": {"uv": [0, 56], "uv_size": [20, 8]},
								"west": {"uv": [24, 56], "uv_size": [8, 8]},
								"up": {"uv": [0, 56], "uv_size": [32, 8]},
								"down": {"uv": [0, 64], "uv_size": [32, -8]}
							}
						},
						{
							"origin": [-8, 0, -1],
							"size": [9, 15, 2],
							"pivot": [0, 0, 0],
							"rotation": [0, -90, 0],
							"uv": {
								"north": {"uv": [0, 0], "uv_size": [9, 28]},
								"east": {"uv": [36, 0], "uv_size": [-4, 32]},
								"south": {"uv": [0, 0], "uv_size": [9, 28]},
								"west": {"uv": [36, 0], "uv_size": [4, 32]},
								"up": {"uv": [64, 36], "uv_size": [-32, -4]},
								"down": {"uv": [32, 32], "uv_size": [-32, -4]}
							}
						},
						{
							"origin": [-8, 12.5, -2],
							"size": [10, 3.5, 4],
							"pivot": [0, 0, 0],
							"rotation": [0, -90, 0],
							"uv": {
								"north": {"uv": [0, 32], "uv_size": [20, 8]},
								"east": {"uv": [0, 32], "uv_size": [8, 4]},
								"south": {"uv": [0, 32], "uv_size": [20, 8]},
								"west": {"uv": [24, 32], "uv_size": [8, 8]},
								"up": {"uv": [0, 32], "uv_size": [20, 8]},
								"down": {"uv": [0, 40], "uv_size": [20, -8]}
							}
						},
						{
							"origin": [-8, 8.5, -2],
							"size": [10, 3.5, 4],
							"pivot": [0, 0, 0],
							"rotation": [0, -90, 0],
							"uv": {
								"north": {"uv": [0, 40], "uv_size": [20, 8]},
								"east": {"uv": [0, 44], "uv_size": [8, 4]},
								"south": {"uv": [0, 40], "uv_size": [20, 8]},
								"west": {"uv": [24, 40], "uv_size": [8, 8]},
								"up": {"uv": [0, 40], "uv_size": [32, 8]},
								"down": {"uv": [0, 48], "uv_size": [32, -8]}
							}
						},
						{
							"origin": [-8, 4.5, -2],
							"size": [10, 3.5, 4],
							"pivot": [0, 0, 0],
							"rotation": [0, -90, 0],
							"uv": {
								"north": {"uv": [0, 48], "uv_size": [20, 8]},
								"east": {"uv": [0, 52], "uv_size": [8, 4]},
								"south": {"uv": [0, 48], "uv_size": [20, 8]},
								"west": {"uv": [24, 48], "uv_size": [8, 8]},
								"up": {"uv": [0, 48], "uv_size": [32, 8]},
								"down": {"uv": [0, 56], "uv_size": [32, -8]}
							}
						}
					]
				}
			]
		}
	]
}