{
	"format_version": "1.12.0",
	"minecraft:geometry": [
		{
			"description": {
				"identifier": "geometry.parking_space_three",
				"texture_width": 16,
				"texture_height": 16,
				"visible_bounds_width": 3,
				"visible_bounds_height": 2.5,
				"visible_bounds_offset": [0, 0.75, 0]
			},
			"bones": [
				{
					"name": "block",
					"pivot": [0, 0, 0],
					"cubes": [
						{
							"origin": [-4, 0, -8],
							"size": [8, 1, 4],
							"uv": {
								"north": {"uv": [0, 15], "uv_size": [8, 1]},
								"east": {"uv": [0, 15], "uv_size": [11, 1]},
								"south": {"uv": [0, 15], "uv_size": [8, 1]},
								"west": {"uv": [0, 15], "uv_size": [11, 1]},
								"up": {"uv": [8, 4], "uv_size": [-8, -4]},
								"down": {"uv": [8, 4], "uv_size": [-8, -4]}
							}
						},
						{
							"origin": [-8, 0, -4],
							"size": [16, 1, 8],
							"uv": {
								"north": {"uv": [0, 15], "uv_size": [16, 1]},
								"east": {"uv": [0, 15], "uv_size": [8, 1]},
								"south": {"uv": [0, 15], "uv_size": [16, 1]},
								"west": {"uv": [0, 15], "uv_size": [8, 1]},
								"up": {"uv": [16, 8], "uv_size": [-16, -8]},
								"down": {"uv": [16, 8], "uv_size": [-16, -8]}
							}
						}
					]
				}
			]
		}
	]
}