{
	"format_version": "1.19.0",
	"minecraft:geometry": [
		{
			"description": {
				"identifier": "geometry.parking_space_corner",
				"texture_width": 16,
				"texture_height": 16,
				"visible_bounds_width": 3,
				"visible_bounds_height": 2.5,
				"visible_bounds_offset": [0, 0.75, 0]
			},
			"bones": [
				{
					"name": "block",
					"pivot": [0, 0, 0],
					"cubes": [
						{
							"origin": [-4, 0, -8],
							"size": [8, 1, 11],
							"uv": {
								"north": {"uv": [0, 15], "uv_size": [8, 1]},
								"east": {"uv": [0, 15], "uv_size": [11, 1]},
								"south": {"uv": [0, 15], "uv_size": [8, 1]},
								"west": {"uv": [0, 15], "uv_size": [11, 1]},
								"up": {"uv": [8, 11], "uv_size": [-8, -11]},
								"down": {"uv": [8, 11], "uv_size": [-8, -11]}
							}
						},
						{
							"origin": [-8, 0, -4],
							"size": [4, 1, 8],
							"uv": {
								"north": {"uv": [0, 15], "uv_size": [4, 1]},
								"east": {"uv": [0, 15], "uv_size": [8, 1]},
								"south": {"uv": [0, 15], "uv_size": [4, 1]},
								"west": {"uv": [0, 15], "uv_size": [8, 1]},
								"up": {"uv": [4, 8], "uv_size": [-4, -8]},
								"down": {"uv": [4, 8], "uv_size": [-4, -8]}
							}
						},
						{
							"origin": [-4, 0, 3],
							"size": [7, 1, 1],
							"uv": {
								"north": {"uv": [0, 15], "uv_size": [7, 1]},
								"east": {"uv": [0, 15], "uv_size": [1, 1]},
								"south": {"uv": [0, 15], "uv_size": [7, 1]},
								"west": {"uv": [0, 15], "uv_size": [1, 1]},
								"up": {"uv": [1, 7], "uv_size": [-1, -7]},
								"down": {"uv": [1, 7], "uv_size": [-1, -7]}
							}
						}
					]
				}
			]
		}
	]
}