{
	"format_version": "1.19.0",
	"minecraft:geometry": [
		{
			"description": {
				"identifier": "geometry.pedestal",
				"texture_width": 64,
				"texture_height": 64,
				"visible_bounds_width": 2,
				"visible_bounds_height": 3.5,
				"visible_bounds_offset": [0, 1.25, 0]
			},
			"bones": [
				{
					"name": "block",
					"pivot": [0, 0, 0],
					"cubes": [
						{
							"origin": [-8, 0, -8],
							"size": [16, 2, 16],
							"uv": {
								"north": {"uv": [30, 6], "uv_size": [16, 2]},
								"east": {"uv": [30, 0], "uv_size": [16, 2]},
								"south": {"uv": [30, 2], "uv_size": [16, 2]},
								"west": {"uv": [30, 4], "uv_size": [16, 2]},
								"up": {"uv": [14, 0], "uv_size": [16, 16]},
								"down": {"uv": [14, 16], "uv_size": [16, -16]}
							}
						},
						{
							"origin": [-8, 28, -8],
							"size": [16, 2, 16],
							"uv": {
								"north": {"uv": [30, 6], "uv_size": [16, 2]},
								"east": {"uv": [30, 0], "uv_size": [16, 2]},
								"south": {"uv": [30, 2], "uv_size": [16, 2]},
								"west": {"uv": [30, 4], "uv_size": [16, 2]},
								"up": {"uv": [14, 0], "uv_size": [16, 16]},
								"down": {"uv": [14, 16], "uv_size": [16, -16]}
							}
						},
						{
							"origin": [-7, 2, -7],
							"size": [14, 26, 14],
							"uv": {
								"north": {"uv": [0, 0], "uv_size": [14, 26]},
								"east": {"uv": [0, 0], "uv_size": [14, 26]},
								"south": {"uv": [0, 0], "uv_size": [14, 26]},
								"west": {"uv": [0, 0], "uv_size": [14, 26]},
								"up": {"uv": [30, 16], "uv_size": [-16, -16]},
								"down": {"uv": [30, 16], "uv_size": [-16, -16]}
							}
						}
					]
				}
			]
		}
	]
}