{
	"format_version": "1.19.0",
	"minecraft:geometry": [
		{
			"description": {
				"identifier": "geometry.pillow",
				"texture_width": 16,
				"texture_height": 16,
				"visible_bounds_width": 2,
				"visible_bounds_height": 2.5,
				"visible_bounds_offset": [0, 0.75, 0]
			},
			"bones": [
				{
					"name": "block",
					"pivot": [0, 0, 0],
					"cubes": [
						{
							"origin": [-8, 1.5, -7],
							"size": [16, 0.5, 14],
							"uv": {
								"north": {"uv": [0, 13], "uv_size": [16, 1]},
								"east": {"uv": [1, 14], "uv_size": [14, 1]},
								"south": {"uv": [0, 13], "uv_size": [16, 1]},
								"west": {"uv": [1, 14], "uv_size": [14, 1]},
								"up": {"uv": [16, 14], "uv_size": [-16, -14]},
								"down": {"uv": [16, 16], "uv_size": [-16, -14]}
							}
						},
						{
							"origin": [-8, 0, -8],
							"size": [16, 1.5, 16],
							"uv": {
								"north": {"uv": [0, 14.5], "uv_size": [16, 1.5]},
								"east": {"uv": [0, 14.5], "uv_size": [16, 1.5]},
								"south": {"uv": [0, 14.5], "uv_size": [16, 1.5]},
								"west": {"uv": [0, 14.5], "uv_size": [16, 1.5]},
								"up": {"uv": [16, 16], "uv_size": [-16, -16]},
								"down": {"uv": [16, 16], "uv_size": [-16, -16]}
							}
						}
					]
				}
			]
		}
	]
}