{
	"format_version": "1.19.0",
	"minecraft:geometry": [
		{
			"description": {
				"identifier": "geometry.radio",
				"texture_width": 32,
				"texture_height": 32,
				"visible_bounds_width": 3,
				"visible_bounds_height": 2.5,
				"visible_bounds_offset": [0, 0.75, 0]
			},
			"bones": [
				{
					"name": "block",
					"pivot": [0, 0, 0],
					"cubes": [
						{
							"origin": [-7, 0, -3],
							"size": [14, 10, 6],
							"uv": {
								"north": {"uv": [0, 0], "uv_size": [14, 10]},
								"east": {"uv": [0, 20], "uv_size": [6, 10]},
								"south": {"uv": [0, 10], "uv_size": [14, 10]},
								"west": {"uv": [0, 20], "uv_size": [6, 10]},
								"up": {"uv": [14, 0], "uv_size": [14, 6]},
								"down": {"uv": [14, 6], "uv_size": [14, -6]}
							}
						},
						{
							"origin": [3, 0.5, -4],
							"size": [2, 2, 2],
							"uv": {
								"north": {"uv": [6, 20], "uv_size": [2, 2]},
								"east": {"uv": [6, 20], "uv_size": [2, 2]},
								"south": {"uv": [6, 20], "uv_size": [2, 2]},
								"west": {"uv": [6, 20], "uv_size": [2, 2]},
								"up": {"uv": [6, 20], "uv_size": [2, 2]},
								"down": {"uv": [6, 22], "uv_size": [2, -2]}
							}
						},
						{
							"origin": [-5, 0.5, -4],
							"size": [2, 2, 2],
							"uv": {
								"north": {"uv": [6, 20], "uv_size": [2, 2]},
								"east": {"uv": [6, 20], "uv_size": [2, 2]},
								"south": {"uv": [6, 20], "uv_size": [2, 2]},
								"west": {"uv": [6, 20], "uv_size": [2, 2]},
								"up": {"uv": [6, 20], "uv_size": [2, 2]},
								"down": {"uv": [6, 22], "uv_size": [2, -2]}
							}
						}
					]
				}
			]
		}
	]
}