{
	"format_version": "1.12.0",
	"minecraft:geometry": [
		{
			"description": {
				"identifier": "geometry.shelf_mushroom3",
				"texture_width": 16,
				"texture_height": 16,
				"visible_bounds_width": 3,
				"visible_bounds_height": 2.5,
				"visible_bounds_offset": [0, 0.75, 0]
			},
			"bones": [
				{
					"name": "block",
					"pivot": [0, 0, 0]
				},
				{
					"name": "Mushroom0",
					"parent": "block",
					"pivot": [0, 2, 0],
					"cubes": [
						{
							"origin": [-7, 5, 5],
							"size": [7, 2, 3],
							"uv": {
								"north": {"uv": [0, 0], "uv_size": [7, 2]},
								"east": {"uv": [0, 0], "uv_size": [3, 2]},
								"south": {"uv": [0, 0], "uv_size": [7, 2]},
								"west": {"uv": [0, 0], "uv_size": [3, 2]},
								"up": {"uv": [7, 3], "uv_size": [-7, -3]},
								"down": {"uv": [7, 3], "uv_size": [-7, -3]}
							}
						},
						{
							"origin": [-6, 5, 4],
							"size": [5, 2, 1],
							"uv": {
								"north": {"uv": [0, 0], "uv_size": [5, 2]},
								"east": {"uv": [0, 0], "uv_size": [1, 2]},
								"south": {"uv": [0, 0], "uv_size": [5, 2]},
								"west": {"uv": [0, 0], "uv_size": [1, 2]},
								"up": {"uv": [7, 3], "uv_size": [-7, -3]},
								"down": {"uv": [7, 3], "uv_size": [-7, -3]}
							}
						}
					]
				},
				{
					"name": "Mushroom1",
					"parent": "block",
					"pivot": [8, 5, 0],
					"cubes": [
						{
							"origin": [0, 8, 7],
							"size": [5, 1, 1],
							"uv": {
								"north": {"uv": [11, 15], "uv_size": [5, 1]},
								"east": {"uv": [15, 15], "uv_size": [1, 1]},
								"south": {"uv": [11, 15], "uv_size": [5, 1]},
								"west": {"uv": [15, 15], "uv_size": [1, 1]},
								"up": {"uv": [16, 16], "uv_size": [-5, -1]},
								"down": {"uv": [16, 16], "uv_size": [-5, -1]}
							}
						},
						{
							"origin": [1, 8, 6],
							"size": [3, 1, 1],
							"uv": {
								"north": {"uv": [13, 15], "uv_size": [3, 1]},
								"east": {"uv": [15, 15], "uv_size": [1, 1]},
								"south": {"uv": [13, 15], "uv_size": [3, 1]},
								"west": {"uv": [15, 15], "uv_size": [1, 1]},
								"up": {"uv": [16, 16], "uv_size": [-3, -1]},
								"down": {"uv": [16, 16], "uv_size": [-3, -1]}
							}
						}
					]
				},
				{
					"name": "Mushroom2",
					"parent": "block",
					"pivot": [8, -2, 0],
					"cubes": [
						{
							"origin": [-2, 2, 6],
							"size": [7, 1, 2],
							"uv": {
								"north": {"uv": [9, 0], "uv_size": [7, 1]},
								"east": {"uv": [14, 0], "uv_size": [2, 1]},
								"south": {"uv": [9, 0], "uv_size": [7, 1]},
								"west": {"uv": [14, 0], "uv_size": [2, 1]},
								"up": {"uv": [16, 2], "uv_size": [-7, -2]},
								"down": {"uv": [16, 2], "uv_size": [-7, -2]}
							}
						},
						{
							"origin": [-1, 2, 5],
							"size": [5, 1, 1],
							"uv": {
								"north": {"uv": [9, 0], "uv_size": [7, 1]},
								"east": {"uv": [15, 0], "uv_size": [1, 1]},
								"south": {"uv": [9, 0], "uv_size": [7, 1]},
								"west": {"uv": [15, 0], "uv_size": [1, 1]},
								"up": {"uv": [16, 1], "uv_size": [-7, -1]},
								"down": {"uv": [16, 1], "uv_size": [-7, -1]}
							}
						}
					]
				},
				{
					"name": "Mushroom3",
					"parent": "block",
					"pivot": [3, 7, 0],
					"cubes": [
						{
							"origin": [-6, 10, 7],
							"size": [4, 1, 1],
							"uv": {
								"north": {"uv": [0, 15], "uv_size": [4, 1]},
								"east": {"uv": [0, 15], "uv_size": [1, 1]},
								"south": {"uv": [0, 15], "uv_size": [4, 1]},
								"west": {"uv": [0, 15], "uv_size": [1, 1]},
								"up": {"uv": [4, 16], "uv_size": [-4, -1]},
								"down": {"uv": [4, 16], "uv_size": [-4, -1]}
							}
						},
						{
							"origin": [-5, 10, 6],
							"size": [2, 1, 1],
							"uv": {
								"north": {"uv": [0, 15], "uv_size": [2, 1]},
								"east": {"uv": [0, 15], "uv_size": [1, 1]},
								"south": {"uv": [0, 15], "uv_size": [2, 1]},
								"west": {"uv": [0, 15], "uv_size": [1, 1]},
								"up": {"uv": [2, 16], "uv_size": [-2, -1]},
								"down": {"uv": [2, 16], "uv_size": [-2, -1]}
							}
						}
					]
				}
			]
		}
	]
}