{
	"format_version": "1.19.0",
	"minecraft:geometry": [
		{
			"description": {
				"identifier": "geometry.shop_bell",
				"texture_width": 32,
				"texture_height": 32,
				"visible_bounds_width": 3,
				"visible_bounds_height": 2.5,
				"visible_bounds_offset": [0, 0.75, 0]
			},
			"bones": [
				{
					"name": "block",
					"pivot": [0, 0, 0],
					"cubes": [
						{
							"origin": [-4, 0, -4],
							"size": [8, 1, 8],
							"uv": {
								"north": {"uv": [0, 8], "uv_size": [8, 1]},
								"east": {"uv": [0, 8], "uv_size": [8, 1]},
								"south": {"uv": [0, 8], "uv_size": [8, 1]},
								"west": {"uv": [0, 8], "uv_size": [8, 1]},
								"up": {"uv": [0, 0], "uv_size": [8, 8]},
								"down": {"uv": [0, 8], "uv_size": [8, -8]}
							}
						},
						{
							"origin": [-3, 1, -3],
							"size": [6, 3, 6],
							"uv": {
								"north": {"uv": [8, 6], "uv_size": [6, 3]},
								"east": {"uv": [8, 6], "uv_size": [6, 3]},
								"south": {"uv": [8, 6], "uv_size": [6, 3]},
								"west": {"uv": [8, 6], "uv_size": [6, 3]},
								"up": {"uv": [8, 0], "uv_size": [6, 6]},
								"down": {"uv": [8, 6], "uv_size": [6, -6]}
							}
						},
						{
							"origin": [-1, 4, -1],
							"size": [2, 1, 2],
							"uv": {
								"north": {"uv": [2, 9], "uv_size": [2, 1]},
								"east": {"uv": [2, 9], "uv_size": [2, 1]},
								"south": {"uv": [2, 9], "uv_size": [2, 1]},
								"west": {"uv": [2, 9], "uv_size": [2, 1]},
								"up": {"uv": [0, 9], "uv_size": [2, 2]},
								"down": {"uv": [0, 11], "uv_size": [2, -2]}
							}
						}
					]
				}
			]
		}
	]
}