{
	"format_version": "1.19.0",
	"minecraft:geometry": [
		{
			"description": {
				"identifier": "geometry.skull_candle",
				"texture_width": 32,
				"texture_height": 16,
				"visible_bounds_width": 3,
				"visible_bounds_height": 2.5,
				"visible_bounds_offset": [0, 0.75, 0]
			},
			"bones": [
				{
					"name": "block",
					"pivot": [0, 0, 0],
					"cubes": [
						{
							"origin": [-4, 0, -4],
							"size": [8, 8, 8],
							"uv": {
								"north": {"uv": [0, 0], "uv_size": [8, 8]},
								"east": {"uv": [8, 0], "uv_size": [8, 8]},
								"south": {"uv": [8, 8], "uv_size": [8, 8]},
								"west": {"uv": [0, 8], "uv_size": [8, 8]},
								"up": {"uv": [16, 0], "uv_size": [8, 8]},
								"down": {"uv": [16, 16], "uv_size": [8, -8]}
							}
						},
						{
							"origin": [-1, 7, -1],
							"size": [2, 5, 2],
							"uv": {
								"north": {"uv": [24, 0], "uv_size": [2, 5]},
								"east": {"uv": [24, 0], "uv_size": [2, 5]},
								"south": {"uv": [24, 0], "uv_size": [2, 5]},
								"west": {"uv": [24, 0], "uv_size": [2, 5]},
								"up": {"uv": [24, 5], "uv_size": [2, 2]},
								"down": {"uv": [24, 7], "uv_size": [2, -2]}
							}
						},
						{
							"origin": [-0.75, 12, -0.75],
							"size": [1, 1, 0],
							"pivot": [-1, 12, 0],
							"rotation": [0, -45, 0],
							"uv": {
								"north": {"uv": [24, 7], "uv_size": [1, 1]},
								"east": {"uv": [0, 0], "uv_size": [0, 1]},
								"south": {"uv": [24, 7], "uv_size": [1, 1]},
								"west": {"uv": [0, 0], "uv_size": [0, 1]},
								"up": {"uv": [0, 0], "uv_size": [1, 0]},
								"down": {"uv": [24, 7], "uv_size": [1, 0]}
							}
						},
						{
							"origin": [-0.75, 12, 0.75],
							"size": [1, 1, 0],
							"pivot": [-1, 12, 0],
							"rotation": [0, 45, 0],
							"uv": {
								"north": {"uv": [24, 7], "uv_size": [1, 1]},
								"east": {"uv": [0, 0], "uv_size": [0, 1]},
								"south": {"uv": [24, 7], "uv_size": [1, 1]},
								"west": {"uv": [0, 0], "uv_size": [0, 1]},
								"up": {"uv": [0, 0], "uv_size": [1, 0]},
								"down": {"uv": [0, 0], "uv_size": [1, 0]}
							}
						}
					]
				}
			]
		}
	]
}