{
	"format_version": "1.12.0",
	"minecraft:geometry": [
		{
			"description": {
				"identifier": "geometry.sofa",
				"texture_width": 16,
				"texture_height": 16,
				"visible_bounds_width": 3,
				"visible_bounds_height": 3.5,
				"visible_bounds_offset": [0, 1.25, 0]
			},
			"bones": [
				{
					"name": "block",
					"pivot": [0, 0, 0],
					"cubes": [
						{
							"origin": [-8, 0, -8],
							"size": [16, 12, 16],
							"uv": {
								"north": {"uv": [0, 0], "uv_size": [16, 12]},
								"east": {"uv": [0, 0], "uv_size": [16, 12]},
								"south": {"uv": [0, 0], "uv_size": [16, 12]},
								"west": {"uv": [0, 0], "uv_size": [16, 12]},
								"up": {"uv": [16, 16], "uv_size": [-16, -16]},
								"down": {"uv": [16, 16], "uv_size": [-16, -16]}
							}
						},
						{
							"origin": [-8, 12, 4],
							"size": [16, 12, 4],
							"inflate": 0.1,
							"pivot": [0, 5, 0],
							"rotation": [-7.5, 0, 0],
							"uv": {
								"north": {"uv": [0, 0], "uv_size": [16, 12]},
								"east": {"uv": [12, 0], "uv_size": [4, 16]},
								"south": {"uv": [0, 0], "uv_size": [16, 12]},
								"west": {"uv": [0, 0], "uv_size": [4, 16]},
								"up": {"uv": [16, 4], "uv_size": [-16, -4]},
								"down": {"uv": [16, 16], "uv_size": [-16, -4]}
							}
						},
						{
							"origin": [-11, 12, -8],
							"size": [4, 4, 16],
							"uv": {
								"north": {"uv": [0, 0], "uv_size": [4, 4]},
								"east": {"uv": [0, 0], "uv_size": [16, 4]},
								"south": {"uv": [0, 0], "uv_size": [4, 4]},
								"west": {"uv": [0, 0], "uv_size": [16, 4]},
								"up": {"uv": [4, 16], "uv_size": [-4, -16]},
								"down": {"uv": [4, 16], "uv_size": [-4, -16]}
							}
						},
						{
							"origin": [7, 12, -8],
							"size": [4, 4, 16],
							"uv": {
								"north": {"uv": [0, 0], "uv_size": [4, 4]},
								"east": {"uv": [0, 0], "uv_size": [16, 4]},
								"south": {"uv": [0, 0], "uv_size": [4, 4]},
								"west": {"uv": [0, 0], "uv_size": [16, 4]},
								"up": {"uv": [4, 16], "uv_size": [-4, -16]},
								"down": {"uv": [4, 16], "uv_size": [-4, -16]}
							}
						}
					]
				}
			]
		}
	]
}