{
	"format_version": "1.21.20",
	"minecraft:geometry": [
		{
			"description": {
				"identifier": "geometry.steel_fence_one",
				"texture_width": 16,
				"texture_height": 16,
				"visible_bounds_width": 3,
				"visible_bounds_height": 2.5,
				"visible_bounds_offset": [0, 0.75, 0]
			},
			"bones": [
				{
					"name": "block",
					"pivot": [0, 0, 0],
					"cubes": [
						{
							"origin": [-1, 0, -1],
							"size": [2, 16, 2],
							"uv": {
								"north": {"uv": [3, 8], "uv_size": [1, 1]},
								"east": {"uv": [3, 8], "uv_size": [1, 1]},
								"south": {"uv": [3, 8], "uv_size": [1, 1]},
								"west": {"uv": [3, 8], "uv_size": [1, 1]},
								"up": {"uv": [9, 2], "uv_size": [-2, -2]},
								"down": {"uv": [9, 16], "uv_size": [-2, -2]}
							}
						},
						{
							"origin": [-1, 0, 0],
							"size": [2, 16, 1],
							"uv": {
								"north": {"uv": [7, 0], "uv_size": [2, 16]},
								"east": {"uv": [3, 8], "uv_size": [1, 1]},
								"south": {"uv": [3, 8], "uv_size": [1, 1]},
								"west": {"uv": [3, 8], "uv_size": [1, 1]},
								"up": {"uv": [4, 9], "uv_size": [-1, -1]},
								"down": {"uv": [4, 9], "uv_size": [-1, -1]}
							}
						},
						{
							"origin": [-1, 16, 0],
							"size": [2, 1, 1],
							"uv": {
								"north": {"uv": [2, 14], "uv_size": [2, 1]},
								"east": {"uv": [3, 8], "uv_size": [1, 1]},
								"south": {"uv": [3, 8], "uv_size": [1, 1]},
								"west": {"uv": [3, 8], "uv_size": [1, 1]},
								"up": {"uv": [4, 9], "uv_size": [-1, -1]},
								"down": {"uv": [4, 9], "uv_size": [-1, -1]}
							}
						}
					]
				}
			]
		}
	]
}