{
	"format_version": "1.19.0",
	"minecraft:geometry": [
		{
			"description": {
				"identifier": "geometry.street_lamp_body",
				"texture_width": 16,
				"texture_height": 16,
				"visible_bounds_width": 2,
				"visible_bounds_height": 2.5,
				"visible_bounds_offset": [0, 0.75, 0]
			},
			"bones": [
				{
					"name": "block",
					"pivot": [0, 0, 0],
					"cubes": [
						{
							"origin": [-2, 0, -2],
							"size": [4, 16, 4],
							"uv": {
								"north": {"uv": [12, 0], "uv_size": [4, 16]},
								"east": {"uv": [12, 0], "uv_size": [4, 16]},
								"south": {"uv": [12, 0], "uv_size": [4, 16]},
								"west": {"uv": [12, 0], "uv_size": [4, 16]},
								"up": {"uv": [16, 4], "uv_size": [-4, -4]},
								"down": {"uv": [16, 16], "uv_size": [-4, -4]}
							}
						}
					]
				}
			]
		}
	]
}