{
	"format_version": "1.19.0",
	"minecraft:geometry": [
		{
			"description": {
				"identifier": "geometry.table_cloth",
				"texture_width": 32,
				"texture_height": 32,
				"visible_bounds_width": 3,
				"visible_bounds_height": 2.5,
				"visible_bounds_offset": [0, 0.75, 0]
			},
			"bones": [
				{
					"name": "block",
					"pivot": [0, 0, 0],
					"cubes": [
						{
							"origin": [-8, 0, -8],
							"size": [16, 1, 16],
							"uv": {
								"north": {"uv": [16, 0], "uv_size": [16, 5]},
								"east": {"uv": [16, 0], "uv_size": [16, 5]},
								"south": {"uv": [16, 0], "uv_size": [16, 5]},
								"west": {"uv": [16, 0], "uv_size": [16, 5]},
								"up": {"uv": [0, 0], "uv_size": [16, 16]},
								"down": {"uv": [0, 32], "uv_size": [16, -16]}
							}
						},
						{
							"origin": [-8, -4, -8.1],
							"size": [16, 4.9, 0.2],
							"uv": {
								"north": {"uv": [16, 0], "uv_size": [16, 5]},
								"east": {"uv": [16, 0], "uv_size": [16, 5]},
								"south": {"uv": [32, 0], "uv_size": [-16, 5]},
								"west": {"uv": [16, 0], "uv_size": [16, 5]},
								"up": {"uv": [16, 0], "uv_size": [16, 1]},
								"down": {"uv": [16, 6], "uv_size": [16, -1]}
							}
						},
						{
							"origin": [-8, -4, -8.1],
							"size": [16, 4.9, 0.2],
							"pivot": [0, 0, 0],
							"rotation": [0, -90, 0],
							"uv": {
								"north": {"uv": [16, 0], "uv_size": [16, 5]},
								"east": {"uv": [16, 0], "uv_size": [16, 5]},
								"south": {"uv": [32, 0], "uv_size": [-16, 5]},
								"west": {"uv": [16, 0], "uv_size": [16, 5]},
								"up": {"uv": [16, 0], "uv_size": [16, 1]},
								"down": {"uv": [16, 6], "uv_size": [16, -1]}
							}
						},
						{
							"origin": [-8, -4, -8.1],
							"size": [16, 4.9, 0.2],
							"pivot": [0, 0, 0],
							"rotation": [-180, 0, 180],
							"uv": {
								"north": {"uv": [16, 0], "uv_size": [16, 5]},
								"east": {"uv": [16, 0], "uv_size": [16, 5]},
								"south": {"uv": [32, 0], "uv_size": [-16, 5]},
								"west": {"uv": [16, 0], "uv_size": [16, 5]},
								"up": {"uv": [16, 0], "uv_size": [16, 1]},
								"down": {"uv": [16, 6], "uv_size": [16, -1]}
							}
						},
						{
							"origin": [-8, -4, -8.1],
							"size": [16, 4.9, 0.2],
							"pivot": [0, 0, 0],
							"rotation": [0, 90, 0],
							"uv": {
								"north": {"uv": [16, 0], "uv_size": [16, 5]},
								"east": {"uv": [16, 0], "uv_size": [16, 5]},
								"south": {"uv": [32, 0], "uv_size": [-16, 5]},
								"west": {"uv": [16, 0], "uv_size": [16, 5]},
								"up": {"uv": [16, 0], "uv_size": [16, 1]},
								"down": {"uv": [16, 6], "uv_size": [16, -1]}
							}
						}
					]
				}
			]
		}
	]
}