{
	"format_version": "1.19.0",
	"minecraft:geometry": [
		{
			"description": {
				"identifier": "geometry.teddy_bear",
				"texture_width": 32,
				"texture_height": 32,
				"visible_bounds_width": 2,
				"visible_bounds_height": 2.5,
				"visible_bounds_offset": [0, 0.75, 0]
			},
			"bones": [
				{
					"name": "block",
					"pivot": [0, 0, 0]
				},
				{
					"name": "bb_main",
					"parent": "block",
					"pivot": [0, 0, 0],
					"cubes": [
						{
							"origin": [-3, 8, -3],
							"size": [6, 6, 6],
							"uv": {
								"north": {"uv": [0, 0], "uv_size": [6, 6]},
								"east": {"uv": [0, 6], "uv_size": [6, 6]},
								"south": {"uv": [6, 0], "uv_size": [6, 6]},
								"west": {"uv": [6, 6], "uv_size": [6, 6]},
								"up": {"uv": [0, 12], "uv_size": [6, 6]},
								"down": {"uv": [12, 6], "uv_size": [6, -6]}
							}
						},
						{
							"origin": [-15, 15, 0],
							"size": [2, 2, 2],
							"pivot": [-11, 2, 0],
							"rotation": [0, 0, 45],
							"uv": {
								"north": {"uv": [18, 10], "uv_size": [2, 2]},
								"east": {"uv": [18, 10], "uv_size": [2, 2]},
								"south": {"uv": [18, 10], "uv_size": [2, 2]},
								"west": {"uv": [18, 10], "uv_size": [2, 2]},
								"up": {"uv": [18, 10], "uv_size": [2, 2]},
								"down": {"uv": [18, 12], "uv_size": [2, -2]}
							}
						},
						{
							"origin": [-7, 19.25, 0],
							"size": [2, 2, 2],
							"pivot": [-9, 6, 0],
							"rotation": [0, 0, 45],
							"uv": {
								"north": {"uv": [18, 10], "uv_size": [2, 2]},
								"east": {"uv": [18, 10], "uv_size": [2, 2]},
								"south": {"uv": [18, 10], "uv_size": [2, 2]},
								"west": {"uv": [18, 10], "uv_size": [2, 2]},
								"up": {"uv": [18, 10], "uv_size": [2, 2]},
								"down": {"uv": [18, 12], "uv_size": [2, -2]}
							}
						},
						{
							"origin": [-3, 8, -4],
							"size": [6, 3, 1],
							"uv": {
								"north": {"uv": [22, 0], "uv_size": [6, 3]},
								"east": {"uv": [11, 21], "uv_size": [1, 3]},
								"south": {"uv": [22, 0], "uv_size": [6, 3]},
								"west": {"uv": [11, 21], "uv_size": [1, 3]},
								"up": {"uv": [22, 6], "uv_size": [6, 1]},
								"down": {"uv": [22, 7], "uv_size": [6, -1]}
							}
						},
						{
							"origin": [-1, 10.5, -4.1],
							"size": [2, 1, 2],
							"uv": {
								"north": {"uv": [28, 12], "uv_size": [2, 1]},
								"east": {"uv": [28, 12], "uv_size": [2, 1]},
								"south": {"uv": [28, 12], "uv_size": [2, 1]},
								"west": {"uv": [28, 12], "uv_size": [2, 1]},
								"up": {"uv": [26, 11], "uv_size": [2, 1]},
								"down": {"uv": [26, 12], "uv_size": [2, -1]}
							}
						}
					]
				},
				{
					"name": "Body",
					"parent": "bb_main",
					"pivot": [0, 0, 0],
					"cubes": [
						{
							"origin": [-3, 1, -1],
							"size": [6, 7, 3],
							"uv": {
								"north": {"uv": [6, 12], "uv_size": [6, 6]},
								"east": {"uv": [8, 21], "uv_size": [3, 6]},
								"south": {"uv": [12, 6], "uv_size": [6, 6]},
								"west": {"uv": [22, 10], "uv_size": [3, 6]},
								"up": {"uv": [22, 3], "uv_size": [6, 3]},
								"down": {"uv": [22, 19], "uv_size": [6, -3]}
							}
						},
						{
							"origin": [-2, 1, -2],
							"size": [4, 7, 5],
							"uv": {
								"north": {"uv": [0, 18], "uv_size": [4, 7]},
								"east": {"uv": [12, 12], "uv_size": [5, 7]},
								"south": {"uv": [18, 0], "uv_size": [4, 7]},
								"west": {"uv": [17, 12], "uv_size": [5, 7]},
								"up": {"uv": [18, 19], "uv_size": [4, 5]},
								"down": {"uv": [4, 26], "uv_size": [4, -5]}
							}
						},
						{
							"origin": [-2, 7, -1],
							"size": [4, 1, 3],
							"uv": {
								"north": {"uv": [25, 7], "uv_size": [4, 1]},
								"east": {"uv": [25, 9], "uv_size": [3, 1]},
								"south": {"uv": [25, 8], "uv_size": [4, 1]},
								"west": {"uv": [25, 10], "uv_size": [3, 1]},
								"up": {"uv": [22, 19], "uv_size": [4, 3]},
								"down": {"uv": [22, 22], "uv_size": [4, -3]}
							}
						}
					]
				},
				{
					"name": "Legs",
					"parent": "Body",
					"pivot": [0, 0, 0],
					"cubes": [
						{
							"origin": [-4, 0, -6],
							"size": [3, 3, 7],
							"pivot": [0, 0, 0],
							"rotation": [0, 12.5, 0],
							"uv": {
								"north": {"uv": [22, 22], "uv_size": [3, 3]},
								"east": {"uv": [18, 7], "uv_size": [7, 3]},
								"south": {"uv": [25, 22], "uv_size": [3, 3]},
								"west": {"uv": [15, 13], "uv_size": [7, 3]},
								"up": {"uv": [15, 19], "uv_size": [3, 7]},
								"down": {"uv": [15, 26], "uv_size": [3, -7]}
							}
						},
						{
							"origin": [1, 0, -6],
							"size": [3, 3, 7],
							"pivot": [0, 0, 0],
							"rotation": [0, -12.5, 0],
							"uv": {
								"north": {"uv": [22, 22], "uv_size": [3, 3]},
								"east": {"uv": [18, 7], "uv_size": [7, 3]},
								"south": {"uv": [25, 22], "uv_size": [3, 3]},
								"west": {"uv": [18, 19], "uv_size": [7, 3]},
								"up": {"uv": [15, 19], "uv_size": [3, 7]},
								"down": {"uv": [15, 26], "uv_size": [3, -7]}
							}
						},
						{
							"origin": [-1, 1, 3],
							"size": [2, 2, 1],
							"uv": {
								"north": {"uv": [18, 10], "uv_size": [2, 2]},
								"east": {"uv": [11, 24], "uv_size": [1, 2]},
								"south": {"uv": [18, 10], "uv_size": [2, 2]},
								"west": {"uv": [11, 24], "uv_size": [1, 2]},
								"up": {"uv": [20, 10], "uv_size": [2, 1]},
								"down": {"uv": [20, 11], "uv_size": [2, -1]}
							}
						}
					]
				},
				{
					"name": "Arms",
					"parent": "Legs",
					"pivot": [0, 0, 0],
					"cubes": [
						{
							"origin": [-5, 5, -6],
							"size": [3, 3, 8],
							"pivot": [0, 0, 0],
							"rotation": [0, 12.5, 0],
							"uv": {
								"north": {"uv": [18, 24], "uv_size": [3, 3]},
								"east": {"uv": [4, 18], "uv_size": [8, 3]},
								"south": {"uv": [0, 25], "uv_size": [3, 3]},
								"west": {"uv": [4, 18], "uv_size": [8, 3]},
								"up": {"uv": [12, 19], "uv_size": [3, 8]},
								"down": {"uv": [12, 27], "uv_size": [3, -8]}
							}
						},
						{
							"origin": [2, 5, -6],
							"size": [3, 3, 8],
							"pivot": [0, 0, 0],
							"rotation": [0, -12.5, 0],
							"uv": {
								"north": {"uv": [18, 24], "uv_size": [3, 3]},
								"east": {"uv": [4, 18], "uv_size": [8, 3]},
								"south": {"uv": [0, 25], "uv_size": [3, 3]},
								"west": {"uv": [4, 18], "uv_size": [8, 3]},
								"up": {"uv": [12, 19], "uv_size": [3, 8]},
								"down": {"uv": [12, 27], "uv_size": [3, -8]}
							}
						}
					]
				}
			]
		}
	]
}