{
	"format_version": "1.19.0",
	"minecraft:geometry": [
		{
			"description": {
				"identifier": "geometry.teddy_bear",
				"texture_width": 32,
				"texture_height": 32,
				"visible_bounds_width": 2,
				"visible_bounds_height": 2.5,
				"visible_bounds_offset": [0, 0.75, 0]
			},
			"bones": [
				{
					"name": "block",
					"pivot": [0, 0, 0],
					"cubes": [
						{
							"origin": [-3, 7, -3],
							"size": [6, 6, 6],
							"uv": {
								"north": {"uv": [6, 0], "uv_size": [6, 6]},
								"east": {"uv": [0, 6], "uv_size": [6, 6]},
								"south": {"uv": [0, 6], "uv_size": [6, 6]},
								"west": {"uv": [0, 6], "uv_size": [6, 6]},
								"up": {"uv": [0, 0], "uv_size": [6, 6]},
								"down": {"uv": [0, 6], "uv_size": [6, -6]}
							}
						},
						{
							"origin": [-4, 0, -4],
							"size": [8, 7, 8],
							"uv": {
								"north": {"uv": [12, 0], "uv_size": [8, 7]},
								"east": {"uv": [20, 0], "uv_size": [8, 7]},
								"south": {"uv": [20, 0], "uv_size": [8, 7]},
								"west": {"uv": [20, 0], "uv_size": [8, 7]},
								"up": {"uv": [16, 7], "uv_size": [8, 8]},
								"down": {"uv": [8, 15], "uv_size": [8, -8]}
							}
						},
						{
							"origin": [-6, 0, -6],
							"size": [4, 4, 4],
							"uv": {
								"north": {"uv": [0, 12], "uv_size": [4, 4]},
								"east": {"uv": [0, 16], "uv_size": [4, 4]},
								"south": {"uv": [0, 16], "uv_size": [4, 4]},
								"west": {"uv": [0, 16], "uv_size": [4, 4]},
								"up": {"uv": [0, 16], "uv_size": [4, 4]},
								"down": {"uv": [0, 20], "uv_size": [4, -4]}
							}
						},
						{
							"origin": [2, 0, -6],
							"size": [4, 4, 4],
							"uv": {
								"north": {"uv": [0, 12], "uv_size": [4, 4]},
								"east": {"uv": [0, 16], "uv_size": [4, 4]},
								"south": {"uv": [0, 16], "uv_size": [4, 4]},
								"west": {"uv": [0, 16], "uv_size": [4, 4]},
								"up": {"uv": [0, 16], "uv_size": [4, 4]},
								"down": {"uv": [0, 20], "uv_size": [4, -4]}
							}
						},
						{
							"origin": [4, 3, -2],
							"size": [4, 4, 4],
							"uv": {
								"north": {"uv": [0, 12], "uv_size": [4, 4]},
								"east": {"uv": [0, 16], "uv_size": [4, 4]},
								"south": {"uv": [0, 16], "uv_size": [4, 4]},
								"west": {"uv": [0, 16], "uv_size": [4, 4]},
								"up": {"uv": [0, 16], "uv_size": [4, 4]},
								"down": {"uv": [0, 20], "uv_size": [4, -4]}
							}
						},
						{
							"origin": [-8, 3, -2],
							"size": [4, 4, 4],
							"uv": {
								"north": {"uv": [0, 12], "uv_size": [4, 4]},
								"east": {"uv": [0, 16], "uv_size": [4, 4]},
								"south": {"uv": [0, 16], "uv_size": [4, 4]},
								"west": {"uv": [0, 16], "uv_size": [4, 4]},
								"up": {"uv": [0, 16], "uv_size": [4, 4]},
								"down": {"uv": [0, 20], "uv_size": [4, -4]}
							}
						},
						{
							"origin": [-6, 10, -1],
							"size": [3, 3, 2],
							"pivot": [-2, 10, -2],
							"rotation": [0, 0, 45],
							"uv": {
								"north": {"uv": [0, 17], "uv_size": [3, 3]},
								"east": {"uv": [0, 16], "uv_size": [2, 3]},
								"south": {"uv": [1, 17], "uv_size": [3, 3]},
								"west": {"uv": [0, 16], "uv_size": [2, 3]},
								"up": {"uv": [0, 16], "uv_size": [3, 2]},
								"down": {"uv": [0, 18], "uv_size": [3, -2]}
							}
						},
						{
							"origin": [5.5, 14, -1],
							"size": [-3, -3, 2],
							"pivot": [4, 14, -2],
							"rotation": [0, 0, 45],
							"uv": {
								"north": {"uv": [0, 17], "uv_size": [3, 3]},
								"east": {"uv": [0, 16], "uv_size": [2, 3]},
								"south": {"uv": [1, 17], "uv_size": [3, 3]},
								"west": {"uv": [0, 16], "uv_size": [2, 3]},
								"up": {"uv": [0, 16], "uv_size": [3, 2]},
								"down": {"uv": [0, 18], "uv_size": [3, -2]}
							}
						},
						{
							"origin": [-1, 1, 3],
							"size": [2, 2, 2],
							"uv": {
								"north": {"uv": [4, 16], "uv_size": [2, 2]},
								"east": {"uv": [4, 16], "uv_size": [2, 2]},
								"south": {"uv": [4, 16], "uv_size": [2, 2]},
								"west": {"uv": [4, 16], "uv_size": [2, 2]},
								"up": {"uv": [4, 16], "uv_size": [2, 2]},
								"down": {"uv": [4, 18], "uv_size": [2, -2]}
							}
						},
						{
							"origin": [-3, 7, -4],
							"size": [6, 3, 1],
							"uv": {
								"north": {"uv": [6, 3], "uv_size": [6, 3]},
								"east": {"uv": [6, 6], "uv_size": [1, 3]},
								"south": {"uv": [6, 3], "uv_size": [6, 3]},
								"west": {"uv": [6, 6], "uv_size": [1, 3]},
								"up": {"uv": [7, 6], "uv_size": [6, 1]},
								"down": {"uv": [7, 7], "uv_size": [6, -1]}
							}
						}
					]
				}
			]
		}
	]
}