{
	"format_version": "1.19.0",
	"minecraft:geometry": [
		{
			"description": {
				"identifier": "geometry.teleportal",
				"texture_width": 64,
				"texture_height": 64,
				"visible_bounds_width": 2,
				"visible_bounds_height": 2.5,
				"visible_bounds_offset": [0, 0.75, 0]
			},
			"bones": [
				{
					"name": "bone",
					"pivot": [8, 0, -8],
					"cubes": [
						{
							"origin": [-8, 0, -8],
							"size": [16, 2, 16],
							"uv": {
								"north": {"uv": [0, 16], "uv_size": [16, 2]},
								"east": {"uv": [0, 16], "uv_size": [16, 2]},
								"south": {"uv": [0, 16], "uv_size": [16, 2]},
								"west": {"uv": [0, 16], "uv_size": [16, 2]},
								"up": {"uv": [0, 0], "uv_size": [16, 16]},
								"down": {"uv": [0, 16], "uv_size": [16, -16]}
							}
						},
						{
							"origin": [-4, 2, -4],
							"size": [8, 13, 8],
							"uv": {
								"north": {"uv": [0, 18], "uv_size": [8, 13]},
								"east": {"uv": [0, 18], "uv_size": [8, 13]},
								"south": {"uv": [0, 18], "uv_size": [8, 13]},
								"west": {"uv": [0, 18], "uv_size": [8, 13]}
							}
						},
						{
							"origin": [-7.9875, 12, -5],
							"size": [15.975, 4, 13],
							"pivot": [0, 8, 0],
							"rotation": [22.5, 0, 0],
							"uv": {
								"north": {"uv": [16, 13], "uv_size": [16, 4]},
								"east": {"uv": [16, 17], "uv_size": [13, 4]},
								"south": {"uv": [16, 13], "uv_size": [16, 4]},
								"west": {"uv": [16, 17], "uv_size": [13, 4]},
								"up": {"uv": [16, 0], "uv_size": [16, 13]},
								"down": {"uv": [16, 13], "uv_size": [16, -13]}
							}
						}
					]
				},
				{
					"name": "book",
					"parent": "bone",
					"pivot": [0, 0, 0],
					"cubes": [
						{
							"origin": [-6.0125, 15, -6],
							"size": [12, 3, 15],
							"inflate": -0.5,
							"pivot": [-2, 11, -2],
							"rotation": [22.5, 0, 0],
							"uv": {
								"north": {"uv": [16, 41], "uv_size": [12, 3]},
								"east": {"uv": [16, 38], "uv_size": [12, 3]},
								"south": {"uv": [16, 41], "uv_size": [12, 3]},
								"west": {"uv": [4, 32], "uv_size": [12, 3]},
								"up": {"uv": [16, 26], "uv_size": [12, 15]},
								"down": {"uv": [16, 41], "uv_size": [12, -15]}
							}
						}
					]
				}
			]
		}
	]
}