{
	"format_version": "1.19.0",
	"minecraft:geometry": [
		{
			"description": {
				"identifier": "geometry.tv",
				"texture_width": 48,
				"texture_height": 48,
				"visible_bounds_width": 3,
				"visible_bounds_height": 2.5,
				"visible_bounds_offset": [0, 0.75, 0]
			},
			"bones": [
				{
					"name": "block",
					"pivot": [0, 0, 0],
					"cubes": [
						{
							"origin": [-6, 0, -5],
							"size": [12, 1, 10],
							"uv": {
								"north": {"uv": [8, 28], "uv_size": [12, 1]},
								"east": {"uv": [8, 29], "uv_size": [10, 1]},
								"south": {"uv": [20, 28], "uv_size": [12, 1]},
								"west": {"uv": [18, 29], "uv_size": [10, 1]},
								"up": {"uv": [22, 0], "uv_size": [12, 10]},
								"down": {"uv": [22, 20], "uv_size": [12, -10]}
							}
						},
						{
							"origin": [-1, 1, -1],
							"size": [2, 2, 2],
							"uv": {
								"north": {"uv": [28, 29], "uv_size": [2, 2]},
								"east": {"uv": [8, 30], "uv_size": [2, 2]},
								"south": {"uv": [10, 30], "uv_size": [2, 2]},
								"west": {"uv": [12, 30], "uv_size": [2, 2]},
								"up": {"uv": [14, 30], "uv_size": [2, 2]},
								"down": {"uv": [16, 32], "uv_size": [2, -2]}
							}
						},
						{
							"origin": [-11, 3, -2],
							"size": [22, 14, 4],
							"uv": {
								"north": {"uv": [0, 0], "uv_size": [22, 14]},
								"east": {"uv": [0, 28], "uv_size": [4, 14]},
								"south": {"uv": [0, 14], "uv_size": [22, 14]},
								"west": {"uv": [4, 28], "uv_size": [4, 14]},
								"up": {"uv": [22, 20], "uv_size": [22, 4]},
								"down": {"uv": [22, 28], "uv_size": [22, -4]}
							}
						}
					]
				}
			]
		}
	]
}