{
	"format_version": "1.19.0",
	"minecraft:geometry": [
		{
			"description": {
				"identifier": "geometry.twin_wall_light",
				"texture_width": 32,
				"texture_height": 32,
				"visible_bounds_width": 3,
				"visible_bounds_height": 2.5,
				"visible_bounds_offset": [0, 0.75, 0]
			},
			"bones": [
				{
					"name": "block",
					"pivot": [0, 0, 0],
					"cubes": [
						{
							"origin": [-5, 4, 7],
							"size": [10, 8, 1],
							"uv": {
								"north": {"uv": [0, 0], "uv_size": [10, 8]},
								"east": {"uv": [6, 23], "uv_size": [1, 8]},
								"south": {"uv": [0, 0], "uv_size": [10, 8]},
								"west": {"uv": [7, 23], "uv_size": [1, 8]},
								"up": {"uv": [20, 3], "uv_size": [10, 1]},
								"down": {"uv": [8, 21], "uv_size": [10, -1]}
							}
						},
						{
							"origin": [-4, 3, 6.9],
							"size": [8, 10, 1.2],
							"uv": {
								"north": {"uv": [0, 8], "uv_size": [8, 10]},
								"east": {"uv": [4, 21], "uv_size": [1, 10]},
								"south": {"uv": [0, 8], "uv_size": [8, 10]},
								"west": {"uv": [5, 21], "uv_size": [1, 10]},
								"up": {"uv": [20, 11], "uv_size": [8, 1]},
								"down": {"uv": [22, 5], "uv_size": [8, -1]}
							}
						}
					]
				},
				{
					"name": "lamp1",
					"parent": "block",
					"pivot": [0, 0, 0],
					"cubes": [
						{
							"origin": [-5, 4, 6],
							"size": [2, 2, 3],
							"pivot": [-1, 1, 1],
							"rotation": [20, 20, 0],
							"uv": {
								"north": {"uv": [21, 23], "uv_size": [2, 2]},
								"east": {"uv": [10, 6], "uv_size": [3, 2]},
								"south": {"uv": [23, 23], "uv_size": [2, 2]},
								"west": {"uv": [22, 18], "uv_size": [3, 2]},
								"up": {"uv": [8, 23], "uv_size": [2, 3]},
								"down": {"uv": [15, 26], "uv_size": [2, -3]}
							}
						},
						{
							"origin": [-6.5, 12, 0],
							"size": [2, 2, 5],
							"pivot": [-3, 9, -3],
							"rotation": [-45, 20, 0],
							"uv": {
								"north": {"uv": [24, 0], "uv_size": [2, 2]},
								"east": {"uv": [20, 9], "uv_size": [5, 2]},
								"south": {"uv": [24, 5], "uv_size": [2, 2]},
								"west": {"uv": [6, 21], "uv_size": [5, 2]},
								"up": {"uv": [11, 21], "uv_size": [2, 5]},
								"down": {"uv": [13, 26], "uv_size": [2, -5]}
							}
						},
						{
							"origin": [-6.5, 9, 0],
							"size": [6, 2, 6],
							"uv": {
								"north": {"uv": [16, 4], "uv_size": [6, 2]},
								"east": {"uv": [18, 12], "uv_size": [6, 2]},
								"south": {"uv": [18, 14], "uv_size": [6, 2]},
								"west": {"uv": [18, 16], "uv_size": [6, 2]},
								"up": {"uv": [8, 8], "uv_size": [6, 6]},
								"down": {"uv": [10, 6], "uv_size": [6, -6]}
							}
						},
						{
							"origin": [-5.5, 11, 1],
							"size": [4, 3, 4],
							"uv": {
								"north": {"uv": [4, 18], "uv_size": [4, 3]},
								"east": {"uv": [18, 18], "uv_size": [4, 3]},
								"south": {"uv": [20, 0], "uv_size": [4, 3]},
								"west": {"uv": [20, 6], "uv_size": [4, 3]},
								"up": {"uv": [14, 12], "uv_size": [4, 4]},
								"down": {"uv": [16, 4], "uv_size": [4, -4]}
							}
						}
					]
				},
				{
					"name": "lamp2",
					"parent": "block",
					"pivot": [0, 0, 0],
					"cubes": [
						{
							"origin": [2.7, 4, 8],
							"size": [2, 2, 3],
							"pivot": [7, 1, 3],
							"rotation": [20, -20, 0],
							"uv": {
								"north": {"uv": [24, 7], "uv_size": [2, 2]},
								"east": {"uv": [10, 6], "uv_size": [3, 2]},
								"south": {"uv": [24, 12], "uv_size": [2, 2]},
								"west": {"uv": [22, 18], "uv_size": [3, 2]},
								"up": {"uv": [17, 23], "uv_size": [2, 3]},
								"down": {"uv": [19, 26], "uv_size": [2, -3]}
							}
						},
						{
							"origin": [4.2, 12, 2],
							"size": [2, 2, 5],
							"pivot": [8, 9, -1],
							"rotation": [-45, -20, 0],
							"uv": {
								"north": {"uv": [24, 14], "uv_size": [2, 2]},
								"east": {"uv": [15, 21], "uv_size": [5, 2]},
								"south": {"uv": [24, 16], "uv_size": [2, 2]},
								"west": {"uv": [20, 21], "uv_size": [5, 2]},
								"up": {"uv": [0, 22], "uv_size": [2, 5]},
								"down": {"uv": [2, 27], "uv_size": [2, -5]}
							}
						},
						{
							"origin": [1.5, 11, 1],
							"size": [4, 3, 4],
							"uv": {
								"north": {"uv": [20, 0], "uv_size": [4, 3]},
								"east": {"uv": [18, 18], "uv_size": [4, 3]},
								"south": {"uv": [4, 18], "uv_size": [4, 3]},
								"west": {"uv": [20, 6], "uv_size": [4, 3]},
								"up": {"uv": [14, 16], "uv_size": [4, 4]},
								"down": {"uv": [0, 22], "uv_size": [4, -4]}
							}
						},
						{
							"origin": [0.5, 9, 0],
							"size": [6, 2, 6],
							"uv": {
								"north": {"uv": [18, 14], "uv_size": [6, 2]},
								"east": {"uv": [18, 12], "uv_size": [6, 2]},
								"south": {"uv": [16, 4], "uv_size": [6, 2]},
								"west": {"uv": [18, 16], "uv_size": [6, 2]},
								"up": {"uv": [14, 6], "uv_size": [6, 6]},
								"down": {"uv": [8, 20], "uv_size": [6, -6]}
							}
						}
					]
				}
			]
		}
	]
}