{
	"format_version": "1.19.0",
	"minecraft:geometry": [
		{
			"description": {
				"identifier": "geometry.wall_lamp",
				"texture_width": 32,
				"texture_height": 32,
				"visible_bounds_width": 3,
				"visible_bounds_height": 2.5,
				"visible_bounds_offset": [0, 0.75, 0]
			},
			"bones": [
				{
					"name": "block",
					"pivot": [0, 0, 0],
					"cubes": [
						{
							"origin": [-2, 3, 6],
							"size": [4, 9, 1],
							"uv": {
								"north": {"uv": [0, 9], "uv_size": [4, 9]},
								"east": {"uv": [5, 9], "uv_size": [1, 9]},
								"south": {"uv": [0, 9], "uv_size": [4, 9]},
								"west": {"uv": [5, 9], "uv_size": [1, 9]},
								"up": {"uv": [11, 0], "uv_size": [4, 1]},
								"down": {"uv": [11, 2], "uv_size": [4, -1]}
							}
						},
						{
							"origin": [-2, 2, 7],
							"size": [4, 11, 1],
							"uv": {
								"north": {"uv": [6, 0], "uv_size": [4, 11]},
								"east": {"uv": [4, 9], "uv_size": [1, 11]},
								"south": {"uv": [6, 0], "uv_size": [4, 11]},
								"west": {"uv": [4, 9], "uv_size": [1, 11]},
								"up": {"uv": [11, 2], "uv_size": [4, 1]},
								"down": {"uv": [11, 4], "uv_size": [4, -1]}
							}
						},
						{
							"origin": [-3, 3, 7],
							"size": [6, 9, 1],
							"uv": {
								"north": {"uv": [0, 0], "uv_size": [6, 9]},
								"east": {"uv": [10, 0], "uv_size": [1, 9]},
								"south": {"uv": [0, 0], "uv_size": [6, 9]},
								"west": {"uv": [10, 0], "uv_size": [1, 9]},
								"up": {"uv": [10, 9], "uv_size": [6, 1]},
								"down": {"uv": [10, 11], "uv_size": [6, -1]}
							}
						},
						{
							"origin": [-4, 5, 7.5],
							"size": [1, 2, 0.5],
							"uv": {
								"north": {"uv": [11, 4], "uv_size": [1, 2]},
								"east": {"uv": [6, 11], "uv_size": [1, 2]},
								"south": {"uv": [11, 4], "uv_size": [1, 2]},
								"west": {"uv": [6, 11], "uv_size": [1, 2]},
								"up": {"uv": [11, 6], "uv_size": [1, 1]},
								"down": {"uv": [7, 12], "uv_size": [1, -1]}
							}
						},
						{
							"origin": [3, 8, 7.5],
							"size": [1, 2, 0.5],
							"uv": {
								"north": {"uv": [11, 4], "uv_size": [1, 2]},
								"east": {"uv": [6, 11], "uv_size": [1, 2]},
								"south": {"uv": [11, 4], "uv_size": [1, 2]},
								"west": {"uv": [6, 11], "uv_size": [1, 2]},
								"up": {"uv": [11, 6], "uv_size": [1, 1]},
								"down": {"uv": [7, 12], "uv_size": [1, -1]}
							}
						},
						{
							"origin": [3, 5, 7.5],
							"size": [1, 2, 0.5],
							"uv": {
								"north": {"uv": [11, 4], "uv_size": [1, 2]},
								"east": {"uv": [6, 11], "uv_size": [1, 2]},
								"south": {"uv": [11, 4], "uv_size": [1, 2]},
								"west": {"uv": [6, 11], "uv_size": [1, 2]},
								"up": {"uv": [11, 6], "uv_size": [1, 1]},
								"down": {"uv": [7, 12], "uv_size": [1, -1]}
							}
						},
						{
							"origin": [-4, 8, 7.5],
							"size": [1, 2, 0.5],
							"uv": {
								"north": {"uv": [11, 4], "uv_size": [1, 2]},
								"east": {"uv": [6, 11], "uv_size": [1, 2]},
								"south": {"uv": [11, 4], "uv_size": [1, 2]},
								"west": {"uv": [6, 11], "uv_size": [1, 2]},
								"up": {"uv": [11, 6], "uv_size": [1, 1]},
								"down": {"uv": [7, 12], "uv_size": [1, -1]}
							}
						}
					]
				}
			]
		}
	]
}