{
	"format_version": "1.19.0",
	"minecraft:geometry": [
		{
			"description": {
				"identifier": "geometry.wall_corner_up",
				"texture_width": 16,
				"texture_height": 16,
				"visible_bounds_width": 3,
				"visible_bounds_height": 2.5,
				"visible_bounds_offset": [0, 0.75, 0]
			},
			"bones": [
				{
					"name": "block",
					"pivot": [0, 0, 0],
					"cubes": [
						{
							"origin": [-4, 0, -4],
							"size": [8, 16, 8],
							"uv": {
								"north": {"uv": [4, 0], "uv_size": [8, 16]},
								"east": {"uv": [4, 0], "uv_size": [8, 16]},
								"south": {"uv": [4, 0], "uv_size": [8, 16]},
								"west": {"uv": [4, 0], "uv_size": [8, 16]},
								"up": {"uv": [12, 8], "uv_size": [-8, -8]},
								"down": {"uv": [12, 16], "uv_size": [-8, -8]}
							}
						},
						{
							"origin": [-3, 0, -8],
							"size": [6, 16, 4],
							"uv": {
								"north": {"uv": [5, 0], "uv_size": [6, 16]},
								"east": {"uv": [0, 0], "uv_size": [4, 16]},
								"south": {"uv": [5, 3], "uv_size": [6, 13]},
								"west": {"uv": [0, 0], "uv_size": [4, 16]},
								"up": {"uv": [11, 4], "uv_size": [-6, -4]},
								"down": {"uv": [11, 16], "uv_size": [-6, -4]}
							}
						},
						{
							"origin": [-3, 0, -8],
							"size": [6, 16, 4],
							"pivot": [0, 0, 0],
							"rotation": [0, 90, 0],
							"uv": {
								"north": {"uv": [5, 0], "uv_size": [6, 16]},
								"east": {"uv": [12, 0], "uv_size": [4, 16]},
								"south": {"uv": [5, 0], "uv_size": [6, 16]},
								"west": {"uv": [12, 0], "uv_size": [4, 16]},
								"up": {"uv": [11, 4], "uv_size": [-6, -4]},
								"down": {"uv": [11, 16], "uv_size": [-6, -4]}
							}
						}
					]
				}
			]
		}
	]
}