{
	"format_version": "1.19.0",
	"minecraft:geometry": [
		{
			"description": {
				"identifier": "geometry.wall_half_up",
				"texture_width": 16,
				"texture_height": 16,
				"visible_bounds_width": 3,
				"visible_bounds_height": 2.5,
				"visible_bounds_offset": [0, 0.75, 0]
			},
			"bones": [
				{
					"name": "block",
					"pivot": [0, 0, 0],
					"cubes": [
						{
							"origin": [-3, 0, -8],
							"size": [6, 16, 16],
							"pivot": [0, 0, 0],
							"rotation": [0, -90, 0],
							"uv": {
								"north": {"uv": [0, 3], "uv_size": [6, 13]},
								"east": {"uv": [0, 3], "uv_size": [16, 13]},
								"south": {"uv": [10, 3], "uv_size": [6, 13]},
								"west": {"uv": [0, 3], "uv_size": [16, 13]},
								"up": {"uv": [6, 16], "uv_size": [-6, -16]},
								"down": {"uv": [16, 16], "uv_size": [-6, -16]}
							}
						}
					]
				}
			]
		}
	]
}