{
	"format_version": "1.19.0",
	"minecraft:geometry": [
		{
			"description": {
				"identifier": "geometry.wood_banister",
				"texture_width": 16,
				"texture_height": 16,
				"visible_bounds_width": 2,
				"visible_bounds_height": 2.5,
				"visible_bounds_offset": [0, 0.75, 0]
			},
			"bones": [
				{
					"name": "bone",
					"pivot": [8, 0, -8],
					"cubes": [
						{
							"origin": [6, 0, -8],
							"size": [2, 2, 16],
							"uv": {
								"north": {"uv": [0, 0], "uv_size": [2, 2]},
								"east": {"uv": [0, 0], "uv_size": [16, 2]},
								"south": {"uv": [0, 0], "uv_size": [2, 2]},
								"west": {"uv": [0, 0], "uv_size": [16, 2]},
								"up": {"uv": [2, 16], "uv_size": [-2, -16]},
								"down": {"uv": [2, 16], "uv_size": [-2, -16]}
							}
						},
						{
							"origin": [6.1, 1, 5],
							"size": [1.8, 15, 2],
							"uv": {
								"north": {"uv": [0, 0], "uv_size": [1.8, 15]},
								"east": {"uv": [0, 0], "uv_size": [2, 15]},
								"south": {"uv": [0, 0], "uv_size": [1.8, 15]},
								"west": {"uv": [0, 0], "uv_size": [2, 15]},
								"up": {"uv": [1.8, 2], "uv_size": [-1.8, -2]},
								"down": {"uv": [1.8, 2], "uv_size": [-1.8, -2]}
							}
						},
						{
							"origin": [6.1, 1, 1],
							"size": [1.8, 15, 2],
							"uv": {
								"north": {"uv": [0, 0], "uv_size": [1.8, 15]},
								"east": {"uv": [0, 0], "uv_size": [2, 15]},
								"south": {"uv": [0, 0], "uv_size": [1.8, 15]},
								"west": {"uv": [0, 0], "uv_size": [2, 15]},
								"up": {"uv": [1.8, 2], "uv_size": [-1.8, -2]},
								"down": {"uv": [1.8, 2], "uv_size": [-1.8, -2]}
							}
						},
						{
							"origin": [6.1, 1, -3],
							"size": [1.8, 15, 2],
							"uv": {
								"north": {"uv": [0, 0], "uv_size": [1.8, 15]},
								"east": {"uv": [0, 0], "uv_size": [2, 15]},
								"south": {"uv": [0, 0], "uv_size": [1.8, 15]},
								"west": {"uv": [0, 0], "uv_size": [2, 15]},
								"up": {"uv": [1.8, 2], "uv_size": [-1.8, -2]},
								"down": {"uv": [1.8, 2], "uv_size": [-1.8, -2]}
							}
						},
						{
							"origin": [6.1, 1, -7],
							"size": [1.8, 15, 2],
							"uv": {
								"north": {"uv": [0, 0], "uv_size": [1.8, 15]},
								"east": {"uv": [0, 0], "uv_size": [2, 15]},
								"south": {"uv": [0, 0], "uv_size": [1.8, 15]},
								"west": {"uv": [0, 0], "uv_size": [2, 15]},
								"up": {"uv": [1.8, 2], "uv_size": [-1.8, -2]},
								"down": {"uv": [1.8, 2], "uv_size": [-1.8, -2]}
							}
						},
						{
							"origin": [6, 16, -8],
							"size": [2, 2, 16],
							"uv": {
								"north": {"uv": [0, 0], "uv_size": [2, 2]},
								"east": {"uv": [0, 0], "uv_size": [16, 2]},
								"south": {"uv": [0, 0], "uv_size": [2, 2]},
								"west": {"uv": [0, 0], "uv_size": [16, 2]},
								"up": {"uv": [2, 16], "uv_size": [-2, -16]},
								"down": {"uv": [2, 16], "uv_size": [-2, -16]}
							}
						}
					]
				}
			]
		}
	]
}