{
	"format_version": "1.19.0",
	"minecraft:geometry": [
		{
			"description": {
				"identifier": "geometry.wood_banister_corner",
				"texture_width": 16,
				"texture_height": 16,
				"visible_bounds_width": 2,
				"visible_bounds_height": 2.5,
				"visible_bounds_offset": [0, 0.75, 0]
			},
			"bones": [
				{
					"name": "bb_main",
					"pivot": [0, 0, 0],
					"cubes": [
						{
							"origin": [5, 0, -8.1],
							"size": [3.1, 21, 3.1],
							"uv": {
								"north": {"uv": [0, 0], "uv_size": [3.1, 16]},
								"east": {"uv": [0, 0], "uv_size": [3.1, 16]},
								"south": {"uv": [0, 0], "uv_size": [3.1, 16]},
								"west": {"uv": [0, 0], "uv_size": [3.1, 16]},
								"up": {"uv": [3.1, 3.1], "uv_size": [-3.1, -3.1]},
								"down": {"uv": [3.1, 3.1], "uv_size": [-3.1, -3.1]}
							}
						}
					]
				},
				{
					"name": "bone",
					"pivot": [8, 0, -8]
				}
			]
		}
	]
}