{
	"format_version": "1.19.0",
	"minecraft:geometry": [
		{
			"description": {
				"identifier": "geometry.wood_shelf",
				"texture_width": 16,
				"texture_height": 16,
				"visible_bounds_width": 3,
				"visible_bounds_height": 2.5,
				"visible_bounds_offset": [0, 0.75, 0]
			},
			"bones": [
				{
					"name": "bb_main",
					"pivot": [0, 0, 0],
					"cubes": [
						{
							"origin": [-7, 19, -7],
							"size": [1, 1, 7],
							"pivot": [-13, 5, -8],
							"rotation": [-45, 0, 0],
							"uv": {
								"north": {"uv": [1, 0], "uv_size": [1, 1]},
								"east": {"uv": [8, 0], "uv_size": [7, 1]},
								"south": {"uv": [14, 0], "uv_size": [1, 1]},
								"west": {"uv": [1, 0], "uv_size": [7, 1]},
								"up": {"uv": [15, 8], "uv_size": [-1, -7]},
								"down": {"uv": [15, 15], "uv_size": [-1, -7]}
							}
						}
					]
				},
				{
					"name": "block",
					"pivot": [0, 0, 0],
					"cubes": [
						{
							"origin": [-8, 14, -5],
							"size": [16, 2, 13],
							"uv": {
								"north": {"uv": [0, 0], "uv_size": [16, 2]},
								"east": {"uv": [0, 0], "uv_size": [13, 2]},
								"south": {"uv": [0, 0], "uv_size": [16, 2]},
								"west": {"uv": [3, 0], "uv_size": [13, 2]},
								"up": {"uv": [16, 16], "uv_size": [-16, -13]},
								"down": {"uv": [16, 13], "uv_size": [-16, -13]}
							}
						},
						{
							"origin": [6, 19, -7],
							"size": [1, 1, 7],
							"pivot": [0, 5, -8],
							"rotation": [-45, 0, 0],
							"uv": {
								"north": {"uv": [14, 0], "uv_size": [1, 1]},
								"east": {"uv": [8, 0], "uv_size": [7, 1]},
								"south": {"uv": [1, 0], "uv_size": [1, 1]},
								"west": {"uv": [1, 0], "uv_size": [7, 1]},
								"up": {"uv": [2, 8], "uv_size": [-1, -7]},
								"down": {"uv": [2, 15], "uv_size": [-1, -7]}
							}
						}
					]
				}
			]
		}
	]
}