{
	"format_version": "1.19.0",
	"minecraft:geometry": [
		{
			"description": {
				"identifier": "geometry.yellow_lines_corner",
				"texture_width": 16,
				"texture_height": 16,
				"visible_bounds_width": 2,
				"visible_bounds_height": 2.5,
				"visible_bounds_offset": [0, 0.75, 0]
			},
			"bones": [
				{
					"name": "block",
					"pivot": [0, 0, 0],
					"cubes": [
						{
							"origin": [-4, 0, -8],
							"size": [3, 1, 6],
							"uv": {
								"north": {"uv": [12, 15], "uv_size": [3, 1]},
								"east": {"uv": [0, 15], "uv_size": [6, 1]},
								"south": {"uv": [1, 15], "uv_size": [3, 1]},
								"west": {"uv": [0, 15], "uv_size": [6, 1]},
								"up": {"uv": [4, 6], "uv_size": [-3, -6]},
								"down": {"uv": [4, 6], "uv_size": [-3, -6]}
							}
						},
						{
							"origin": [-8, 0, -4],
							"size": [4, 1, 3],
							"uv": {
								"north": {"uv": [12, 15], "uv_size": [4, 1]},
								"east": {"uv": [0, 15], "uv_size": [3, 1]},
								"south": {"uv": [1, 15], "uv_size": [4, 1]},
								"west": {"uv": [0, 15], "uv_size": [3, 1]},
								"up": {"uv": [5, 3], "uv_size": [-4, -3]},
								"down": {"uv": [5, 3], "uv_size": [-4, -3]}
							}
						},
						{
							"origin": [-4, 0, -2],
							"size": [2, 1, 1],
							"uv": {
								"north": {"uv": [12, 15], "uv_size": [3, 1]},
								"east": {"uv": [0, 15], "uv_size": [16, 1]},
								"south": {"uv": [1, 15], "uv_size": [3, 1]},
								"west": {"uv": [0, 15], "uv_size": [16, 1]},
								"up": {"uv": [4, 16], "uv_size": [-3, -16]},
								"down": {"uv": [4, 16], "uv_size": [-3, -16]}
							}
						},
						{
							"origin": [1, 0, -8],
							"size": [3, 1, 11],
							"uv": {
								"north": {"uv": [13, 15], "uv_size": [3, 1]},
								"east": {"uv": [0, 15], "uv_size": [11, 1]},
								"south": {"uv": [0, 15], "uv_size": [3, 1]},
								"west": {"uv": [0, 15], "uv_size": [11, 1]},
								"up": {"uv": [3, 11], "uv_size": [-3, -11]},
								"down": {"uv": [3, 11], "uv_size": [-3, -11]}
							}
						},
						{
							"origin": [-8, 0, 1],
							"size": [9, 1, 3],
							"uv": {
								"north": {"uv": [7, 15], "uv_size": [9, 1]},
								"east": {"uv": [0, 15], "uv_size": [3, 1]},
								"south": {"uv": [0, 15], "uv_size": [9, 1]},
								"west": {"uv": [0, 15], "uv_size": [3, 1]},
								"up": {"uv": [9, 3], "uv_size": [-9, -3]},
								"down": {"uv": [9, 3], "uv_size": [-9, -3]}
							}
						},
						{
							"origin": [1, 0, 3],
							"size": [2, 1, 1],
							"uv": {
								"north": {"uv": [13, 15], "uv_size": [2, 1]},
								"east": {"uv": [0, 15], "uv_size": [1, 1]},
								"south": {"uv": [0, 15], "uv_size": [2, 1]},
								"west": {"uv": [0, 15], "uv_size": [1, 1]},
								"up": {"uv": [2, 1], "uv_size": [-2, -1]},
								"down": {"uv": [2, 1], "uv_size": [-2, -1]}
							}
						}
					]
				}
			]
		}
	]
}