{
	"format_version": "1.19.0",
	"minecraft:geometry": [
		{
			"description": {
				"identifier": "geometry.yellow_lines_three",
				"texture_width": 16,
				"texture_height": 16,
				"visible_bounds_width": 2,
				"visible_bounds_height": 2.5,
				"visible_bounds_offset": [0, 0.75, 0]
			},
			"bones": [
				{
					"name": "block",
					"pivot": [0, 0, 0],
					"cubes": [
						{
							"origin": [-4, 0, -8],
							"size": [3, 1, 4],
							"uv": {
								"north": {"uv": [12, 15], "uv_size": [3, 1]},
								"east": {"uv": [0, 15], "uv_size": [4, 1]},
								"south": {"uv": [1, 15], "uv_size": [3, 1]},
								"west": {"uv": [0, 15], "uv_size": [4, 1]},
								"up": {"uv": [4, 4], "uv_size": [-3, -4]},
								"down": {"uv": [4, 4], "uv_size": [-3, -4]}
							}
						},
						{
							"origin": [-8, 0, -4],
							"size": [6, 1, 3],
							"uv": {
								"north": {"uv": [0, 15], "uv_size": [6, 1]},
								"east": {"uv": [0, 15], "uv_size": [3, 1]},
								"south": {"uv": [0, 15], "uv_size": [6, 1]},
								"west": {"uv": [0, 15], "uv_size": [3, 1]},
								"up": {"uv": [6, 3], "uv_size": [-6, -3]},
								"down": {"uv": [16, 3], "uv_size": [-6, -3]}
							}
						},
						{
							"origin": [2, 0, -4],
							"size": [6, 1, 3],
							"uv": {
								"north": {"uv": [0, 15], "uv_size": [6, 1]},
								"east": {"uv": [0, 15], "uv_size": [3, 1]},
								"south": {"uv": [0, 15], "uv_size": [6, 1]},
								"west": {"uv": [0, 15], "uv_size": [3, 1]},
								"up": {"uv": [6, 3], "uv_size": [-6, -3]},
								"down": {"uv": [16, 3], "uv_size": [-6, -3]}
							}
						},
						{
							"origin": [-2, 0, -4],
							"size": [1, 1, 2],
							"uv": {
								"north": {"uv": [0, 15], "uv_size": [1, 1]},
								"east": {"uv": [0, 15], "uv_size": [2, 1]},
								"south": {"uv": [0, 15], "uv_size": [1, 1]},
								"west": {"uv": [0, 15], "uv_size": [2, 1]},
								"up": {"uv": [1, 2], "uv_size": [-1, -2]},
								"down": {"uv": [11, 2], "uv_size": [-1, -2]}
							}
						},
						{
							"origin": [1, 0, -4],
							"size": [1, 1, 2],
							"uv": {
								"north": {"uv": [0, 15], "uv_size": [1, 1]},
								"east": {"uv": [0, 15], "uv_size": [2, 1]},
								"south": {"uv": [0, 15], "uv_size": [1, 1]},
								"west": {"uv": [0, 15], "uv_size": [2, 1]},
								"up": {"uv": [1, 2], "uv_size": [-1, -2]},
								"down": {"uv": [11, 2], "uv_size": [-1, -2]}
							}
						},
						{
							"origin": [1, 0, -8],
							"size": [3, 1, 4],
							"uv": {
								"north": {"uv": [13, 15], "uv_size": [3, 1]},
								"east": {"uv": [0, 15], "uv_size": [4, 1]},
								"south": {"uv": [0, 15], "uv_size": [3, 1]},
								"west": {"uv": [0, 15], "uv_size": [4, 1]},
								"up": {"uv": [3, 4], "uv_size": [-3, -4]},
								"down": {"uv": [3, 4], "uv_size": [-3, -4]}
							}
						},
						{
							"origin": [-8, 0, 1],
							"size": [16, 1, 3],
							"uv": {
								"north": {"uv": [0, 15], "uv_size": [16, 1]},
								"east": {"uv": [0, 15], "uv_size": [3, 1]},
								"south": {"uv": [0, 15], "uv_size": [16, 1]},
								"west": {"uv": [0, 15], "uv_size": [3, 1]},
								"up": {"uv": [16, 3], "uv_size": [-16, -3]},
								"down": {"uv": [16, 3], "uv_size": [-16, -3]}
							}
						}
					]
				}
			]
		}
	]
}