{
	"format_version": "1.19.0",
	"minecraft:geometry": [
		{
			"description": {
				"identifier": "geometry.yeti_trophy",
				"texture_width": 128,
				"texture_height": 128,
				"visible_bounds_width": 3,
				"visible_bounds_height": 2.5,
				"visible_bounds_offset": [0, 0.75, 0]
			},
			"bones": [
				{
					"name": "bone",
					"pivot": [8, 1, -8]
				},
				{
					"name": "head",
					"parent": "bone",
					"pivot": [0, 19, 2],
					"cubes": [
						{"origin": [-4, 2, 0], "size": [8, 10, 7], "uv": [35, 29]},
						{"origin": [-5, 2, 1], "size": [10, 11, 6], "uv": [1, 29]},
						{"origin": [9, 11, -0.01679], "size": [4, 4, 4], "pivot": [8, -3, 3], "rotation": [0, 180, 0], "uv": [66, 30]},
						{"origin": [6, 14, 1.07663], "size": [2, 2, 2], "uv": [0, 0]},
						{"origin": [-7, 11, 2.02638], "size": [4, 4, 4], "uv": [66, 30]},
						{"origin": [-8, 14, 0.90777], "size": [2, 2, 2], "uv": [0, 0]}
					]
				},
				{
					"name": "backboard",
					"parent": "bone",
					"pivot": [0, 1, 0],
					"cubes": [
						{
							"origin": [-7, 1, 6],
							"size": [14, 13, 2],
							"uv": {
								"north": {"uv": [112, 0], "uv_size": [14, 13]},
								"east": {"uv": [126, 0], "uv_size": [2, 13]},
								"south": {"uv": [112, 0], "uv_size": [14, 13]},
								"west": {"uv": [126, 0], "uv_size": [2, 13]},
								"up": {"uv": [128, 15], "uv_size": [-14, -2]},
								"down": {"uv": [128, 15], "uv_size": [-14, -2]}
							}
						}
					]
				}
			]
		}
	]
}