{
	"format_version": "1.20.50",
	"minecraft:item": {
		"description": {
			"identifier": "chaospack:candy_cane",
			"menu_category": {
				"category": "equipment",
				"group": "itemGroup.name.miscFood"
			}
		},
		"components": {
			"minecraft:max_stack_size": 64,
			"minecraft:icon": {
				"texture": "candy_cane"
			},
			"minecraft:damage": 2,
			"minecraft:durability": {
				"max_durability": 5
			},
			"minecraft:enchantable": {
				"slot": "sword",
				"value": 1
			},
			"minecraft:food": {
				"nutrition": 2,
				"saturation_modifier": 0.6
			},
			"minecraft:use_modifiers": {
				"movement_modifier": 0.32,
				"use_duration": 1.6
			},
			"minecraft:use_animation": "eat",

			"minecraft:digger": {
				"use_efficiency": true,
				"destroy_speeds": [
					{
						"block": "minecraft:web",
						"speed": 15
					},
					{
						"block": "minecraft:bamboo",
						"speed": 15
					},
					{
						"block": "minecraft:cocoa",
						"speed": 7
					}
				]
			}
		}
	}
}