{
	"format_version": "1.20.50",
	"minecraft:item": {
		"description": {
			"identifier": "chaospack:chorus_planks",
			"menu_category": {
				"category": "construction",
				"group": "itemGroup.name.planks"
			}
		},
		"components": {
			"minecraft:block_placer": {
				"block": "chaospack:chorus_planks"
			},
			"minecraft:icon": {
				"texture": "chorus_planks"
			},
			"minecraft:display_name": {
				"value": "Chorus Planks"
			},
			"minecraft:tags": {
				"tags": [ "chaospack:planks" ]
			}
		}
	}
}