{
	"format_version": "1.20.50",
	"minecraft:item": {
		"description": {
			"identifier": "chaospack:copper_pickaxe",
			"menu_category": {
				"category": "equipment",
				"group": "itemGroup.name.pickaxe"
			}
		},
		"components": {
			"minecraft:max_stack_size": 1,
			"minecraft:tags": {
				"tags": [
					"minecraft:is_tool",
					"minecraft:is_pickaxe"
				]
			},
			"minecraft:icon": {
				"texture": "copper_pickaxe"
			},
			//"minecraft:weapon": {
			//	"on_hurt_entity": {
			//		"event": "chaospack:durability"
			//	},
			//	"on_not_hurt_entity": {
			//		"event": "chaospack:durability"
			//	},
			//	"on_hit_block": {
			//		"event": "chaospack:durability"
			//	}
			//},
			"minecraft:damage": 3,
			"minecraft:digger": {
				"use_efficiency": true,
				"destroy_speeds": [
					{
						"speed": 7,
						"block": {
							"tags": "query.any_tag('stone')"
						}
					},
					{
						"speed": 7,
						"block": {
							"tags": "query.any_tag('metal')"
						}
					},
					{
						"speed": 7,
						"block": {
							"tags": "query.any_tag('iron_pick_diggable')"
						},
						"on_dig": {
							"event": "chaospack:durability"
						}
					},
					{
						"block": "minecraft:end_stone",
						"speed": 7,
						"on_dig": {
							"event": "chaospack:durability"
						}
					},
					{
						"block": "minecraft:end_bricks",
						"speed": 7
					},
					{
						"block": "minecraft:end_brick_stairs",
						"speed": 7
					},
					{
						"block": "minecraft:stone_slab3",
						"speed": 7
					},
					{
						"block": "minecraft:hardened_clay",
						"speed": 7
					},
					{
						"block": "minecraft:white_terracotta",
						"speed": 7
					},
					{
						"block": "minecraft:light_gray_terracotta",
						"speed": 7
					},
					{
						"block": "minecraft:gray_terracotta",
						"speed": 7
					},
					{
						"block": "minecraft:black_terracotta",
						"speed": 7
					},
					{
						"block": "minecraft:brown_terracotta",
						"speed": 7
					},
					{
						"block": "minecraft:red_terracotta",
						"speed": 7
					},
					{
						"block": "minecraft:orange_terracotta",
						"speed": 7
					},
					{
						"block": "minecraft:yellow_terracotta",
						"speed": 7
					},
					{
						"block": "minecraft:lime_terracotta",
						"speed": 7
					},
					{
						"block": "minecraft:green_terracotta",
						"speed": 7
					},
					{
						"block": "minecraft:cyan_terracotta",
						"speed": 7
					},
					{
						"block": "minecraft:light_blue_terracotta",
						"speed": 7
					},
					{
						"block": "minecraft:blue_terracotta",
						"speed": 7
					},
					{
						"block": "minecraft:purple_terracotta",
						"speed": 7
					},
					{
						"block": "minecraft:magenta_terracotta",
						"speed": 7
					},
					{
						"block": "minecraft:pink_terracotta",
						"speed": 7
					},
					{
						"block": "minecraft:white_glazed_terracotta",
						"speed": 7
					},
					{
						"block": "minecraft:silver_glazed_terracotta",
						"speed": 7
					},
					{
						"block": "minecraft:gray_glazed_terracotta",
						"speed": 7
					},
					{
						"block": "minecraft:black_glazed_terracotta",
						"speed": 7
					},
					{
						"block": "minecraft:brown_glazed_terracotta",
						"speed": 7
					},
					{
						"block": "minecraft:red_glazed_terracotta",
						"speed": 7
					},
					{
						"block": "minecraft:orange_glazed_terracotta",
						"speed": 7
					},
					{
						"block": "minecraft:yellow_glazed_terracotta",
						"speed": 7
					},
					{
						"block": "minecraft:lime_glazed_terracotta",
						"speed": 7
					},
					{
						"block": "minecraft:green_glazed_terracotta",
						"speed": 7
					},
					{
						"block": "minecraft:cyan_glazed_terracotta",
						"speed": 7
					},
					{
						"block": "minecraft:light_blue_glazed_terracotta",
						"speed": 7
					},
					{
						"block": "minecraft:blue_glazed_terracotta",
						"speed": 7
					},
					{
						"block": "minecraft:purple_glazed_terracotta",
						"speed": 7
					},
					{
						"block": "minecraft:magenta_glazed_terracotta",
						"speed": 7
					},
					{
						"block": "minecraft:pink_glazed_terracotta",
						"speed": 7
					},
					{
						"block": "minecraft:sandstone",
						"speed": 7
					},
					{
						"block": "minecraft:sandstone_slab",
						"speed": 7
					},
					{
						"block": "minecraft:sandstone_stairs",
						"speed": 7
					},
					{
						"block": "minecraft:smooth_sandstone_stairs",
						"speed": 7
					},
					{
						"block": "minecraft:quartz_block",
						"speed": 7
					},
					{
						"block": "minecraft:quartz_bricks",
						"speed": 7
					},
					{
						"block": "minecraft:quartz_stairs",
						"speed": 7
					},
					{
						"block": "minecraft:smooth_quartz_stairs",
						"speed": 7
					},
					{
						"block": "minecraft:copper_ore",
						"speed": 7
					},
					{
						"block": "minecraft:deepslate_copper_ore",
						"speed": 7
					},
					{
						"block": "minecraft:netherrack",
						"speed": 7
					},
					{
						"block": "minecraft:quartz_ore",
						"speed": 7
					},
					{
						"block": "minecraft:nether_gold_ore",
						"speed": 7
					}
				],
				"on_dig": {
					"event": "chaospack:durability"
				}
			},
			"minecraft:enchantable": {
				"value": 14,
				"slot": "pickaxe"
			},
			"minecraft:hand_equipped": true,
			"minecraft:durability": {
				"damage_chance": {
					"min": 100,
					"max": 100
				},
				"max_durability": 10
				//210
			},
			"minecraft:repairable": {
				"repair_items": [
					{
						"items": [ "copper_ingot" ],
						"repair_amount": 52
					}
				]
			}
		},
		"events": {
		//	"chaospack:durability": {
		//		"damage_item": {
		//			"type": "none",
		//			"amount": 1,
		//			"target": "self"
		//		}
		//	}
		}
	}
}