{
	"format_version": "1.20.50",
	"minecraft:item": {
		"description": {
			"identifier": "chaospack:copper_axe",
			"menu_category": {
				"category": "equipment",
				"group": "itemGroup.name.axe"
			}
		},
		"components": {
			"minecraft:max_stack_size": 1,
			"minecraft:tags": {
				"tags": [
					"minecraft:is_tool",
					"minecraft:is_axe"
				]
			},
			"minecraft:icon": {
				"texture": "copper_axe"
			},
			"minecraft:damage": 4,
			"minecraft:digger": {
				"use_efficiency": true,
				"destroy_speeds": [
					{
						"speed": 7,
						"block": {
							"tags": "query.any_tag('wood')"
						}
					},
					{
						"block": "minecraft:crafting_table",
						"speed": 7
					},
					{
						"block": "minecraft:crimson_stem",
						"speed": 7
					},
					{
						"block": "minecraft:warped_stem",
						"speed": 7
					},
					{
						"block": "minecraft:crimson_hyphae",
						"speed": 7
					},
					{
						"block": "minecraft:warped_hyphae",
						"speed": 7
					},
					{
						"block": "minecraft:stripped_crimson_stem",
						"speed": 7
					},
					{
						"block": "minecraft:stripped_warped_stem",
						"speed": 7
					},
					{
						"block": "minecraft:stripped_crimson_hyphae",
						"speed": 7
					},
					{
						"block": "minecraft:stripped_warped_hyphae",
						"speed": 7
					}
				]
			},
			"minecraft:enchantable": {
				"value": 14,
				"slot": "axe"
			},
			"minecraft:hand_equipped": true,
			"minecraft:durability": {
				"max_durability": 210
			},
			"minecraft:repairable": {
				"repair_items": [
					{
						"items": [ "copper_ingot" ],
						"repair_amount": 52
					}
				]
			}
		}
	}
}