{
	"format_version": "1.20.50",
	"minecraft:item": {
		"description": {
			"identifier": "chaospack:copper_leggings",
			"menu_category": {
				"category": "equipment",
				"group": "itemGroup.name.leggings"
			}
		},
		"components": {
			"minecraft:max_stack_size": 1,
			"minecraft:icon": {
				"texture": "copper_leggings"
			},
			"minecraft:enchantable": {
				"value": 14,
				"slot": "armor_legs"
			},
			"minecraft:wearable": {
				"slot": "slot.armor.legs",
				"protection": 4
			},
			"minecraft:durability": {
				"max_durability": 180
			},
			"minecraft:repairable": {
				"repair_items": [
					{
						"items": [ "copper_ingot" ],
						"repair_amount": 45
					}
				]
			}
		}
	}
}