{
	"format_version": "1.20.50",
	"minecraft:item": {
		"description": {
			"identifier": "chaospack:cutlass",
			"menu_category": {
				"category": "equipment",
				"group": "itemGroup.name.sword"
			}
		},
		"components": {
			"minecraft:max_stack_size": 1,
			"minecraft:icon": {
				"texture": "cutlass"
			},
			"minecraft:damage": 8,
			"minecraft:can_destroy_in_creative": false,
			"minecraft:hand_equipped": true,
			"minecraft:enchantable": {
				"slot": "sword",
				"value": 14
			},
			"minecraft:durability": {
				"max_durability": 251
			},
			"minecraft:repairable": {
				"repair_items": [
					{
						"items": [ "iron_ingot" ],
						"repair_amount": 62
					}
				]
			},
			"minecraft:digger": {
				"use_efficiency": true,
				"destroy_speeds": [
					{
						"block": "minecraft:web",
						"speed": 15
					},
					{
						"block": "minecraft:bamboo",
						"speed": 15
					},
					{
						"block": "minecraft:cocoa",
						"speed": 7
					}
				]
			}
		}
	}
}