{
	"format_version": "1.20.50",
	"minecraft:item": {
		"description": {
			"identifier": "chaospack:frogshot_ammo",
			"menu_category": {
				"category": "equipment"
			}
		},
		"components": {
			"minecraft:max_stack_size": 1,
			"minecraft:icon": {
				"texture": "frogshot_ammo"
			},
			"minecraft:damage": 0,
			"minecraft:can_destroy_in_creative": false,
			"minecraft:cooldown": {
				"category": "attack",
				"duration": 0.2
			},
			"minecraft:use_modifiers": {
				"use_duration": 1
			},
			"minecraft:projectile": {
				"minimum_critical_power": 20,
				"projectile_entity": "chaospack:frogshot_grapple",
				"power": 40,
				"gravity": 9.81,
				"hit_sound": "explode"
			}
		}
	}
}