{
	"format_version": "1.20.50",

	//Thanks to GuppyDuck for the inspiration behind a functional grappling hook

	"minecraft:item": {
		"description": {
			"identifier": "chaospack:frogshot",
			"menu_category": {
				"category": "equipment",
				"group": "itemGroup.name.gadget"
			}
		},
		"components": {
			"minecraft:max_stack_size": 64,
			"minecraft:icon": {
				"texture": "frogshot"
			},
			"minecraft:use_modifiers": {
				"use_duration": 1
			},
			"minecraft:shooter": {
				"ammunition": [
					{
						"item": "chaospack:frogshot_ammo",
						"use_offhand": true,
						"search_inventory": true,
						"use_in_creative": true
					}
				],
				"max_draw_duration": 1.0,
				"scale_power_by_draw_duration": true,
				"charge_on_draw": false
			}

		}
	}
}