{
	"format_version": "1.20.50",
	"minecraft:item": {
		"description": {
			"identifier": "chaospack:gingerbread_man",
			"menu_category": {
				"category": "equipment",
				"group": "itemGroup.name.miscFood"
			}
		},
		"components": {
			"minecraft:max_stack_size": 64,
			"minecraft:icon": {
				"texture": "gingerbread_man"
			},
			"minecraft:food": {
				"nutrition": 8,
				"saturation_modifier": 1
			},
			"minecraft:use_modifiers": {
				"movement_modifier": 0.32,
				"use_duration": 1.6
			},
			"minecraft:tags": {
				"tags": [
					"minecraft:is_food"
				]
			},
			"minecraft:use_animation": "eat"
		}
	}
}