{
	"format_version": "1.20.50",
	"minecraft:item": {
		"description": {
			"identifier": "chaospack:hazmat_suit",
			"menu_category": {
				"category": "equipment",
				"group": "itemGroup.name.chestplate"
			}
		},
		"components": {
			"minecraft:tags": {
				"tags": [
					"chaospack:hazmat_suit"
				]
			},
			"minecraft:max_stack_size": 1,
			"minecraft:icon": {
				"texture": "hazmat_suit"
			},
			"minecraft:wearable": {
				"slot": "slot.armor.chest",
				"protection": 5
			},
			"minecraft:enchantable": {
				"slot": "armor_torso",
				"value": 9
			},
			"minecraft:durability": {
				"max_durability": 240
			},
			"minecraft:repairable": {
				"repair_items": [
					{
						"items": [ "chaospack:rubber" ],
						"repair_amount": 60
					}
				]
			}
		}
	}
}