{
	"format_version": "1.20.50",
	"minecraft:item": {
		"description": {
			"identifier": "chaospack:jetpack",
			"menu_category": {
				"category": "equipment",
				"group": "itemGroup.name.gadget"
			}
		},
		"components": {
			"minecraft:max_stack_size": 1,
			"minecraft:icon": {
				"texture": "jetpack"
			},
			"minecraft:wearable": {
				"slot": "slot.armor.chest",
				"protection": 6
			},
			"minecraft:enchantable": {
				"slot": "armor_torso",
				"value": 9
			},
			"minecraft:durability": {
				"max_durability": 1575
			},
			"minecraft:repairable": {
				"repair_items": [
					{
						"items": ["firework_star"],
						"repair_amount": 393
					}
				]
			}
		}
	}
}