{
	"format_version": "1.20.50",
	"minecraft:item": {
		"description": {
			"identifier": "chaospack:pharaoh_sceptre",
			"menu_category": {
				"category": "equipment"
			}
		},
		"components": {
			"minecraft:max_stack_size": 1,
			"minecraft:icon": {
				"texture": "pharaoh_sceptre"
			},
			"minecraft:damage": 7,
			"minecraft:can_destroy_in_creative": false,
			"minecraft:enchantable": {
				"slot": "sword",
				"value": 14
			},
			"minecraft:durability": {
				"max_durability": 251
			},
			"minecraft:repairable": {
				"repair_items": [
					{
						"items": ["sand"],
						"repair_amount": 62
					}
				]
			}
		}
	}
}