{
	"format_version": "1.20.50",
	"minecraft:item": {
		"description": {
			"identifier": "chaospack:rat_sceptre",
			"menu_category": {
				"category": "equipment"
			}
		},
		"components": {
			"minecraft:max_stack_size": 1,
			"minecraft:icon": {
				"texture": "rat_sceptre"
			},
			"minecraft:damage": 5,
			"minecraft:can_destroy_in_creative": false,
			"minecraft:durability": {
				"max_durability": 100
			},
			"minecraft:cooldown": {
				"category": "attack",
				"duration": 0.2
			},
			"minecraft:repairable": {
				"repair_items": [
					{
						"items": [ "chaospack:ratstone" ],
						"repair_amount": 250
					}
				]
			},
			"minecraft:use_modifiers": {
				"use_duration": 1
			},
			"minecraft:shooter": {
				"ammunition": [
					{
						"item": "chaospack:rat_item",
						"use_offhand": true,
						"search_inventory": true,
						"use_in_creative": true
					}
				],
				"max_draw_duration": 1.0,
				"scale_power_by_draw_duration": true,
				"charge_on_draw": false
			}
		}
	}
}