{
	"format_version": "1.20.50",
	"minecraft:item": {
		"description": {
			"identifier": "chaospack:root_whip",
			"menu_category": {
				"category": "equipment"
			}
		},
		"components": {
			"minecraft:max_stack_size": 1,
			"minecraft:icon": {
				"texture": "root_whip"
			},
			"minecraft:damage": 6,
			"minecraft:can_destroy_in_creative": false,
			"minecraft:hand_equipped": true,
			"minecraft:enchantable": {
				"slot": "sword",
				"value": 14
			},
			"minecraft:durability": {
				"max_durability": 251
			},
			"minecraft:repairable": {
				"repair_items": [
					{
						"items": ["moss_block"],
						"repair_amount": 62
					}
				]
			}
		}
	}
}