{
	"format_version": "1.21.60",
	"minecraft:item": {
		"description": {
			"identifier": "chaospack:starfruit", // Make sure this is different from your crop and seeds' ID.
			"menu_category": {
				"category": "nature",
				"group": "minecraft:itemGroup.name.crop"
			}
		},
		"components": {
			"minecraft:icon": "starfruit",
			"minecraft:food": {
				"nutrition": 4,
				"saturation_modifier": 0.4
			},
			"minecraft:use_animation": "eat",
			"minecraft:use_modifiers": {
				"use_duration": 1.6,
				"movement_modifier": 0.33
			}
		}
	}
}