{
	"format_version": "1.20.50",
	"minecraft:item": {
		"description": {
			"identifier": "chaospack:sunglasses_higher",
			"menu_category": {
				"category": "equipment"
			}
		},
		"components": {
			"minecraft:max_stack_size": 1,
			"minecraft:icon": {
				"texture": "sunglasses_higher"
			},
			"minecraft:wearable": {
				"slot": "slot.armor.head",
				"protection": 2
			},
			"minecraft:enchantable": {
				"value": 9,
				"slot": "armor_head"
			},
			"minecraft:durability": {
				"max_durability": 69
			},
			"minecraft:repairable": {
				"repair_items": [
					{
						"items": [ "glass_pane" ],
						"repair_amount": 17
					}
				]
			}		
		}
	}
}