{
	"format_version": "1.20.50",
	"minecraft:item": {
		"description": {
			"identifier": "chaospack:wild_chestplate",
			"menu_category": {
				"category": "equipment",
				"group": "itemGroup.name.chestplate"
			}
		},
		"components": {
			"minecraft:max_stack_size": 1,
			"minecraft:icon": {
				"texture": "wild_chestplate"
			},

			"minecraft:enchantable": {
				"value": 15,
				"slot": "armor_torso"
			},
			"minecraft:wearable": {
				"slot": "slot.armor.chest",
				"protection": 20
			},
			"minecraft:durability": {
				"max_durability": 2080
			},
			"minecraft:repairable": {
				"repair_items": [
					{
						"items": [ "chaospack:wild_shard" ],
						"repair_amount": 520
					}
				]
			}
		}
	}
}