{
	"format_version": "1.20.50",
	"minecraft:item": {
		"description": {
			"identifier": "chaospack:wizard_hat",
			"menu_category": {
				"category": "equipment",
				"group": "itemGroup.name.helmet"
			}
		},
		"components": {
			"minecraft:max_stack_size": 1,
			"minecraft:icon": {
				"texture": "wizard_hat"
			},
			"minecraft:wearable": {
				"slot": "slot.armor.head",
				"protection": 20
			},
			"minecraft:durability": {
				"max_durability": 2100
			},

			"minecraft:enchantable": {
				"value": 15,
				"slot": "armor_head"
			},
			"minecraft:repairable": {
				"repair_items": [
					{
						"items": [ "amethyst_shard" ],
						"repair_amount": 525
					}
				]
			}
		}
	}
}