{
  "pools": [
    {
      "rolls": 12,
      "entries": [
        {
          "type": "item",
          "name": "minecraft:coal",
          "functions": [
            {
              "function": "set_count",
              "count": {
                "min": 1,
                "max": 8
              }
            }
          ],
          "weight": 12
        },
        {
          "type": "item",
          "name": "minecraft:gold_nugget",
          "functions": [
            {
              "function": "set_count",
              "count": {
                "min": 1,
                "max": 8
              }
            }
          ],
          "weight": 8
        },
        {
          "type": "item",
          "name": "minecraft:gold_ingot",
          "functions": [
            {
              "function": "set_count",
              "count": {
                "min": 1,
                "max": 4
              }
            }
          ],
          "weight": 5
        },
        {
          "type": "item",
          "name": "minecraft:iron_nugget",
          "functions": [
            {
              "function": "set_count",
              "count": {
                "min": 1,
                "max": 8
              }
            }
          ],
          "weight": 8
        },
        {
          "type": "empty",
          "weight": 30
        },
        {
          "type": "item",
          "name": "minecraft:iron_ingot",
          "functions": [
            {
              "function": "set_count",
              "count": {
                "min": 1,
                "max": 4
              }
            }
          ],
          "weight": 2
        },
        {
          "type": "item",
          "name": "minecraft:emerald",
          "functions": [
            {
              "function": "set_count",
              "count": {
                "min": 1,
                "max": 4
              }
            }
          ],
          "weight": 3
        },
        {
          "type": "item",
          "name": "chaospack:cutlass",
          "functions": [
            {
              "function": "set_count",
              "count": {
                "min": 1,
                "max": 1
              }
            }
          ],
          "weight": 1
        },
        {
          "type": "item",
          "name": "chaospack:pirate_hat",
          "functions": [
            {
              "function": "set_count",
              "count": {
                "min": 1,
                "max": 1
              }
            }
          ],
          "weight": 1
        }
      ]
    }
  ]
}