{
	"format_version": "1.8.0",
	"render_controllers": {
		"controller.render.broken": {
			"arrays": {
				"textures": {
					"array.broken": [
						"texture.destroy_stage_9",
						"texture.destroy_stage_8",
						"texture.destroy_stage_7",
						"texture.destroy_stage_6",
						"texture.destroy_stage_5",
						"texture.destroy_stage_4",
						"texture.destroy_stage_3",
						"texture.destroy_stage_2",
						"texture.destroy_stage_1",
						"texture.destroy_stage_0",
						"texture.default"
					]
				}
			},
			"geometry": "geometry.broken",
			"materials": [
				{
					"*": "Material.default"
				}
			],
			"textures": [
				"array.broken[q.health * 1]" // Here you can calculate the health of your entity to make sure it isn't buggy. If your entity has 10 health, leave it as it. If it has 20, it should be `q.health * 0.5`. If it is 40, it has to be 0.25, etc...
			]
		}
	}
}