{
  "format_version": "1.8.0",
  "render_controllers": {
    "controller.render.npc_player": {
      "arrays": {
        "textures": {
          "Array.skins": [
            "Texture.npc_default1",
            "Texture.npc_default2",
            "Texture.npc_default3",
            "Texture.npc_default4",
            "Texture.npc_default5",
            "Texture.npc_default6",
            "Texture.npc_default7",
            "Texture.npc_default8",
            "Texture.npc_default9",
            "Texture.npc_lab1",
            "Texture.npc_lab2",
            "Texture.npc_lab3",
            "Texture.npc_lab4",
            "Texture.npc_horror1",
            "Texture.npc_horror2",
            "Texture.npc_horror3",
            "Texture.npc_horror4",
            "Texture.npc_horror5"
          ]
        }
      },
      "geometry": "Geometry.default",
      "part_visibility": [
        {
          "*": true,
          "head": true,
          "hat": true,
          "nose": true,
          "body": true,
          "arms": true,
          "leg0": true,
          "leg1": true,
          "jacket": true
        }
      ],
      "materials": [ { "*": "Material.default" } ],
      "textures": [ "Array.skins[query.variant]" ]
    }
  }
}
