{
	"format_version": "1.16.0",
	"minecraft:entity": {
		"description": {
			"identifier": "chaospack:butterfly",
			"runtime_identifier": "minecraft:parrot",
			"is_spawnable": true,
			"is_summonable": true,
			"is_experimental": false
		},
		"component_groups": {
			"minecraft:parrot_red": {
				"minecraft:variant": {
					"value": 0
				}
			},
			"minecraft:parrot_blue": {
				"minecraft:variant": {
					"value": 1
				}
			},
			"minecraft:parrot_green": {
				"minecraft:variant": {
					"value": 2
				}
			},
			"minecraft:parrot_cyan": {
				"minecraft:variant": {
					"value": 3
				}
			},
			"minecraft:parrot_silver": {
				"minecraft:variant": {
					"value": 4
				}
			},
			"minecraft:parrot_adult": {
				"minecraft:experience_reward": {
					"on_death": "query.last_hit_by_player ? Math.Random(1,3) : 0"
				},
				"minecraft:loot": {
					"table": "loot_tables/entities/butterfly.json"
				}
			},
			"minecraft:parrot_wild": {
				"minecraft:type_family": {
					"family": ["mob"]
				},
				"minecraft:behavior.random_fly": {
					"priority": 2,
					"xz_dist": 15,
					"y_dist": 1,
					"y_offset": 0,
					"speed_multiplier": 1,
					"avoid_damage_blocks": true
				},
				"minecraft:behavior.follow_mob": {
					"priority": 3,
					"speed_multiplier": 1,
					"stop_distance": 3,
					"search_range": 20
				}
			}
		},
		"components": {
			"minecraft:breathable": {
				"total_supply": 15,
				"suffocate_time": 0
			},
			"minecraft:collision_box": {
				"width": 0.4,
				"height": 0.6
			},
			"minecraft:nameable": {},
			"minecraft:health": {
				"value": 1,
				"max": 1
			},
			"minecraft:hurt_on_condition": {
				"damage_conditions": [
					{
						"filters": {
							"test": "in_lava",
							"subject": "self",
							"operator": "==",
							"value": true
						},
						"cause": "lava",
						"damage_per_tick": 4
					}
				]
			},
			"minecraft:movement": {
				"value": 0.4
			},
			"minecraft:damage_sensor": {
				"triggers": {
					"cause": "fall",
					"deals_damage": false
				}
			},
			"minecraft:jump.static": {},
			"minecraft:can_fly": {},
			"minecraft:navigation.fly": {
				"can_path_over_water": true,
				"can_path_from_air": true
			},
			"minecraft:movement.fly": {},
			"minecraft:physics": {},
			"minecraft:pushable": {
				"is_pushable": true,
				"is_pushable_by_piston": true
			},
			"minecraft:despawn": {
				"despawn_from_distance": {}
			},
			"minecraft:behavior.float": {
				"priority": 0
			},
			"minecraft:behavior.panic": {
				"priority": 0,
				"speed_multiplier": 1.25
			},
			"minecraft:behavior.look_at_player": {
				"priority": 1,
				"look_distance": 8
			},
			"minecraft:conditional_bandwidth_optimization": {},
			"minecraft:loot": {
				"table": "loot_tables/entities/butterfly.json"
			}
		},
		"events": {
			"minecraft:entity_spawned": {
				"randomize": [
					{
						"weight": 20,
						"add": {
							"component_groups": ["minecraft:parrot_red", "minecraft:parrot_adult", "minecraft:parrot_wild"]
						}
					},
					{
						"weight": 20,
						"add": {
							"component_groups": ["minecraft:parrot_blue", "minecraft:parrot_adult", "minecraft:parrot_wild"]
						}
					},
					{
						"weight": 20,
						"add": {
							"component_groups": ["minecraft:parrot_green", "minecraft:parrot_adult", "minecraft:parrot_wild"]
						}
					},
					{
						"weight": 20,
						"add": {
							"component_groups": ["minecraft:parrot_cyan", "minecraft:parrot_adult", "minecraft:parrot_wild"]
						}
					},
					{
						"weight": 20,
						"add": {
							"component_groups": ["minecraft:parrot_silver", "minecraft:parrot_adult", "minecraft:parrot_wild"]
						}
					}
				]
			}
		}
	}
}