{
	"format_version": "1.16.100",
	"minecraft:entity": {
		"description": {
			"identifier": "chaospack:frogshot_grapple",
			"is_spawnable": false,
			"is_summonable": true,
			"is_experimental": false
		},
		"component_groups": {
			"minecraft:floating": {
				"minecraft:physics": {
					"has_gravity": false
				}
			}
		},

		"components": {
			"minecraft:collision_box": {
				"width": 0.5,
				"height": 0.5
			},
			"minecraft:health": {
				"value": 1,
				"max": 1
			},
			"minecraft:projectile": {
				"on_hit": {
					"impact_damage": {
						"damage": 0,
						"knockback": true,
						"semi_random_diff_damage": true,
						"destroy_on_hit": false,
						"max_critical_damage": 10,
						"min_critical_damage": 9,
						"power_multiplier": 0.97
					},
					"definition_event": {
						"affect_projectile": true,
						"event_trigger": {
							"event": "minecraft:explode",
							"target": "self"
						}
					},
					"stick_in_ground": {
						"shake_time": 0.35
					}
				},
				"power": 5.0,
				"gravity": 0.05,
				"uncertainty_base": 1,
				"uncertainty_multiplier": 0,
				"anchor": 1,
				"should_bounce": true,
				"offset": [ 0, -0.1, 0 ],
				"ignored_entities": [
					"player",
					"mob"
				]
			},
			"minecraft:damage_sensor": {
				"triggers": {
					"cause": "fall",
					"deals_damage": false
				}
			},
			"minecraft:physics": {
			},
			"minecraft:dimension_bound": {
			},
			"minecraft:pushable": {
				"is_pushable": true,
				"is_pushable_by_piston": true
			},
			"minecraft:conditional_bandwidth_optimization": {
				"default_values": {
					"max_optimized_distance": 80.0,
					"max_dropped_ticks": 7,
					"use_motion_prediction_hints": true
				}
			}
		},

		"events": {
			"minecraft:entity_spawned": {
				"queue_command": {
					"command": [
						"playsound crossbow.shoot @a[r=10] ~ ~ ~"
					]
				}
			},
			"minecraft:explode": {
				"sequence": [
					{
						"add": {
							"component_groups": [ "minecraft:floating" ]
						}
					},
					{
						"queue_command": {
							"command": [
								"tag @s add chaospack:frogshot_hit"
							]
						}
					}
				]
			}
		}
	}
}