{
	"format_version": "1.20.0",
	"minecraft:entity": {
		"description": {
			"identifier": "chaospack:golf_cart",
			"is_spawnable": true,
			"is_summonable": true,
			"is_experimental": false
		},
		"components": {
			"minecraft:physics": {
				"has_gravity": true,
				"has_collision": true
			},
			"minecraft:pushable": {
				"is_pushable": false
			},
			"minecraft:push_through": {
				"value": 1
			},
			"minecraft:movement": {
				"value": 0.2
			},
			"minecraft:collision_box": {
				"height": 1,
				"width": 1.2
			},
			"minecraft:movement.basic": {},
			"minecraft:navigation.generic": {},
			"minecraft:input_ground_controlled": {},
			"minecraft:rideable": {
				"seat_count": 4,
				"crouching_skip_interact": true,
				"pull_in_entities": true,
				"family_types": [ "player" ],
				"interact_text": "action.interact.ride.horse",
				"seats": [
					{
						"min_rider_count": 0,
						"max_rider_count": 4,
						"position": [ 0.2, 0.55, -0.2 ]
					},
					{
						"min_rider_count": 1,
						"max_rider_count": 4,
						"position": [ -0.7, 0.55, -0.2 ]
					},
					{
						"min_rider_count": 2,
						"max_rider_count": 4,
						"position": [ 0.2, 0.55, -1.3 ],
						"rotate_rider_by": 180
					},
					{
						"min_rider_count": 3,
						"max_rider_count": 4,
						"position": [ -0.7, 0.55, -1.3 ],
						"rotate_rider_by": 180
					}
				]
			},
			"minecraft:variable_max_auto_step": {
				"base_value": 1.2,
				"controlled_value": 1.2
			},
			"minecraft:loot": {
				"table": "loot_tables/entities/golf_cart.json"
			}
		}
	}
}