{
	"format_version": "1.16.0",
	"minecraft:entity": {
		"description": {
			"identifier": "chaospack:not_deer",
			"is_spawnable": true,
			"is_summonable": true,
			"is_experimental": false
		},
		"component_groups": {
			"minecraft:not_deer_calm": {
				"minecraft:on_target_acquired": {
					"event": "minecraft:become_angry",
					"target": "self"
				},
				"minecraft:movement": {
					"value": 0.3
				}
			},
			"minecraft:not_deer_angry": {
				"minecraft:angry": {
					"duration": 25,
					"calm_event": {
						"event": "minecraft:on_calm",
						"target": "self"
					}
				},
				"minecraft:movement": {
					"value": 0.45
				},
				"minecraft:behavior.melee_attack": {
					"priority": 2
				},
				"minecraft:boss": {
					"should_darken_sky": true,
					"name": "§hNot Deer",
					"hud_range": 55
				}
			}
		},
		"components": {
			"minecraft:experience_reward": {
				"on_death": "query.last_hit_by_player ? 5 : 0"
			},
			"minecraft:type_family": {
				"family": ["monster", "mob"]
			},
			"minecraft:breathable": {
				"total_supply": 15,
				"suffocate_time": 0
			},
			"minecraft:nameable": {},
			"minecraft:loot": {
				"table": "loot_tables/entities/not_deer.json"
			},
			"minecraft:health": {
				"value": 40,
				"max": 40
			},
			"minecraft:hurt_on_condition": {
				"damage_conditions": [
					{
						"filters": {
							"test": "in_lava",
							"subject": "self",
							"operator": "==",
							"value": true
						},
						"cause": "lava",
						"damage_per_tick": 4
					},
					{
						"filters": {
							"test": "in_water_or_rain",
							"operator": "==",
							"value": true
						},
						"cause": "drowning",
						"damage_per_tick": 1
					}
				]
			},
			"minecraft:attack": {
				"damage": 7
			},
			"minecraft:follow_range": {
				"value": 32,
				"max": 32
			},
			"minecraft:collision_box": {
				"width": 1.2,
				"height": 2.1
			},
			"minecraft:lookat": {
				"search_radius": 64,
				"set_target": true,
				"look_cooldown": 5,
				"filters": {
					"all_of": [
						{
							"subject": "other",
							"test": "is_family",
							"value": "player"
						}
					]
				}
			},
			"minecraft:despawn": {
				"despawn_from_distance": {}
			},
			"minecraft:navigation.walk": {
				"can_path_over_water": true,
				"avoid_water": true
			},
			"minecraft:movement.basic": {},
			"minecraft:jump.static": {},
			"minecraft:can_climb": {},
			"minecraft:behavior.float": {
				"priority": 0
			},
			"minecraft:behavior.random_stroll": {
				"priority": 7,
				"speed_multiplier": 1
			},
			"minecraft:behavior.look_at_player": {
				"priority": 8,
				"look_distance": 8,
				"probability": 8
			},
			"minecraft:behavior.random_look_around": {
				"priority": 8
			},
			"minecraft:behavior.hurt_by_target": {
				"priority": 3
			},
			"minecraft:physics": {},
			"minecraft:pushable": {
				"is_pushable": true,
				"is_pushable_by_piston": true
			},
			"minecraft:conditional_bandwidth_optimization": {
				"default_values": {
					"max_optimized_distance": 80,
					"max_dropped_ticks": 10,
					"use_motion_prediction_hints": true
				}
			}
		},
		"events": {
			"minecraft:entity_spawned": {
				"remove": {},
				"add": {
					"component_groups": ["minecraft:not_deer_calm"]
				}
			},
			"minecraft:become_angry": {
				"sequence": [
					{
						"remove": {
							"component_groups": [ "minecraft:not_deer_calm" ]
						},
						"add": {
							"component_groups": [ "minecraft:not_deer_angry" ]
						}
					},
					{
						"queue_command": {
							"command": [
								"effect @a[r=50] blindness 60"
							]
						}
					}
				]
			},
			"minecraft:on_calm": {
				"remove": {
					"component_groups": ["minecraft:not_deer_angry"]
				},
				"add": {
					"component_groups": ["minecraft:not_deer_calm"]
				}
			}
		}
	}
}