{
	"format_version": "1.16.0",
	"minecraft:entity": {
		"description": {
			"identifier": "chaospack:skelerat",
			"is_spawnable": true,
			"is_summonable": true,
			"is_experimental": false
		},
		"component_groups": {
			"minecraft:pig_baby": {
				"minecraft:is_baby": {},
				"minecraft:scale": {
					"value": 0.5
				},
				"minecraft:ageable": {
					"duration": 1200,
					"feed_items": "chaospack:cheese",
					"grow_up": {
						"event": "minecraft:ageable_grow_up",
						"target": "self"
					}
				},
				"minecraft:behavior.follow_parent": {
					"priority": 6,
					"speed_multiplier": 1.1
				}
			},
			"minecraft:pig_adult": {
				"minecraft:experience_reward": {
					"on_bred": "Math.Random(1,7)",
					"on_death": "query.last_hit_by_player ? Math.Random(1,3) : 0"
				},
				"minecraft:loot": {
					"table": "loot_tables/entities/rat.json"
				},
				"minecraft:behavior.breed": {
					"priority": 4,
					"speed_multiplier": 1
				},
				"minecraft:breedable": {
					"require_tame": false,
					"breeds_with": {
						"mate_type": "chaospack:skelerat",
						"baby_type": "chaospack:skelerat",
						"breed_event": {
							"event": "minecraft:entity_born",
							"target": "baby"
						}
					},
					"breed_items": "chaospack:cheese"
				}
			}
		},
		"components": {
			"minecraft:type_family": {
				"family": [ "mob", "rat" ]
			},
			"minecraft:breathable": {
				"total_supply": 15,
				"suffocate_time": 0
			},
			"minecraft:nameable": {},
			"minecraft:health": {
				"value": 5,
				"max": 5
			},
			"minecraft:fire_immune": {
			},
			"minecraft:movement": {
				"value": 0.3
			},
			"minecraft:navigation.walk": {
				"can_path_over_water": true,
				"avoid_water": true,
				"avoid_damage_blocks": true
			},
			"minecraft:movement.basic": {},
			"minecraft:jump.static": {},
			"minecraft:can_climb": {},
			"minecraft:collision_box": {
				"width": 0.5,
				"height": 0.4
			},
			"minecraft:leashable": {
				"soft_distance": 4,
				"hard_distance": 6,
				"max_distance": 10
			},
			"minecraft:damage_sensor": {
				"triggers": [
					{
						"on_damage": {
							"filters": {
								"test": "is_block",
								"subject": "block",
								"value": "minecraft:sweet_berry_bush"
							}
						},
						"deals_damage": false
					}
				]
			},
			"minecraft:balloonable": {
				"mass": 0.75
			},
			"minecraft:despawn": {
				"despawn_from_distance": {}
			},
			"minecraft:behavior.mount_pathing": {
				"priority": 1,
				"speed_multiplier": 1.25,
				"target_dist": 0,
				"track_target": true
			},
			"minecraft:behavior.float": {
				"priority": 2
			},
			"minecraft:behavior.panic": {
				"priority": 3,
				"speed_multiplier": 1.25
			},
			"minecraft:behavior.tempt": {
				"priority": 5,
				"speed_multiplier": 1.2,
				"items": "chaospack:cheese"
			},
			"minecraft:behavior.random_stroll": {
				"priority": 7,
				"speed_multiplier": 1
			},
			"minecraft:behavior.look_at_player": {
				"priority": 8,
				"look_distance": 6,
				"probability": 0.02
			},
			"minecraft:behavior.random_look_around": {
				"priority": 9
			},
			"minecraft:physics": {},
			"minecraft:pushable": {
				"is_pushable": true,
				"is_pushable_by_piston": true
			},
			"minecraft:conditional_bandwidth_optimization": {}
		},
		"events": {
			"minecraft:entity_spawned": {
				"randomize": [
					{
						"weight": 95,
						"trigger": "minecraft:spawn_adult"
					},
					{
						"weight": 5,
						"remove": {},
						"add": {
							"component_groups": ["minecraft:pig_baby"]
						}
					}
				]
			},
			"minecraft:entity_born": {
				"remove": {},
				"add": {
					"component_groups": ["minecraft:pig_baby"]
				}
			},
			"minecraft:ageable_grow_up": {
				"remove": {
					"component_groups": ["minecraft:pig_baby"]
				},
				"add": {
					"component_groups": ["minecraft:pig_adult", "minecraft:pig_unsaddled"]
				}
			},
			"minecraft:spawn_adult": {
				"add": {
					"component_groups": ["minecraft:pig_adult", "minecraft:pig_unsaddled"]
				}
			}
		}
	}
}