{
  "format_version": "1.13.0",
  "minecraft:feature_rules": {
    "description": {
      "identifier": "chaospack:desert_monolith_feature_rules",
      "places_feature": "chaospack:desert_monolith_feature"
    },
    "conditions": {
      "placement_pass": "first_pass",
      "minecraft:biome_filter": {
        "any_of": [
          {
            "test": "has_biome_tag",
            "operator": "==",
            "value": "desert"
          }
        ]
      }
    },
    "distribution": {
      "iterations": 1,
      "x": {
        "extent": [ 0, 16 ],
        "distribution": "uniform"
      },
      "y": "q.heightmap(v.worldx, v.worldz)", //Generates the feature on the highest block on the column
      "z": {
        "extent": [ 0, 16 ],
        "distribution": "uniform"
      },
      "scatter_chance": {
        "numerator": 1,
        "denominator": 250
      }
    }
  }
}