{
  "format_version": "1.13.0",
  "minecraft:structure_template_feature": {
    "description": {
      "identifier": "chaospack:smallrock3_feature"
    },
    "structure_name": "mystructure:smallrock2",
    "adjustment_radius": 4,
    "facing_direction": "random",
    "constraints": {
      "grounded": {},
      "block_intersection": {
        "block_allowlist": [
          "minecraft:air",
          "minecraft:grass_block"//The structure can only replace air
        ]
      }
    }
  }
}