{
  "format_version": "1.13.0",
  "minecraft:structure_template_feature": {
    "description": {
      "identifier": "chaospack:yeti_feature"
    },
    "structure_name": "mystructure:yeti_den",
    "adjustment_radius": 16,
    "facing_direction": "random",
    "constraints": {
      "grounded": {},
      "block_intersection": {
        "block_allowlist": [
          "minecraft:air",
          "minecraft:grass_block",
          "minecraft:spruce_log",
          "minecraft:spruce_leaves"
        ]
      }
    }
  }
}