{
  "format_version": "1.13.0",
  "minecraft:feature_rules": {
    "description": {
      "identifier": "chaospack:blight_lab_underground_feature",
      "places_feature": "chaospack:blight_lab_feature"
    },
    "conditions": {
      "placement_pass": "first_pass",
      "minecraft:biome_filter": {
        "test": "has_biome_tag",
        "operator": "==",
        "value": "overworld"
      }
    },
    "distribution": {
      "iterations": 1,
      "x": {
        "extent": [ 0, 16 ],
        "distribution": "uniform"
      },
      "y": {
        "extent": [
          0,
          40
        ],
        "distribution": "uniform"
      },
      "z": {
        "extent": [ 0, 16 ],
        "distribution": "uniform"
      },
      "scatter_chance": {
        "numerator": 1,
        "denominator": 250
      }
    }
  }
}