{
  "format_version": "1.13.0",
  "minecraft:feature_rules": {
    "description": {
      "identifier": "chaospack:raft_feature_rules",
      "places_feature": "chaospack:raft_feature"
    },
    "conditions": {
      "placement_pass": "first_pass",
      "minecraft:biome_filter": {
        "test": "has_biome_tag",
        "operator": "==",
        "value": "ocean"
      }
    },
    "distribution": {
      "iterations": 1,
      "x": {
        "extent": [ 0, 16 ],
        "distribution": "uniform"
      },
      "y": 62, //Makes the feature generate only on y62, which is Minecraft water level
      "z": {
        "extent": [ 0, 16 ],
        "distribution": "uniform"
      },
      "scatter_chance": {
        "numerator": 1,
        "denominator": 1500
      }
    }
  }
}