{
  "format_version": "1.13.0",
  "minecraft:feature_rules": {
    "description": {
      "identifier": "chaospack:smallrock_feature_rules",
      "places_feature": "chaospack:smallrock_variation_feature"
    },
    "conditions": {
      "placement_pass": "first_pass",
      "minecraft:biome_filter": [
        {
          "test": "has_biome_tag",
          "operator": "==",
          "value": "forest"
        },
        {
          "test": "has_biome_tag",
          "operator": "!=",
          "value": "cold"
        },
        {
          "test": "has_biome_tag",
          "operator": "!=",
          "value": "redwood_taiga_hills_mutated"
        },
        {
          "test": "has_biome_tag",
          "operator": "!=",
          "value": "redwood_taiga_mutated"
        }
      ]
    },
    "distribution": {
      "iterations": 1,
      "x": {
        "extent": [ 0, 16 ],
        "distribution": "uniform"
      },
      "y": "q.heightmap(v.worldx, v.worldz)", //Generates the feature on the highest block on the column
      "z": {
        "extent": [ 0, 16 ],
        "distribution": "uniform"
      },
      "scatter_chance": {
        "numerator": 1,
        "denominator": 50
      }
    }
  }
}