{
  "format_version": "1.13.0",
  "minecraft:feature_rules": {
    "description": {
      "identifier": "chaospack:star_temple_feature_rules",
      "places_feature": "chaospack:star_temple_feature"
    },
    "conditions": {
      "placement_pass": "first_pass",
      "minecraft:biome_filter": {
        "any_of": [
          {
            "test": "has_biome_tag",
            "operator": "==",
            "value": "the_end"
          }
        ]
      }
    },
    "distribution": {
      "iterations": 1,
      "x": {
        "extent": [ 0, 16 ],
        "distribution": "uniform"
      },
      "y": {
        "distribution": "uniform", // You can use "triangle" to make ores more common in the middle of the extent
        "extent": [
          60, // Minimum y level for the ore to generate
          120 // Maximum y level for the ore to generate
        ]
      },
      "z": {
        "extent": [ 0, 16 ],
        "distribution": "uniform"
      },
      "scatter_chance": {
        "numerator": 1,
        "denominator": 1500
      }
    }
  }
}