{
	"format_version": "1.16.100",
	"minecraft:entity": {
		"description": {
			"identifier": "chaospack:log_bench",
			"is_spawnable": true,
			"is_summonable": true,
			"is_experimental": false
		},
		"components": {
			"minecraft:physics": {
				"has_gravity": true,
				"has_collision": true
			},
			"minecraft:health": {
				"value": 1,
				"max": 1
			},
			"minecraft:pushable": {
				"is_pushable": false
			},
			"minecraft:push_through": {
				"value": 1
			},
			"minecraft:loot": {
				"table": "loot_tables/entities/log_bench.json"
			},
			"minecraft:rideable": {
				"seat_count": 3,
				"crouching_skip_interact": true,
				"pull_in_entities": true,
				"family_types": [ "player" ],
				"interact_text": "action.interact.ride.horse",
				"seats": [
					{
						"min_rider_count": 0,
						"max_rider_count": 3,
						"position": [ 0, 0.5, 0 ]
					},
					{
						"min_rider_count": 1,
						"max_rider_count": 3,
						"position": [ 1, 0.5, 0 ]
					},
					{
						"min_rider_count": 2,
						"max_rider_count": 3,
						"position": [ -1, 0.5, 0 ]
					}
				]
			}
		}
	}
}