{
	"format_version": "1.16.100",
	"minecraft:entity": {
		"description": {
			"identifier": "chaospack:seat",
			"is_spawnable": false,
			"is_summonable": true,
			"is_experimental": false
		},
		"components": {
			"minecraft:knockback_resistance": {
				"value": 1
			},
			"minecraft:collision_box": {
				"width": 1,
				"height": 1
			},
			"minecraft:physics": {
				"has_gravity": false,
				"has_collision": false
			},
			"minecraft:rideable": {
				"seat_count": 1,
				"crouching_skip_interact": true,
				"pull_in_entities": false,
				"family_types": [ "player" ],
				"interact_text": "action.interact.ride.horse",
				"seats": [
					{
						"min_rider_count": 0,
						"max_rider_count": 1,
						"position": [ 0, 0.5, 0 ],
						"rotate_rider_by": 90
					}
				]
			},
			"minecraft:pushable": {
				"is_pushable": false,
				"is_pushable_by_piston": true
			},
			"minecraft:health": {
				"value": 1,
				"max": 1
			},
			"minecraft:push_through": {
				"value": 1
			},
			"minecraft:on_death": {
				"event": "chaospack:remove_block"
			}
		},
		"events": {
			"minecraft:entity_spawned": {
				"sequence": [
					{
						"queue_command": {
							"command": [
								"tp @e[type=chaospack:seat,r=0.01] ~ ~-0.5 ~"
							]
						}
					}
				]
			},
			"chaospack:remove_block": {
				"sequence": [
					{
						"queue_command": {
							"command": [
								"setblock ~ ~ ~ air destroy"
							]
						}
					}
				]
			}
		}
	}
}