{
	"format_version": "1.12.0",
	"minecraft:geometry": [
		{
			"description": {
				"identifier": "geometry.blight",
				"texture_width": 128,
				"texture_height": 128,
				"visible_bounds_width": 4,
				"visible_bounds_height": 4,
				"visible_bounds_offset": [0, 2, 0]
			},
			"bones": [
				{
					"name": "body",
					"pivot": [0, 24, 0],
					"cubes": [
						{"origin": [-4, 12, -3], "size": [8, 12, 6], "uv": [32, 34]},
						{"origin": [-4, 6, -3], "size": [8, 18, 6], "inflate": 0.5, "uv": [0, 0]}
					]
				},
				{
					"name": "head",
					"parent": "body",
					"pivot": [0, 24, 0],
					"cubes": [
						{"origin": [-4, 24, -4], "size": [8, 10, 8], "uv": [0, 34]},
						{"origin": [-4, 24, -4], "size": [8, 10, 8], "inflate": 0.5, "uv": [20, 16]},
						{"origin": [-15, 32, -1], "size": [10, 10, 0], "pivot": [-9, 8, 3], "rotation": [0, -15, 0], "uv": [0, 24]},
						{"origin": [0, 32, -9], "size": [10, 10, 0], "pivot": [6, 8, -5], "rotation": [0, -165, 0], "uv": [0, 24]}
					]
				},
				{
					"name": "arms",
					"parent": "body",
					"pivot": [0, 22, 0],
					"cubes": [
						{"origin": [-4, 16, -2], "size": [8, 4, 4], "uv": [44, 0]}
					],
					"locators": {
						"right_hand": [-6, 14, -8]
					}
				},
				{
					"name": "leftArm2",
					"parent": "arms",
					"pivot": [4, 22, 0],
					"cubes": [
						{"origin": [4, 12, -2], "size": [4, 12, 4], "uv": [28, 0]}
					]
				},
				{
					"name": "rightArm2",
					"parent": "arms",
					"pivot": [-4, 22, 0],
					"cubes": [
						{"origin": [-8, 18, -18], "size": [4, 12, 4], "pivot": [0, 6, -16], "rotation": [-45, 0, 0], "uv": [28, 0]}
					]
				},
				{
					"name": "rightItem",
					"parent": "arms",
					"pivot": [-5.5, 14, -6.5]
				},
				{
					"name": "leg0",
					"parent": "body",
					"pivot": [-2, 12, 0],
					"cubes": [
						{"origin": [-4, 0, -2], "size": [4, 12, 4], "uv": [44, 8]}
					]
				},
				{
					"name": "leg1",
					"parent": "body",
					"pivot": [2, 12, 0],
					"mirror": true,
					"cubes": [
						{"origin": [0, 0, -2], "size": [4, 12, 4], "uv": [44, 8]}
					]
				},
				{
					"name": "rightArm",
					"parent": "body",
					"pivot": [-5, 22, 0],
					"cubes": [
						{"origin": [-8, 18, -18], "size": [4, 12, 4], "pivot": [0, 6, -16], "rotation": [-45, 0, 0], "uv": [28, 0]}
					]
				},
				{
					"name": "sceptre",
					"parent": "rightArm",
					"pivot": [-6, 15, -7],
					"rotation": [15, 0, 0],
					"cubes": [
						{"origin": [-7, 5, -8], "size": [2, 20, 2], "uv": [0, 52]},
						{"origin": [-4, 23, -8], "size": [2, 12, 2], "pivot": [-3, 30, -7], "rotation": [0, 0, 25], "uv": [8, 52]},
						{"origin": [-10, 23, -8], "size": [2, 12, 2], "pivot": [-9, 30, -7], "rotation": [0, 0, -25], "uv": [8, 52]},
						{"origin": [-13.2, 33, -8.1], "size": [2.2, 2.2, 2.2], "pivot": [-12, 40, -7], "rotation": [0, 0, -25], "uv": [16, 52]},
						{"origin": [-1.2, 33, -8.1], "size": [2.2, 2.2, 2.2], "pivot": [0, 40, -7], "rotation": [0, 0, 25], "uv": [16, 52]},
						{"origin": [-7.5, 30, -8.5], "size": [3, 3, 3], "uv": [0, 78]},
						{"origin": [-7.5, 21, -8.5], "size": [3, 3, 3], "uv": [13, 63]},
						{"origin": [-7.5, 2, -8.5], "size": [3, 3, 3], "uv": [13, 63]}
					]
				},
				{
					"name": "leftArm",
					"parent": "body",
					"pivot": [5, 22, 0],
					"mirror": true,
					"cubes": [
						{"origin": [4, 12, -2], "size": [4, 12, 4], "uv": [28, 0]}
					],
					"locators": {
						"left_hand": [6, 12, 0]
					}
				}
			]
		}
	]
}