{
	"format_version": "1.12.0",
	"minecraft:geometry": [
		{
			"description": {
				"identifier": "geometry.butterfly",
				"texture_width": 16,
				"texture_height": 16,
				"visible_bounds_width": 3,
				"visible_bounds_height": 2.5,
				"visible_bounds_offset": [0, 0.75, 0]
			},
			"bones": [
				{
					"name": "body",
					"pivot": [1, 4.5, -1],
					"rotation": [25, 0, 0],
					"cubes": [
						{"origin": [-1, 1.64154, -2.13845], "size": [2, 6, 2], "uv": [0, 1]},
						{"origin": [0.9, 7.24154, -1.53845], "size": [0, 3, 2], "uv": [6, -2]},
						{"origin": [-0.9, 7.24154, -1.53845], "size": [0, 3, 2], "uv": [6, -2]}
					]
				},
				{
					"name": "wing0",
					"parent": "body",
					"pivot": [1.5, 4.24154, -0.43845],
					"rotation": [-10, 180, 0],
					"cubes": [
						{"origin": [-2, 4.6368, -0.3299], "size": [4, 3, 0.1], "uv": [8, 5]},
						{"origin": [-1, 1.6368, -0.3299], "size": [3, 3, 0.1], "uv": [8, 8]}
					]
				},
				{
					"name": "wing1",
					"parent": "body",
					"pivot": [-1.5, 4.64154, -0.43845],
					"rotation": [-10, 180, 0],
					"cubes": [
						{"origin": [2, 4.63679, -0.32994], "size": [-4, 3, 0.1], "uv": [16, 5]},
						{"origin": [1, 1.63679, -0.32994], "size": [-3, 3, 0.1], "uv": [14, 8]}
					]
				},
				{
					"name": "head",
					"pivot": [-1, 7.3, -2.8]
				}
			]
		}
	]
}