{
	"format_version": "1.12.0",
	"minecraft:geometry": [
		{
			"description": {
				"identifier": "geometry.cadillac",
				"texture_width": 272,
				"texture_height": 272,
				"visible_bounds_width": 8,
				"visible_bounds_height": 4,
				"visible_bounds_offset": [0, 1, 0]
			},
			"bones": [
				{
					"name": "root",
					"pivot": [0, 0, 0]
				},
				{
					"name": "body",
					"parent": "root",
					"pivot": [0, 0, 0],
					"cubes": [
						{"origin": [-19, 4, -41], "size": [30, 2, 85], "uv": [42, 33]},
						{"origin": [-6, 6, -11], "size": [4, 3, 10], "uv": [8, 103]},
						{"origin": [-5, 5, -8], "size": [2, 8, 2], "pivot": [0, 0, 0], "rotation": [-15, 0, 0], "uv": [6, 44]}
					]
				},
				{
					"name": "steering_wheel",
					"parent": "body",
					"pivot": [-13, 18, -12],
					"cubes": [
						{"origin": [-16, 15, -13], "size": [6, 6, 2], "uv": [2, 30]}
					]
				},
				{
					"name": "wheel_front_left",
					"parent": "root",
					"pivot": [10, 5, -29],
					"cubes": [
						{"origin": [7, 0, -34], "size": [6, 10, 10], "uv": [44, 3]}
					]
				},
				{
					"name": "wheel_front_right",
					"parent": "root",
					"pivot": [-18, 5, -29],
					"cubes": [
						{"origin": [-21, 0, -34], "size": [6, 10, 10], "uv": [44, 3], "mirror": true}
					]
				},
				{
					"name": "wheel_back_left",
					"parent": "root",
					"pivot": [6, 5, 29],
					"cubes": [
						{"origin": [3, 0, 24], "size": [6, 10, 10], "uv": [44, 3]}
					]
				},
				{
					"name": "wheel_back_right",
					"parent": "root",
					"pivot": [-15, 5, 29],
					"cubes": [
						{"origin": [-18, 0, 24], "size": [6, 10, 10], "uv": [44, 3], "mirror": true}
					]
				},
				{
					"name": "Front",
					"parent": "root",
					"pivot": [0, 0, 0],
					"cubes": [
						{"origin": [-20, 6, -42], "size": [32, 14, 28], "uv": [20, 125]},
						{"origin": [-18, 12, -14], "size": [28, 6, 2], "uv": [98, 15]},
						{"origin": [-20, 6, -43], "size": [9, 14, 1], "uv": [0, 239]},
						{"origin": [3, 6, -43], "size": [9, 14, 1], "uv": [0, 239]}
					]
				},
				{
					"name": "Walls",
					"parent": "root",
					"pivot": [0, 0, 0],
					"cubes": [
						{"origin": [10, 6, -14], "size": [2, 14, 39], "uv": [142, 201]},
						{"origin": [-20, 6, -14], "size": [2, 14, 39], "uv": [142, 201]}
					]
				},
				{
					"name": "Windows",
					"parent": "root",
					"pivot": [0, 7, 0],
					"cubes": [
						{"origin": [10, 16, -17], "size": [2, 12, 2], "pivot": [0, 7, 0], "rotation": [-15, 0, 0], "uv": [36, 138]},
						{"origin": [-20, 16, -17], "size": [2, 12, 2], "pivot": [0, 7, 0], "rotation": [-15, 0, 0], "uv": [36, 138]},
						{"origin": [10, 12, 26], "size": [2, 9, 2], "pivot": [0, 7, 0], "rotation": [15, 0, 0], "uv": [20, 137]},
						{"origin": [-20, 12, 26], "size": [2, 9, 2], "pivot": [0, 7, 0], "rotation": [15, 0, 0], "uv": [5, 162]},
						{"origin": [-20, 20, 4], "size": [2, 10, 2], "uv": [5, 194]},
						{"origin": [10, 20, 4], "size": [2, 10, 2], "uv": [5, 194]},
						{"origin": [-16, 20, -24], "size": [4, 2, 1], "pivot": [0, 0, 0], "rotation": [0, 22.5, 0], "uv": [2, 10]},
						{"origin": [4, 20, -21], "size": [4, 2, 1], "pivot": [0, 0, 0], "rotation": [0, -22.5, 0], "uv": [2, 10]},
						{"origin": [-20, 30, -11], "size": [32, 2, 15], "uv": [20, 202]},
						{"origin": [-20, 30, -3], "size": [32, 2, 20], "pivot": [0, 0, 0], "rotation": [-12.5, 0, 0], "uv": [23, 233]}
					]
				},
				{
					"name": "Seat",
					"parent": "root",
					"pivot": [0, 0, 0],
					"cubes": [
						{"origin": [-18, 6, -5], "size": [11, 2, 8], "uv": [169, 143]},
						{"origin": [-18, 6, 3], "size": [11, 17, 2], "uv": [133, 132]},
						{"origin": [-1, 6, -5], "size": [11, 2, 8], "uv": [169, 143]},
						{"origin": [-1, 6, 3], "size": [11, 17, 2], "uv": [133, 132]},
						{"origin": [-18, 6, 14], "size": [28, 2, 8], "uv": [169, 143]},
						{"origin": [-18, 6, 22], "size": [28, 17, 2], "uv": [88, 180]}
					]
				},
				{
					"name": "Back",
					"parent": "root",
					"pivot": [0, 0, 0],
					"cubes": [
						{"origin": [-20, 6, 25], "size": [32, 12, 20], "uv": [152, 156]},
						{"origin": [-20, 19, 24], "size": [32, 2, 20], "pivot": [0, 0, 0], "rotation": [-2.5, 0, 0], "uv": [16, 58]},
						{"origin": [9, 10, 30], "size": [2, 5, 16], "pivot": [0, 0, 0], "rotation": [10, 0, 0], "uv": [88, 30]},
						{"origin": [-19, 10, 30], "size": [2, 5, 16], "pivot": [0, 0, 0], "rotation": [10, 0, 0], "uv": [88, 30]}
					]
				}
			]
		}
	]
}