{
	"format_version": "1.12.0",
	"minecraft:geometry": [
		{
			"description": {
				"identifier": "geometry.copper_golem",
				"texture_width": 64,
				"texture_height": 64,
				"visible_bounds_width": 3,
				"visible_bounds_height": 6,
				"visible_bounds_offset": [0, 1, 0]
			},
			"bones": [
				{
					"name": "body",
					"pivot": [0, 31, 0],
					"cubes": [
						{"origin": [-5, 3, -4], "size": [10, 5, 7], "uv": [0, 17]}
					]
				},
				{
					"name": "head",
					"parent": "body",
					"pivot": [0, 8, 0],
					"cubes": [
						{"origin": [-5, 8, -5], "size": [10, 7, 9], "uv": [1, 1]},
						{"origin": [-1, 7, -7], "size": [2, 4, 2], "uv": [0, 37]},
						{"origin": [-1, 15, -1.5], "size": [2, 2, 2], "uv": [8, 37]},
						{"origin": [-2, 17, -2.5], "size": [4, 4, 4], "uv": [34, 17]}
					],
					"locators": {
						"lead": [0, 31, -2]
					}
				},
				{
					"name": "arm0",
					"parent": "body",
					"pivot": [-6, 9, 0],
					"cubes": [
						{"origin": [-7, 3.5, -2], "size": [2, 7, 4], "uv": [36, 25]}
					]
				},
				{
					"name": "arm1",
					"parent": "body",
					"pivot": [6, 9, 0],
					"cubes": [
						{"origin": [5, 3.5, -2], "size": [2, 7, 4], "uv": [36, 36]}
					]
				},
				{
					"name": "leg0",
					"parent": "body",
					"pivot": [-3, 3, 0],
					"cubes": [
						{"origin": [-4.5, 0, -3], "size": [4, 3, 5], "uv": [0, 29]}
					]
				},
				{
					"name": "leg1",
					"parent": "body",
					"pivot": [3, 3, 0],
					"mirror": true,
					"cubes": [
						{"origin": [0.5, 0, -3], "size": [4, 3, 5], "uv": [18, 29], "mirror": false}
					]
				}
			]
		}
	]
}