{
	"format_version": "1.12.0",
	"minecraft:geometry": [
		{
			"description": {
				"identifier": "geometry.deck_chair",
				"texture_width": 128,
				"texture_height": 128,
				"visible_bounds_width": 5,
				"visible_bounds_height": 3.5,
				"visible_bounds_offset": [0, 1.25, 0]
			},
			"bones": [
				{
					"name": "bb_main",
					"pivot": [0, 0, 0],
					"cubes": [
						{"origin": [5.1, 9, -27], "size": [1.8, 1, 11], "pivot": [4, 13, -14], "rotation": [45, 0, 0], "uv": [90, 19]},
						{"origin": [-6.9, 9, -27], "size": [1.8, 1, 11], "pivot": [-8, 13, -14], "rotation": [45, 0, 0], "uv": [90, 19]}
					]
				},
				{
					"name": "body",
					"pivot": [0, 7.5, -6],
					"cubes": [
						{"origin": [-9, 9, -14], "size": [18, 1, 28], "uv": [0, 0]},
						{"origin": [-9, 13, 13], "size": [18, 1, 20], "pivot": [0, 13, 18], "rotation": [45, 0, 0], "uv": [0, 30]},
						{"origin": [-9, 6, -23], "size": [18, 1, 12], "pivot": [0, 5, -16], "rotation": [45, 0, 0], "uv": [-1, 51]},
						{"origin": [5, 0, -13], "size": [2, 9, 2], "uv": [64, 0]},
						{"origin": [5, 0, 11], "size": [2, 9, 2], "uv": [64, 0]},
						{"origin": [-7, 0, -13], "size": [2, 9, 2], "uv": [64, 0]},
						{"origin": [-7, 0, 11], "size": [2, 9, 2], "uv": [64, 0]},
						{"origin": [-6.9, 8, -11], "size": [1.8, 1, 25], "uv": [76, 5]},
						{"origin": [5.1, 8, -11], "size": [1.8, 1, 25], "uv": [76, 5]},
						{"origin": [5.1, 23, 4], "size": [1.8, 1, 21], "pivot": [4, 27, 27], "rotation": [45, 0, 0], "uv": [80, 9]},
						{"origin": [-6.9, 23, 4], "size": [1.8, 1, 21], "pivot": [-8, 27, 27], "rotation": [45, 0, 0], "uv": [80, 9]}
					]
				}
			]
		}
	]
}