{
	"format_version": "1.12.0",
	"minecraft:geometry": [
		{
			"description": {
				"identifier": "geometry.deer",
				"texture_width": 128,
				"texture_height": 128,
				"visible_bounds_width": 5,
				"visible_bounds_height": 5,
				"visible_bounds_offset": [0, 1.5, 0]
			},
			"bones": [
				{
					"name": "body",
					"pivot": [0, 19, 2],
					"cubes": [
						{"origin": [-6, 21, -5], "size": [12, 11, 10], "pivot": [0, 22, 2], "rotation": [90, 0, 0], "uv": [0, 23]},
						{"origin": [-6.1, 13, 0], "size": [12.2, 11, 12], "pivot": [0, 14, 7], "rotation": [-15, 0, 0], "uv": [0, 0]}
					]
				},
				{
					"name": "head",
					"parent": "body",
					"pivot": [0, 23, -6],
					"cubes": [
						{"origin": [-3, 22, -16], "size": [6, 12, 6], "pivot": [0, 32, -9], "rotation": [45, 0, 0], "uv": [38, 38]},
						{"origin": [-4, 28, -15], "size": [8, 6, 6], "uv": [36, 0]},
						{"origin": [-4, 24, -2], "size": [8, 7, 7], "pivot": [0, -4, 13], "rotation": [15, 0, 0], "uv": [68, 0]},
						{"origin": [-3, 30, -15], "size": [6, 4, 4], "pivot": [0, 2, 4], "rotation": [7.5, 0, 0], "uv": [16, 44]},
						{"origin": [-8, 32.5, -12], "size": [3, 2, 1], "pivot": [-1, 11, 0], "rotation": [0, 0, 5], "uv": [0, 1]},
						{"origin": [-24, 50, -12], "size": [2, 3, 1], "pivot": [-19, 28, 0], "rotation": [0, 0, 85], "uv": [1, 5]},
						{"origin": [-18, 37, -38], "size": [10, 10, 0.1], "pivot": [-4, 15, -27], "rotation": [15, 180, 0], "uv": [65, 32]},
						{"origin": [-10, 32, -17], "size": [10, 10, 0.1], "pivot": [4, 10, -6], "rotation": [-15, 0, 0], "uv": [65, 32]}
					],
					"locators": {
						"lead": [0, 27, -10]
					}
				},
				{
					"name": "leg0",
					"parent": "body",
					"pivot": [-4, 17, 9],
					"cubes": [
						{"origin": [-6, -0.03123, 7.07991], "size": [4, 15, 4], "uv": [0, 44]},
						{"origin": [-7, 9.96877, 6.07991], "size": [6, 8, 6], "uv": [42, 17]}
					]
				},
				{
					"name": "leg1",
					"parent": "body",
					"pivot": [4, 17, 9],
					"mirror": true,
					"cubes": [
						{"origin": [2, 0.0325, 6.9206], "size": [4, 15, 4], "uv": [0, 44]},
						{"origin": [1, 10.0325, 5.9206], "size": [6, 8, 6], "uv": [42, 17], "mirror": false}
					]
				},
				{
					"name": "leg2",
					"parent": "body",
					"pivot": [-4, 14, -5],
					"cubes": [
						{"origin": [-6, 0.01618, -7.03173], "size": [4, 15, 4], "uv": [0, 44]}
					]
				},
				{
					"name": "leg3",
					"parent": "body",
					"pivot": [4, 14, -5],
					"mirror": true,
					"cubes": [
						{"origin": [2, -0.01568, -6.96801], "size": [4, 15, 4], "uv": [0, 44]}
					]
				}
			]
		}
	]
}