{
	"format_version": "1.12.0",
	"minecraft:geometry": [
		{
			"description": {
				"identifier": "geometry.dodo",
				"texture_width": 64,
				"texture_height": 64,
				"visible_bounds_width": 2,
				"visible_bounds_height": 2.25,
				"visible_bounds_offset": [0, 0.875, 0]
			},
			"bones": [
				{
					"name": "body",
					"pivot": [0, 8, 0],
					"cubes": [
						{"origin": [-4, 4, -3], "size": [8, 8, 7], "inflate": 0.5, "pivot": [1, 8, 0], "rotation": [90, 0, 0], "uv": [0, 0]},
						{"origin": [-1, 10, 3], "size": [2, 3, 3], "inflate": 0.5, "uv": [22, 15]}
					]
				},
				{
					"name": "head",
					"pivot": [0, 9, -4],
					"cubes": [
						{"origin": [-2, 8, -6], "size": [4, 8, 3], "inflate": 0.5, "uv": [0, 15]}
					],
					"locators": {
						"lead": [0, 9, -4]
					}
				},
				{
					"name": "comb",
					"parent": "head",
					"pivot": [0, 9, -4]
				},
				{
					"name": "beak",
					"parent": "head",
					"pivot": [0, 9, -4],
					"cubes": [
						{"origin": [-1, 13, -24], "size": [2, 4, 3], "inflate": 0.5, "pivot": [0, 4, -16], "rotation": [-75, 0, 0], "uv": [23, 0]},
						{"origin": [-0.5, 11, -24], "size": [1, 1, 3], "inflate": 0.5, "pivot": [0, -1, -16], "rotation": [-55, 0, 0], "uv": [23, 0]}
					]
				},
				{
					"name": "leg0",
					"pivot": [-2, 5, 1],
					"cubes": [
						{"origin": [-3, 0.5, -2], "size": [3, 5, 3], "inflate": 0.5, "uv": [11, 25]}
					]
				},
				{
					"name": "leg1",
					"pivot": [1, 5, 1],
					"cubes": [
						{"origin": [0, 0.5, -2], "size": [3, 5, 3], "inflate": 0.5, "uv": [11, 25]}
					]
				},
				{
					"name": "wing0",
					"pivot": [-4, 11, 0],
					"cubes": [
						{"origin": [-5, 7, -3], "size": [1, 4, 6], "inflate": 0.5, "uv": [14, 15]}
					]
				},
				{
					"name": "wing1",
					"pivot": [4, 11, 0],
					"cubes": [
						{"origin": [4, 7, -3], "size": [1, 4, 6], "inflate": 0.5, "uv": [14, 15]}
					]
				}
			]
		}
	]
}