{
	"format_version": "1.12.0",
	"minecraft:geometry": [
		{
			"description": {
				"identifier": "geometry.duck_male",
				"texture_width": 64,
				"texture_height": 32,
				"visible_bounds_width": 2,
				"visible_bounds_height": 2.25,
				"visible_bounds_offset": [0, 0.875, 0]
			},
			"bones": [
				{
					"name": "body",
					"pivot": [0, 8, 0],
					"cubes": [
						{"origin": [-3, 2, -3], "size": [6, 8, 5], "pivot": [0, 6, 0], "rotation": [90, 0, 0], "uv": [1, 10]},
						{"origin": [-2, 9, 7], "size": [4, 1, 3], "pivot": [0, 6, 8], "rotation": [90, 0, 0], "uv": [2, 27]}
					]
				},
				{
					"name": "head",
					"pivot": [0, 9, -1],
					"cubes": [
						{"origin": [-2, 8, -3], "size": [4, 4, 4], "uv": [43, 14]}
					],
					"locators": {
						"lead": [0, 9, -4]
					}
				},
				{
					"name": "beak",
					"parent": "head",
					"pivot": [0, 9, -4],
					"cubes": [
						{"origin": [-2, 8, -5], "size": [4, 2, 2], "uv": [14, 0]}
					]
				},
				{
					"name": "leg0",
					"pivot": [-1, 3, 1],
					"cubes": [
						{"origin": [-3, -0.00013, -2.02256], "size": [3, 3, 3], "uv": [26, 0]}
					]
				},
				{
					"name": "leg1",
					"pivot": [1, 3, 1],
					"cubes": [
						{"origin": [0, -0.00013, -1.97744], "size": [3, 3, 3], "uv": [26, 0]}
					]
				},
				{
					"name": "wing0",
					"pivot": [-3, 8, 0],
					"cubes": [
						{"origin": [-4, 4, -3], "size": [1, 4, 6], "uv": [24, 13]}
					]
				},
				{
					"name": "wing1",
					"pivot": [3, 8, 0],
					"cubes": [
						{"origin": [3, 4, -3], "size": [1, 4, 6], "uv": [24, 13]}
					]
				}
			]
		}
	]
}