{
	"format_version": "1.12.0",
	"minecraft:geometry": [
		{
			"description": {
				"identifier": "geometry.dust_storm",
				"texture_width": 128,
				"texture_height": 128,
				"visible_bounds_width": 3,
				"visible_bounds_height": 3.5,
				"visible_bounds_offset": [0, 1.25, 0]
			},
			"bones": [
				{
					"name": "tornado_body",
					"pivot": [0, 0, 0]
				},
				{
					"name": "tornado_bottom",
					"parent": "tornado_body",
					"pivot": [0, 0, 0]
				},
				{
					"name": "tornado_mid",
					"parent": "tornado_bottom",
					"pivot": [0, 7, 0]
				},
				{
					"name": "tornado_top",
					"parent": "tornado_mid",
					"pivot": [0, 13, 0]
				}
			]
		}
	]
}