{
	"format_version": "1.12.0",
	"minecraft:geometry": [
		{
			"description": {
				"identifier": "geometry.eye_of_solumn",
				"texture_width": 64,
				"texture_height": 64,
				"visible_bounds_width": 6,
				"visible_bounds_height": 10,
				"visible_bounds_offset": [0, 4, 0]
			},
			"bones": [
				{
					"name": "body",
					"pivot": [0, 1.5, 0],
					"cubes": [
						{"origin": [-8, 0, -8], "size": [16, 16, 16], "uv": [0, 0]},
						{"origin": [-7, 1, 8], "size": [14, 14, 10], "uv": [0, 32]}
					]
				}
			]
		}
	]
}