{
	"format_version": "1.12.0",
	"minecraft:geometry": [
		{
			"description": {
				"identifier": "geometry.firefly",
				"texture_width": 8,
				"texture_height": 8,
				"visible_bounds_width": 3,
				"visible_bounds_height": 3,
				"visible_bounds_offset": [0, 0.5, 0]
			},
			"bones": [
				{
					"name": "body",
					"pivot": [0.5, 5, 0],
					"cubes": [
						{"origin": [0, 0, -1], "size": [1, 1, 2], "uv": [0, 0]}
					],
					"locators": {
						"lead": [0, 4, -1]
					}
				},
				{
					"name": "rightwing_bone",
					"parent": "body",
					"pivot": [0, 0, 0],
					"rotation": [15, -15, 0],
					"cubes": [
						{"origin": [-1.20987, 0.45603, -0.34604], "size": [2, 0, 1], "uv": [-1, 3]}
					]
				},
				{
					"name": "leftwing_bone",
					"parent": "body",
					"pivot": [1, 0, 0],
					"rotation": [15, 15, 0],
					"cubes": [
						{"origin": [0.20987, 0.45603, -0.34604], "size": [2, 0, 1], "uv": [-1, 4]}
					]
				}
			]
		}
	]
}