{
	"format_version": "1.12.0",
	"minecraft:geometry": [
		{
			"description": {
				"identifier": "geometry.golf_cart",
				"texture_width": 256,
				"texture_height": 256,
				"visible_bounds_width": 5,
				"visible_bounds_height": 5,
				"visible_bounds_offset": [0, 1.5, 0]
			},
			"bones": [
				{
					"name": "root",
					"pivot": [0, 0, -10]
				},
				{
					"name": "body",
					"parent": "root",
					"pivot": [0, 7, -10],
					"cubes": [
						{"origin": [-20, 4, -17], "size": [32, 4, 43], "uv": [0, 0]},
						{"origin": [-20, 6, -34], "size": [32, 3, 17], "uv": [90, 84]}
					]
				},
				{
					"name": "steering_wheel",
					"parent": "body",
					"pivot": [3, 15, -20],
					"cubes": [
						{"origin": [0, 12, -19], "size": [6, 6, 2], "uv": [8, 24]}
					]
				},
				{
					"name": "wheel_front_left",
					"parent": "root",
					"pivot": [10, 6, -24],
					"cubes": [
						{"origin": [6, 0, -30], "size": [7, 12, 12], "uv": [0, 0]}
					]
				},
				{
					"name": "wheel_front_right",
					"parent": "root",
					"pivot": [-18, 6, -24],
					"cubes": [
						{"origin": [-21, 0, -30], "size": [7, 12, 12], "uv": [0, 113], "mirror": true}
					]
				},
				{
					"name": "wheel_back_left",
					"parent": "root",
					"pivot": [10, 6, 13],
					"cubes": [
						{"origin": [6, 0, 7], "size": [7, 12, 12], "uv": [0, 113]}
					]
				},
				{
					"name": "wheel_back_right",
					"parent": "root",
					"pivot": [-17, 6, 13],
					"cubes": [
						{"origin": [-21, 0, 6], "size": [7, 12, 12], "uv": [0, 0], "mirror": true}
					]
				},
				{
					"name": "Seat",
					"parent": "root",
					"pivot": [0, 0, -10],
					"cubes": [
						{"origin": [-20, 12, 9], "size": [32, 13, 4], "uv": [184, 75]},
						{"origin": [-20, 8, -2], "size": [32, 5, 26], "uv": [77, 144]}
					]
				},
				{
					"name": "Front",
					"parent": "root",
					"pivot": [0, 4, -10],
					"cubes": [
						{"origin": [-20, 9, -32], "size": [32, 9, 13], "uv": [103, 47]},
						{"origin": [-19, 9, -34], "size": [30, 8, 2], "uv": [103, 69]},
						{"origin": [-19, 17, -32], "size": [30, 2, 13], "uv": [107, 0]},
						{"origin": [-20, 18, -31], "size": [32, 2, 12], "uv": [104, 104]}
					]
				},
				{
					"name": "Pillars",
					"parent": "root",
					"pivot": [0, 0, 0],
					"cubes": [
						{"origin": [9, 16, -23], "size": [2, 22, 2], "pivot": [0, 0, 0], "rotation": [-7.5, 0, 0], "uv": [0, 47]},
						{"origin": [-19, 16, -23], "size": [2, 22, 2], "pivot": [0, 0, 0], "rotation": [-7.5, 0, 0], "uv": [0, 47]},
						{"origin": [9, 25, 11], "size": [2, 14, 2], "uv": [0, 24]},
						{"origin": [-19, 25, 11], "size": [2, 14, 2], "uv": [0, 24]}
					]
				},
				{
					"name": "Roof",
					"parent": "root",
					"pivot": [0, 0, 0],
					"cubes": [
						{"origin": [-21, 39, -20], "size": [33, 2, 35], "uv": [0, 47]}
					]
				},
				{
					"name": "bb_main",
					"pivot": [0, 0, 0],
					"cubes": [
						{"origin": [-20, 13, -2], "size": [2, 6, 2], "uv": [0, 0]},
						{"origin": [10, 13, -2], "size": [2, 6, 2], "uv": [0, 0]},
						{"origin": [10, 13, 22], "size": [2, 6, 2], "uv": [0, 0]},
						{"origin": [-20, 13, 22], "size": [2, 6, 2], "uv": [0, 0]},
						{"origin": [-20, 18, -1], "size": [2, 2, 24], "uv": [36, 126]},
						{"origin": [10, 18, -1], "size": [2, 2, 24], "uv": [36, 126]}
					]
				}
			]
		}
	]
}