{
	"format_version": "1.12.0",
	"minecraft:geometry": [
		{
			"description": {
				"identifier": "geometry.mannequin_head",
				"texture_width": 64,
				"texture_height": 32,
				"visible_bounds_width": 2,
				"visible_bounds_height": 4,
				"visible_bounds_offset": [0, 1, 0]
			},
			"bones": [
				{
					"name": "waist",
					"pivot": [0, -10, 0]
				},
				{
					"name": "body",
					"parent": "waist",
					"pivot": [0, 2, 0],
					"cubes": [
						{"origin": [-4, 0, -2], "size": [8, 2, 4], "uv": [16, 16]}
					]
				},
				{
					"name": "head",
					"parent": "body",
					"pivot": [0, 2, 0],
					"cubes": [
						{"origin": [-4, 2, -4], "size": [8, 8, 8], "uv": [0, 0]}
					]
				},
				{
					"name": "hat",
					"parent": "head",
					"pivot": [0, 2, 0],
					"cubes": [
						{"origin": [-4, 2, -4], "size": [8, 8, 8], "inflate": 0.5, "uv": [32, 0]}
					]
				},
				{
					"name": "rightArm",
					"parent": "body",
					"pivot": [-5, 0, 0],
					"cubes": [
						{"origin": [-8, 0, -2], "size": [4, 2, 4], "uv": [40, 16]}
					]
				},
				{
					"name": "rightItem",
					"parent": "rightArm",
					"pivot": [-6, -7, 1]
				},
				{
					"name": "leftArm",
					"parent": "body",
					"pivot": [5, 0, 0],
					"mirror": true,
					"cubes": [
						{"origin": [4, 0, -2], "size": [4, 2, 4], "uv": [40, 16]}
					]
				},
				{
					"name": "leftItem",
					"parent": "leftArm",
					"pivot": [6, -7, 1]
				}
			]
		}
	]
}