{
	"format_version": "1.12.0",
	"minecraft:geometry": [
		{
			"description": {
				"identifier": "geometry.not_deer",
				"texture_width": 128,
				"texture_height": 128,
				"visible_bounds_width": 3,
				"visible_bounds_height": 6,
				"visible_bounds_offset": [0, 1, 0]
			},
			"bones": [
				{
					"name": "body",
					"pivot": [0, 42, 0],
					"reset": true,
					"cubes": [
						{"origin": [-6, 21, -5], "size": [12, 11, 10], "pivot": [0, 22, 2], "rotation": [90, 0, 0], "uv": [0, 23]},
						{"origin": [-6.1, 13, 0], "size": [12.2, 11, 12], "pivot": [0, 14, 7], "rotation": [-15, 0, 0], "uv": [0, 0]}
					]
				},
				{
					"name": "head",
					"parent": "body",
					"pivot": [0, 21, -3],
					"cubes": [
						{"origin": [-3, 20.8941, -15.90208], "size": [6, 12, 6], "pivot": [0, 30.8941, -8.90208], "rotation": [45, 0, 0], "uv": [38, 38]},
						{"origin": [-4, 26.8941, -14.90208], "size": [8, 6, 6], "uv": [36, 0]},
						{"origin": [-4, 22.8941, -1.90208], "size": [8, 7, 7], "pivot": [0, -5.1059, 13.09792], "rotation": [15, 0, 0], "uv": [68, 0]},
						{"origin": [-3, 28.8941, -14.90208], "size": [6, 4, 4], "pivot": [0, 0.8941, 4.09792], "rotation": [7.5, 0, 0], "uv": [16, 44]},
						{"origin": [-8, 31.3941, -11.90208], "size": [3, 2, 1], "pivot": [-1, 9.8941, 0.09792], "rotation": [0, 0, 5], "uv": [0, 1]},
						{"origin": [-24, 48.8941, -11.90208], "size": [2, 3, 1], "pivot": [-19, 26.8941, 0.09792], "rotation": [0, 0, 85], "uv": [1, 5]},
						{"origin": [-18, 35.8941, -37.90208], "size": [10, 10, 0.1], "pivot": [-4, 13.8941, -26.90208], "rotation": [15, 180, 0], "uv": [65, 32]},
						{"origin": [-10, 30.8941, -16.90208], "size": [10, 10, 0.1], "pivot": [4, 8.8941, -5.90208], "rotation": [-15, 0, 0], "uv": [65, 32]}
					]
				},
				{
					"name": "hat",
					"parent": "head",
					"pivot": [0, 40.8941, 0.09792],
					"reset": true,
					"cubes": [
						{"origin": [-4, 16.3941, -3.90208], "size": [8, 8, 8], "inflate": -0.5, "uv": [0, 64]}
					]
				},
				{
					"name": "rightArm",
					"parent": "body",
					"pivot": [-5, 15, -5],
					"reset": true,
					"cubes": [
						{"origin": [-6, 0.01618, -7.03173], "size": [4, 15, 4], "uv": [0, 44]}
					]
				},
				{
					"name": "extArm2",
					"parent": "rightArm",
					"pivot": [-8, 0, 0],
					"cubes": [
						{"origin": [-5.9, 2.98432, -6.8], "size": [3.8, 12, 3.8], "uv": [4, 46], "mirror": true}
					]
				},
				{
					"name": "rightItem",
					"parent": "rightArm",
					"pivot": [-8, 19, 1]
				},
				{
					"name": "leftArm",
					"parent": "body",
					"pivot": [4, 15, -5],
					"reset": true,
					"mirror": true,
					"cubes": [
						{"origin": [2, -0.01568, -6.96801], "size": [4, 15, 4], "uv": [0, 44]}
					]
				},
				{
					"name": "extArm",
					"parent": "leftArm",
					"pivot": [0, 0, 0],
					"cubes": [
						{"origin": [2.1, 2.98432, -6.8], "size": [3.8, 12, 3.8], "uv": [4, 46], "mirror": true}
					]
				},
				{
					"name": "rightLeg",
					"parent": "body",
					"pivot": [-4, 16, 9],
					"reset": true,
					"cubes": [
						{"origin": [-6, -0.03123, 7.07991], "size": [4, 15, 4], "uv": [0, 44]},
						{"origin": [-7, 9.96877, 6.07991], "size": [6, 8, 6], "uv": [42, 17]}
					]
				},
				{
					"name": "leftLeg",
					"parent": "body",
					"pivot": [4, 16, 9],
					"reset": true,
					"mirror": true,
					"cubes": [
						{"origin": [2, 0.0325, 6.9206], "size": [4, 15, 4], "uv": [0, 44]},
						{"origin": [1, 10.0325, 5.9206], "size": [6, 8, 6], "uv": [42, 17], "mirror": false}
					]
				}
			]
		}
	]
}