{
	"format_version": "1.12.0",
	"minecraft:geometry": [
		{
			"description": {
				"identifier": "geometry.pet_rock",
				"texture_width": 80,
				"texture_height": 64,
				"visible_bounds_width": 2,
				"visible_bounds_height": 2.5,
				"visible_bounds_offset": [0, 0.75, 0]
			},
			"bones": [
				{
					"name": "root",
					"pivot": [0, 0, 0],
					"rotation": [0, 180, 0],
					"cubes": [
						{"origin": [-5, 0, -6], "size": [10, 8, 12], "uv": [0, 0]},
						{"origin": [-6, 8, -5], "size": [11, 1, 10], "uv": [32, 0]},
						{"origin": [-6, 0, -5], "size": [12, 8, 10], "uv": [0, 20]},
						{"origin": [5, 0, -6], "size": [1, 4, 1], "uv": [4, 0]},
						{"origin": [-6, 0, -6], "size": [1, 7, 1], "uv": [0, 0]},
						{"origin": [5, 0, 5], "size": [1, 4, 1], "uv": [4, 0]},
						{"origin": [-6, 0, 5], "size": [1, 7, 1], "uv": [0, 0]}
					]
				}
			]
		}
	]
}