{
	"format_version": "1.12.0",
	"minecraft:geometry": [
		{
			"description": {
				"identifier": "geometry.plague_doctor",
				"texture_width": 64,
				"texture_height": 64,
				"visible_bounds_width": 3,
				"visible_bounds_height": 3,
				"visible_bounds_offset": [0, 1.5, 0]
			},
			"bones": [
				{
					"name": "body",
					"pivot": [0, 0, 0],
					"cubes": [
						{"origin": [-4, 12, -3], "size": [8, 12, 6], "uv": [34, 18]},
						{"origin": [-4, 6, -3], "size": [8, 18, 6], "inflate": 0.5, "uv": [0, 0]}
					],
					"locators": {
						"lead_hold": [0, 40, 0]
					}
				},
				{
					"name": "head",
					"parent": "body",
					"pivot": [0, 24, 0],
					"cubes": [
						{"origin": [-4, 24, -4], "size": [8, 10, 8], "uv": [28, 0]}
					]
				},
				{
					"name": "helmet",
					"parent": "head",
					"pivot": [0, 24, 0]
				},
				{
					"name": "brim",
					"parent": "head",
					"pivot": [0, 24, 0],
					"rotation": [-90, 0, 0],
					"cubes": [
						{"origin": [-8, 16, -6], "size": [16, 16, 1], "inflate": 0.1, "uv": [0, 24]}
					]
				},
				{
					"name": "nose",
					"parent": "head",
					"pivot": [0, 26, 0],
					"cubes": [
						{"origin": [-1, 24, -7], "size": [2, 3, 3], "uv": [22, 0]},
						{"origin": [-0.75, 27, -28], "size": [1.5, 3, 3], "pivot": [0, 3, -21], "rotation": [-45, 0, 0], "uv": [28, 18]},
						{"origin": [-0.5, 22, -9], "size": [1, 3, 2], "uv": [0, 0]}
					]
				},
				{
					"name": "arms",
					"parent": "body",
					"pivot": [0, 21, -1],
					"rotation": [-42.97, 0, 0],
					"cubes": [
						{"origin": [-4, 15, -3], "size": [8, 4, 4], "uv": [16, 44]},
						{"origin": [-8, 15, -3], "size": [4, 8, 4], "uv": [40, 44]},
						{"origin": [4, 15, -3], "size": [4, 8, 4], "uv": [40, 44], "mirror": true}
					]
				},
				{
					"name": "held_item",
					"parent": "arms",
					"pivot": [0, -1, -1]
				},
				{
					"name": "leg0",
					"parent": "body",
					"pivot": [-2, 12, 0],
					"cubes": [
						{"origin": [-4, 0, -2], "size": [4, 12, 4], "uv": [0, 41]}
					]
				},
				{
					"name": "leg1",
					"parent": "body",
					"pivot": [2, 12, 0],
					"cubes": [
						{"origin": [0, 0, -2], "size": [4, 12, 4], "uv": [0, 41], "mirror": true}
					]
				}
			]
		}
	]
}