{
	"format_version": "1.12.0",
	"minecraft:geometry": [
		{
			"description": {
				"identifier": "geometry.rat",
				"texture_width": 32,
				"texture_height": 32,
				"visible_bounds_width": 3,
				"visible_bounds_height": 3,
				"visible_bounds_offset": [0, 0.5, 0]
			},
			"bones": [
				{
					"name": "body",
					"pivot": [0, 13, 4],
					"cubes": [
						{"origin": [-2, 8, -6], "size": [4, 4, 3], "pivot": [-1, 8, 1], "rotation": [90, 0, 0], "uv": [0, 8]},
						{"origin": [-3, 8, -2], "size": [6, 4, 4], "pivot": [-1, 8, 5], "rotation": [90, 0, 0], "uv": [0, 0]},
						{"origin": [-0.5, 5, 2], "size": [1, 8, 1], "pivot": [-3, 9, 9], "rotation": [70, 0, 0], "uv": [0, 15]}
					]
				},
				{
					"name": "head",
					"parent": "body",
					"pivot": [0, 2, -2],
					"cubes": [
						{"origin": [-1.5, 2, -5], "size": [3, 3, 3], "uv": [11, 12]},
						{"origin": [-1.5, 2, -7], "size": [3, 2, 2], "uv": [14, 8]},
						{"origin": [0.5, 4, -4], "size": [2, 2, 0.1], "pivot": [1, -6, 10], "rotation": [0, 15, 0], "uv": [0, 0]},
						{"origin": [-2.5, 4, -4], "size": [2, 2, 0.1], "pivot": [-2, -6, 10], "rotation": [0, -15, 0], "uv": [0, 0]},
						{"origin": [-0.5, 3, -8], "size": [1, 1, 1], "uv": [0, 2]},
						{"origin": [0.5, 1, -6], "size": [2, 3, 0], "pivot": [1, -9, 8], "rotation": [0, 15, 0], "uv": [4, 19]},
						{"origin": [5.5, 1, -33], "size": [2, 3, 0], "pivot": [6, -9, -19], "rotation": [0, 165, 0], "uv": [4, 19]}
					],
					"locators": {
						"lead": [0, 14, -4]
					}
				},
				{
					"name": "leg0",
					"parent": "body",
					"pivot": [-1, 1, 3],
					"cubes": [
						{"origin": [-2, 0, 2], "size": [1, 2, 2], "uv": [16, 0]}
					]
				},
				{
					"name": "leg1",
					"parent": "body",
					"pivot": [1, 1, 3],
					"mirror": true,
					"cubes": [
						{"origin": [1, 0, 2], "size": [1, 2, 2], "uv": [4, 15], "mirror": false}
					]
				},
				{
					"name": "leg2",
					"parent": "body",
					"pivot": [-1, 1, -1],
					"cubes": [
						{"origin": [-1.9, 0, -2], "size": [1, 2, 2], "uv": [16, 0]}
					]
				},
				{
					"name": "leg3",
					"parent": "body",
					"pivot": [1, 1, -1],
					"mirror": true,
					"cubes": [
						{"origin": [0.9, 0, -2], "size": [1, 2, 2], "uv": [4, 15], "mirror": false}
					]
				}
			]
		}
	]
}