{
	"format_version": "1.12.0",
	"minecraft:geometry": [
		{
			"description": {
				"identifier": "geometry.row_boat",
				"texture_width": 512,
				"texture_height": 512,
				"visible_bounds_width": 14,
				"visible_bounds_height": 3.5,
				"visible_bounds_offset": [0, 1.25, 0]
			},
			"bones": [
				{
					"name": "floor",
					"pivot": [0, 0, 0],
					"cubes": [
						{"origin": [-13, 7, -37], "size": [26, 1, 77], "uv": [0, 0]},
						{"origin": [-87.5, 7, -81], "size": [20, 0.9, 20], "pivot": [-81, 6, 40], "rotation": [0, -45, 0], "uv": [129, 0]},
						{"origin": [-10, 7, 40], "size": [20, 1, 7], "uv": [0, 69]},
						{"origin": [10, 7, 40], "size": [3, 1, 2], "uv": [0, 16]},
						{"origin": [-13, 7, 40], "size": [3, 1, 2], "uv": [0, 16]},
						{"origin": [10, 7, 42], "size": [2, 1, 2], "uv": [11, 7]},
						{"origin": [-12, 7, 42], "size": [2, 1, 2], "uv": [11, 7]},
						{"origin": [10, 7, 44], "size": [1, 1, 2], "uv": [0, 0]},
						{"origin": [-11, 7, 44], "size": [1, 1, 2], "uv": [0, 0]}
					]
				},
				{
					"name": "root",
					"pivot": [0, 2, -13],
					"rotation": [0, 180, 0]
				},
				{
					"name": "hull",
					"parent": "root",
					"pivot": [0, 2, -13],
					"cubes": [
						{"origin": [-5, 2, -66], "size": [10, 1, 78], "uv": [0, 78]},
						{"origin": [-14.5, 4.5, -66], "size": [10, 1, 77], "pivot": [-10, 5, -13], "rotation": [0, 0, 25], "uv": [262, 78]},
						{"origin": [4.5, 4, -66], "size": [10, 1, 77], "pivot": [9, 5, -13], "rotation": [0, 0, -25], "uv": [262, 78]},
						{"origin": [9.5, 11, -66], "size": [10, 1, 77], "pivot": [14, 12, -13], "rotation": [0, 0, 90], "uv": [98, 78]},
						{"origin": [-17.5, 11, -66], "size": [10, 1, 77], "pivot": [-13, 12, -13], "rotation": [0, 0, 90], "uv": [98, 78]},
						{"origin": [-7.5, 11, 4], "size": [10, 1, 19], "pivot": [-3, 12, 28], "rotation": [-45, 0, 90], "uv": [140, 41]},
						{"origin": [-0.5, 11.5, 3], "size": [10, 1, 20], "pivot": [4, 12, 28], "rotation": [45, 0, 90], "uv": [0, 0]},
						{"origin": [-19.5, 4.5, 10], "size": [10, 0, 18], "pivot": [-15, 5, 3], "rotation": [21, 40, 31], "uv": [0, 50]},
						{"origin": [-21.5, 4, -4], "size": [10, 1, 19], "pivot": [-17, 5, 35], "rotation": [21, -40, -31], "uv": [0, 21]},
						{"origin": [-7.5, 11, -72], "size": [10, 1, 9], "pivot": [-3, 12, -87], "rotation": [-25, 0, 90], "uv": [39, 21]},
						{"origin": [22.5, 10.9, -77.5], "size": [10, 1, 9], "pivot": [27, 12, -38], "rotation": [25, 0, 90], "uv": [39, 21]},
						{"origin": [-47.5, 11, -126], "size": [10, 1, 20], "pivot": [-43, 12, -73], "rotation": [-90, 0, 90], "uv": [0, 0]},
						{"origin": [-5, -11, -78], "size": [10, 1, 9], "pivot": [0, -11, -38], "rotation": [-25, 0, 0], "uv": [0, 101]},
						{"origin": [-26.5, -9.5, -93], "size": [9, 1, 9], "pivot": [-21, -9, -54], "rotation": [-40, -60, 18], "uv": [0, 159]},
						{"origin": [10.5, -10.5, -87], "size": [9, 1, 8], "pivot": [16, -10, -49], "rotation": [-33.93757, 45.30801, -10.20586], "uv": [0, 172]},
						{"origin": [-10, -10, -78], "size": [20, 1, 3], "pivot": [0, -11, -38], "rotation": [-25, 0, 0], "uv": [26, 93]}
					]
				},
				{
					"name": "seats",
					"parent": "root",
					"pivot": [0, 2, -13],
					"cubes": [
						{"origin": [-13, 11, -5], "size": [26, 1, 8], "uv": [0, 41]},
						{"origin": [-13, 11, -29], "size": [26, 1, 8], "uv": [0, 41]},
						{"origin": [-13, 11, -53], "size": [26, 1, 8], "uv": [0, 41]},
						{"origin": [7, 11, -67], "size": [6, 1, 14], "uv": [0, 85]},
						{"origin": [-13, 11, -67], "size": [6, 1, 14], "uv": [38, 78]},
						{"origin": [-10, 11, -73], "size": [20, 1, 6], "uv": [0, 78]},
						{"origin": [10, 11, -68], "size": [3, 1, 1], "uv": [8, 16]},
						{"origin": [-13, 11, -68], "size": [3, 1, 1], "uv": [8, 16]},
						{"origin": [10, 11, -70], "size": [2, 1, 2], "uv": [11, 10]},
						{"origin": [-12, 11, -70], "size": [2, 1, 2], "uv": [11, 10]},
						{"origin": [10, 11, -72], "size": [1, 1, 2], "uv": [0, 3]},
						{"origin": [-11, 11, -72], "size": [1, 1, 2], "uv": [0, 3]}
					]
				},
				{
					"name": "engine",
					"parent": "root",
					"pivot": [0, 2, -13],
					"cubes": [
						{"origin": [-1, 1, -76], "size": [2, 17, 2], "uv": [0, 21]},
						{"origin": [-1, 16, -74], "size": [2, 2, 7], "uv": [0, 7]},
						{"origin": [-3, -1, -76.1], "size": [6, 6, 0], "uv": [40, 10]},
						{"origin": [-2, 18, -81], "size": [4, 3, 9], "uv": [38, 50]},
						{"origin": [-2, 21, -79], "size": [4, 1, 6], "uv": [0, 0]},
						{"origin": [-1, 17, -80], "size": [2, 1, 4], "uv": [4, 35]}
					]
				}
			]
		}
	]
}