{
	"format_version": "1.12.0",
	"minecraft:geometry": [
		{
			"description": {
				"identifier": "geometry.scarab_beetle",
				"texture_width": 16,
				"texture_height": 16,
				"visible_bounds_width": 3,
				"visible_bounds_height": 2.25,
				"visible_bounds_offset": [0, 0.875, 0]
			},
			"bones": [
				{
					"name": "body",
					"pivot": [0, 13, 1],
					"cubes": [
						{"origin": [-1, 1, -11], "size": [2, 4, 1], "pivot": [-4, 7, -4], "rotation": [90, 0, 0], "uv": [0, 0]}
					]
				},
				{
					"name": "head",
					"parent": "body",
					"pivot": [0, 12, -7]
				},
				{
					"name": "leg0",
					"parent": "body",
					"pivot": [-3, 6, 6]
				},
				{
					"name": "right",
					"parent": "body",
					"pivot": [0, 0, -1]
				},
				{
					"name": "leg1",
					"parent": "right",
					"pivot": [-1, 0, 0],
					"rotation": [2, -10, -10],
					"mirror": true,
					"cubes": [
						{"origin": [-2.1988, -0.24338, -0.31443], "size": [1.5, 0.5, 0.5], "uv": [0, 4], "mirror": false}
					]
				},
				{
					"name": "leg2",
					"parent": "right",
					"pivot": [-1, 0, -1],
					"rotation": [2, -10, -10],
					"cubes": [
						{"origin": [-2.28187, -0.08144, -1.5417], "size": [1.5, 0.5, 0.5], "uv": [0, 4]}
					]
				},
				{
					"name": "leg3",
					"parent": "right",
					"pivot": [-1, 0, 1],
					"rotation": [2, -10, -10],
					"mirror": true,
					"cubes": [
						{"origin": [-1.94449, -0.17037, 0.86915], "size": [1.5, 0.5, 0.5], "uv": [0, 4], "mirror": false}
					]
				},
				{
					"name": "left",
					"parent": "body",
					"pivot": [0, 0, -1],
					"rotation": [0, 0, -165]
				},
				{
					"name": "leg4",
					"parent": "left",
					"pivot": [-1, -0.5, 0],
					"rotation": [2, -10, -10],
					"mirror": true,
					"cubes": [
						{"origin": [-2.02779, -0.75812, -0.3102], "size": [1.5, 0.5, 0.5], "uv": [0, 4], "mirror": false}
					]
				},
				{
					"name": "leg5",
					"parent": "left",
					"pivot": [0, 0, -1],
					"rotation": [2, -10, -10],
					"cubes": [
						{"origin": [-2.25172, -0.51387, -1.36474], "size": [1.5, 0.5, 0.5], "uv": [0, 4]}
					]
				},
				{
					"name": "leg6",
					"parent": "left",
					"pivot": [-1, -0.5, 1],
					"rotation": [2, -10, -10],
					"mirror": true,
					"cubes": [
						{"origin": [-1.94449, -0.67037, 0.86915], "size": [1.5, 0.5, 0.5], "uv": [0, 4], "mirror": false}
					]
				}
			]
		}
	]
}