{
	"format_version": "1.16.0",
	"minecraft:geometry": [
		{
			"description": {
				"identifier": "geometry.scarecrow",
				"texture_width": 128,
				"texture_height": 128,
				"visible_bounds_width": 3,
				"visible_bounds_height": 6,
				"visible_bounds_offset": [0, 2, 0]
			},
			"bones": [
				{
					"name": "body",
					"pivot": [0, 42, 0],
					"reset": true,
					"mirror": true,
					"cubes": [
						{"origin": [-4, 34, 5.6], "size": [8, 7, 4], "pivot": [0, -1, 7], "rotation": [15, 0, 0], "uv": [8, 44], "mirror": false},
						{"origin": [-3.1, 30, 7], "size": [6.2, 5, 4], "pivot": [0, -6, 9], "rotation": [15, 0, 0], "uv": [9, 51], "mirror": false},
						{"origin": [-1, 39, -4], "size": [2, 3, 2], "uv": [56, 39], "mirror": false}
					]
				},
				{
					"name": "head",
					"parent": "body",
					"pivot": [0, 40, -3],
					"mirror": true,
					"cubes": [
						{"origin": [-4, 41, -7], "size": [8, 8, 8], "uv": [32, 28], "mirror": false}
					]
				},
				{
					"name": "helmet",
					"parent": "head",
					"pivot": [0, 41, -3],
					"binding": "'head'",
					"cubes": [
						{"origin": [-5, 47, -8], "size": [10, 4, 10], "uv": [70, 0]},
						{"origin": [-4, 49, -7], "size": [8, 4, 8], "pivot": [0, 49, -3], "rotation": [-5, 0, 0], "uv": [38, 0]},
						{"origin": [-3, 52, -6], "size": [6, 4, 6], "pivot": [0, 52, -2], "rotation": [-17.5, 0, 0], "uv": [32, 44]},
						{"origin": [-1, 54, -2], "size": [2, 4, 2], "pivot": [0, 54, 0], "rotation": [-37.5, 0, 0], "uv": [0, 0]},
						{"origin": [-7, 47, -9], "size": [14, 1, 12], "pivot": [0, 46, -3], "rotation": [-5, 0, 0], "uv": [0, 15]},
						{"origin": [-6, 47, -10], "size": [12, 1, 14], "pivot": [0, 46, -3], "rotation": [-5, 0, 0], "uv": [0, 0]}
					]
				},
				{
					"name": "hat",
					"parent": "head",
					"pivot": [0, 41, -3],
					"reset": true,
					"mirror": true,
					"cubes": [
						{"origin": [-4, 40.5, -7], "size": [8, 8, 8], "inflate": -0.5, "uv": [0, 28], "mirror": false}
					]
				},
				{
					"name": "rightArm",
					"parent": "body",
					"pivot": [-5, 37, -3],
					"rotation": [20, 0, 0],
					"reset": true,
					"mirror": true,
					"cubes": [
						{"origin": [-6, 26, -4], "size": [2, 13, 2], "uv": [40, 54], "mirror": false},
						{"origin": [-6, 19, -31.5], "size": [2, 17, 2], "pivot": [-10, -6, -30], "rotation": [-40, 0, 0], "uv": [32, 54], "mirror": false},
						{"origin": [-6, 19, -31.5], "size": [2, 17, 2], "pivot": [-10, -6, -30], "rotation": [-40, 0, 0], "uv": [32, 54], "mirror": false}
					]
				},
				{
					"name": "rightItem",
					"parent": "rightArm",
					"pivot": [-8, 10, -6],
					"mirror": true
				},
				{
					"name": "leftArm",
					"parent": "body",
					"pivot": [5, 37, -3],
					"rotation": [20, 0, 0],
					"reset": true,
					"mirror": true,
					"cubes": [
						{"origin": [4, 26, -4], "size": [2, 13, 2], "uv": [40, 54], "mirror": false},
						{"origin": [4, 19, -31.5], "size": [2, 17, 2], "pivot": [0, -6, -30], "rotation": [-40, 0, 0], "uv": [32, 54], "mirror": false}
					]
				},
				{
					"name": "rightLeg",
					"parent": "body",
					"pivot": [-2, 30, 0],
					"reset": true,
					"mirror": true,
					"cubes": [
						{"origin": [-3, 0, -1], "size": [2, 30, 2], "uv": [0, 44], "mirror": false},
						{"origin": [-3, 0, -2], "size": [2, 2, 1], "uv": [1, 73], "mirror": false}
					]
				},
				{
					"name": "leftLeg",
					"parent": "body",
					"pivot": [2, 30, 0],
					"reset": true,
					"mirror": true,
					"cubes": [
						{"origin": [1, 0, -1], "size": [2, 30, 2], "uv": [0, 44], "mirror": false},
						{"origin": [1, 0, -2], "size": [2, 2, 1], "uv": [1, 73], "mirror": false}
					]
				}
			]
		}
	]
}