{
	"format_version": "1.12.0",
	"minecraft:geometry": [
		{
			"description": {
				"identifier": "geometry.shooting_star",
				"texture_width": 64,
				"texture_height": 64,
				"visible_bounds_width": 3,
				"visible_bounds_height": 3.5,
				"visible_bounds_offset": [0, 1.25, 0]
			},
			"bones": [
				{
					"name": "root",
					"pivot": [0, 0, 0],
					"cubes": [
						{"origin": [-6, -0.1, -6], "size": [12, 0, 12], "pivot": [0, 0, 0], "rotation": [-20, 0, 0], "uv": [0, 0]},
						{"origin": [-5, 0, -5], "size": [10, 24, 10], "pivot": [0, 0, 0], "rotation": [-20, 0, 0], "uv": [0, 12]}
					]
				}
			]
		}
	]
}