{
	"format_version": "1.12.0",
	"minecraft:geometry": [
		{
			"description": {
				"identifier": "geometry.solumn",
				"texture_width": 64,
				"texture_height": 64,
				"visible_bounds_width": 95,
				"visible_bounds_height": 37,
				"visible_bounds_offset": [0, 5.5, 0]
			},
			"bones": [
				{
					"name": "body",
					"pivot": [0, 6, -1],
					"rotation": [90, 0, 90]
				},
				{
					"name": "body2",
					"parent": "body",
					"pivot": [0, 6, -1],
					"cubes": [
						{
							"origin": [-7, 0, -7],
							"size": [12, 12, 12],
							"uv": {
								"north": {"uv": [0, 0], "uv_size": [12, 12]},
								"east": {"uv": [24, 0], "uv_size": [12, 3]},
								"south": {"uv": [0, 0], "uv_size": [12, 12]},
								"west": {"uv": [0, 0], "uv_size": [12, 12]},
								"up": {"uv": [12, 12], "uv_size": [-12, -12]},
								"down": {"uv": [12, 12], "uv_size": [-12, -12]}
							}
						},
						{
							"origin": [-7, -2, -7],
							"size": [14, 2, 12],
							"uv": {
								"north": {"uv": [0, 24], "uv_size": [14, 2]},
								"east": {"uv": [0, 24], "uv_size": [14, 2]},
								"south": {"uv": [0, 24], "uv_size": [14, 2]},
								"west": {"uv": [0, 24], "uv_size": [14, 2]},
								"up": {"uv": [14, 24], "uv_size": [-14, -12]},
								"down": {"uv": [14, 24], "uv_size": [-14, -12]}
							}
						},
						{
							"origin": [-7, 12, -7],
							"size": [14, 2, 12],
							"uv": {
								"north": {"uv": [0, 24], "uv_size": [14, 2]},
								"east": {"uv": [0, 24], "uv_size": [14, 2]},
								"south": {"uv": [0, 24], "uv_size": [14, 2]},
								"west": {"uv": [0, 24], "uv_size": [14, 2]},
								"up": {"uv": [14, 24], "uv_size": [-14, -12]},
								"down": {"uv": [14, 24], "uv_size": [-14, -12]}
							}
						},
						{
							"origin": [-7, 6, -1],
							"size": [14, 2, 12],
							"pivot": [-1, 6, 5],
							"rotation": [-90, 0, 0],
							"uv": {
								"north": {"uv": [0, 24], "uv_size": [14, 2]},
								"east": {"uv": [0, 24], "uv_size": [14, 2]},
								"south": {"uv": [0, 24], "uv_size": [14, 2]},
								"west": {"uv": [0, 24], "uv_size": [14, 2]},
								"up": {"uv": [14, 24], "uv_size": [-14, -12]},
								"down": {"uv": [14, 24], "uv_size": [-14, -12]}
							}
						},
						{
							"origin": [-7, 6, -15],
							"size": [14, 2, 12],
							"pivot": [-1, 6, -9],
							"rotation": [-90, 0, 0],
							"uv": {
								"north": {"uv": [0, 24], "uv_size": [14, 2]},
								"east": {"uv": [0, 24], "uv_size": [14, 2]},
								"south": {"uv": [0, 24], "uv_size": [14, 2]},
								"west": {"uv": [0, 24], "uv_size": [14, 2]},
								"up": {"uv": [14, 24], "uv_size": [-14, -12]},
								"down": {"uv": [14, 24], "uv_size": [-14, -12]}
							}
						}
					]
				},
				{
					"name": "tentacle8",
					"parent": "body2",
					"pivot": [0, 7, 1],
					"rotation": [100, 0, 0],
					"cubes": [
						{
							"origin": [-5, 5, -13],
							"size": [3, 3, 7],
							"pivot": [-4, 5, -5],
							"rotation": [15, -15, 0],
							"uv": {
								"north": {"uv": [10, 26], "uv_size": [3, 3]},
								"east": {"uv": [3, 26], "uv_size": [7, 3]},
								"south": {"uv": [10, 26], "uv_size": [3, 3]},
								"west": {"uv": [3, 26], "uv_size": [7, 3]},
								"up": {"uv": [3, 33], "uv_size": [-3, -7]},
								"down": {"uv": [3, 33], "uv_size": [-3, -7]}
							}
						}
					]
				},
				{
					"name": "tip8",
					"parent": "tentacle8",
					"pivot": [0, -3, -1],
					"cubes": [
						{
							"origin": [-2, 4, -19],
							"size": [2, 2, 7],
							"pivot": [-2, 4, -11],
							"rotation": [15, -35, 0],
							"uv": {
								"north": {"uv": [16, 14], "uv_size": [2, 2]},
								"east": {"uv": [16, 12], "uv_size": [7, 2]},
								"south": {"uv": [16, 14], "uv_size": [2, 2]},
								"west": {"uv": [16, 12], "uv_size": [7, 2]},
								"up": {"uv": [16, 19], "uv_size": [-2, -7]},
								"down": {"uv": [16, 19], "uv_size": [-2, -7]}
							}
						}
					]
				},
				{
					"name": "tentacle7",
					"parent": "body2",
					"pivot": [0, 6, 0],
					"rotation": [-142.5, 0, 0],
					"cubes": [
						{
							"origin": [-5, 4, -14],
							"size": [3, 3, 7],
							"pivot": [-4, 4, -6],
							"rotation": [15, -15, 0],
							"uv": {
								"north": {"uv": [10, 26], "uv_size": [3, 3]},
								"east": {"uv": [3, 26], "uv_size": [7, 3]},
								"south": {"uv": [10, 26], "uv_size": [3, 3]},
								"west": {"uv": [3, 26], "uv_size": [7, 3]},
								"up": {"uv": [3, 33], "uv_size": [-3, -7]},
								"down": {"uv": [3, 33], "uv_size": [-3, -7]}
							}
						}
					]
				},
				{
					"name": "tip7",
					"parent": "tentacle7",
					"pivot": [0, -3, -1],
					"cubes": [
						{
							"origin": [-2, 3, -20],
							"size": [2, 2, 7],
							"pivot": [-2, 3, -12],
							"rotation": [15, -35, 0],
							"uv": {
								"north": {"uv": [16, 14], "uv_size": [2, 2]},
								"east": {"uv": [16, 12], "uv_size": [7, 2]},
								"south": {"uv": [16, 14], "uv_size": [2, 2]},
								"west": {"uv": [16, 12], "uv_size": [7, 2]},
								"up": {"uv": [16, 19], "uv_size": [-2, -7]},
								"down": {"uv": [16, 19], "uv_size": [-2, -7]}
							}
						}
					]
				},
				{
					"name": "tentacle6",
					"parent": "body2",
					"pivot": [0, 5, 0],
					"rotation": [-170, 0, 0],
					"cubes": [
						{
							"origin": [-5, 3, -14],
							"size": [3, 3, 7],
							"pivot": [-4, 3, -6],
							"rotation": [15, -15, 0],
							"uv": {
								"north": {"uv": [10, 26], "uv_size": [3, 3]},
								"east": {"uv": [3, 26], "uv_size": [7, 3]},
								"south": {"uv": [10, 26], "uv_size": [3, 3]},
								"west": {"uv": [3, 26], "uv_size": [7, 3]},
								"up": {"uv": [3, 33], "uv_size": [-3, -7]},
								"down": {"uv": [3, 33], "uv_size": [-3, -7]}
							}
						}
					]
				},
				{
					"name": "tip6",
					"parent": "tentacle6",
					"pivot": [0, -3, -1],
					"cubes": [
						{
							"origin": [-2, 2, -20],
							"size": [2, 2, 7],
							"pivot": [-2, 2, -12],
							"rotation": [15, -35, 0],
							"uv": {
								"north": {"uv": [16, 14], "uv_size": [2, 2]},
								"east": {"uv": [16, 12], "uv_size": [7, 2]},
								"south": {"uv": [16, 14], "uv_size": [2, 2]},
								"west": {"uv": [16, 12], "uv_size": [7, 2]},
								"up": {"uv": [16, 19], "uv_size": [-2, -7]},
								"down": {"uv": [16, 19], "uv_size": [-2, -7]}
							}
						}
					]
				},
				{
					"name": "tentacle5",
					"parent": "body2",
					"pivot": [0, 3, -1],
					"rotation": [160, 0, 0],
					"cubes": [
						{
							"origin": [-5, 1, -15],
							"size": [3, 3, 7],
							"pivot": [-4, 1, -7],
							"rotation": [15, -15, 0],
							"uv": {
								"north": {"uv": [10, 26], "uv_size": [3, 3]},
								"east": {"uv": [3, 26], "uv_size": [7, 3]},
								"south": {"uv": [10, 26], "uv_size": [3, 3]},
								"west": {"uv": [3, 26], "uv_size": [7, 3]},
								"up": {"uv": [10, 29], "uv_size": [-7, -3]},
								"down": {"uv": [10, 29], "uv_size": [-7, -3]}
							}
						}
					]
				},
				{
					"name": "tip5",
					"parent": "tentacle5",
					"pivot": [0, -3, -1],
					"cubes": [
						{
							"origin": [-2, 0, -21],
							"size": [2, 2, 7],
							"pivot": [-2, 0, -13],
							"rotation": [15, -35, 0],
							"uv": {
								"north": {"uv": [16, 14], "uv_size": [2, 2]},
								"east": {"uv": [16, 12], "uv_size": [7, 2]},
								"south": {"uv": [16, 14], "uv_size": [2, 2]},
								"west": {"uv": [16, 12], "uv_size": [7, 2]},
								"up": {"uv": [16, 19], "uv_size": [-2, -7]},
								"down": {"uv": [16, 19], "uv_size": [-2, -7]}
							}
						}
					]
				},
				{
					"name": "tentacle4",
					"parent": "body2",
					"pivot": [0, 6, -2],
					"rotation": [47.5, 0, 0],
					"cubes": [
						{
							"origin": [-5, 4, -16],
							"size": [3, 3, 7],
							"pivot": [-4, 4, -8],
							"rotation": [15, -15, 0],
							"uv": {
								"north": {"uv": [10, 26], "uv_size": [3, 3]},
								"east": {"uv": [3, 26], "uv_size": [7, 3]},
								"south": {"uv": [10, 26], "uv_size": [3, 3]},
								"west": {"uv": [3, 26], "uv_size": [7, 3]},
								"up": {"uv": [3, 33], "uv_size": [-3, -7]},
								"down": {"uv": [3, 33], "uv_size": [-3, -7]}
							}
						}
					]
				},
				{
					"name": "tip4",
					"parent": "tentacle4",
					"pivot": [0, -3, -1],
					"cubes": [
						{
							"origin": [-2, 3, -22],
							"size": [2, 2, 7],
							"pivot": [-2, 3, -14],
							"rotation": [15, -35, 0],
							"uv": {
								"north": {"uv": [16, 14], "uv_size": [2, 2]},
								"east": {"uv": [16, 12], "uv_size": [7, 2]},
								"south": {"uv": [16, 14], "uv_size": [2, 2]},
								"west": {"uv": [16, 12], "uv_size": [7, 2]},
								"up": {"uv": [16, 19], "uv_size": [-2, -7]},
								"down": {"uv": [16, 19], "uv_size": [-2, -7]}
							}
						}
					]
				},
				{
					"name": "tentacle3",
					"parent": "body2",
					"pivot": [0, 6, 0],
					"rotation": [-55, 0, 0],
					"cubes": [
						{
							"origin": [-5, 4, -14],
							"size": [3, 3, 7],
							"pivot": [-4, 4, -6],
							"rotation": [15, -15, 0],
							"uv": {
								"north": {"uv": [10, 26], "uv_size": [3, 3]},
								"east": {"uv": [3, 26], "uv_size": [7, 3]},
								"south": {"uv": [10, 26], "uv_size": [3, 3]},
								"west": {"uv": [3, 26], "uv_size": [7, 3]},
								"up": {"uv": [3, 33], "uv_size": [-3, -7]},
								"down": {"uv": [3, 33], "uv_size": [-3, -7]}
							}
						}
					]
				},
				{
					"name": "tip3",
					"parent": "tentacle3",
					"pivot": [0, -3, -1],
					"cubes": [
						{
							"origin": [-2, 3, -20],
							"size": [2, 2, 7],
							"pivot": [-2, 3, -12],
							"rotation": [15, -35, 0],
							"uv": {
								"north": {"uv": [16, 14], "uv_size": [2, 2]},
								"east": {"uv": [16, 12], "uv_size": [7, 2]},
								"south": {"uv": [26, 6], "uv_size": [2, 0.5]},
								"west": {"uv": [16, 12], "uv_size": [7, 2]},
								"up": {"uv": [16, 19], "uv_size": [-2, -7]},
								"down": {"uv": [16, 19], "uv_size": [-2, -7]}
							}
						}
					]
				},
				{
					"name": "tentacle2",
					"parent": "body2",
					"pivot": [0, 5, 0],
					"rotation": [-30, 0, 0],
					"cubes": [
						{
							"origin": [-5, 3, -14],
							"size": [3, 3, 7],
							"pivot": [-4, 3, -6],
							"rotation": [15, -15, 0],
							"uv": {
								"north": {"uv": [10, 26], "uv_size": [3, 3]},
								"east": {"uv": [3, 26], "uv_size": [7, 3]},
								"south": {"uv": [10, 26], "uv_size": [3, 3]},
								"west": {"uv": [3, 26], "uv_size": [7, 3]},
								"up": {"uv": [3, 33], "uv_size": [-3, -7]},
								"down": {"uv": [3, 33], "uv_size": [-3, -7]}
							}
						}
					]
				},
				{
					"name": "tip2",
					"parent": "tentacle2",
					"pivot": [0, -3, -1],
					"cubes": [
						{
							"origin": [-2, 2, -20],
							"size": [2, 2, 7],
							"pivot": [-2, 2, -12],
							"rotation": [15, -35, 0],
							"uv": {
								"north": {"uv": [16, 14], "uv_size": [2, 2]},
								"east": {"uv": [16, 12], "uv_size": [7, 2]},
								"south": {"uv": [14, 12], "uv_size": [2, 7]},
								"west": {"uv": [16, 12], "uv_size": [7, 2]},
								"up": {"uv": [16, 19.25], "uv_size": [-2, -7]},
								"down": {"uv": [16, 19], "uv_size": [-2, -7]}
							}
						}
					]
				},
				{
					"name": "tentacle",
					"parent": "body2",
					"pivot": [0, 3, -1],
					"cubes": [
						{
							"origin": [-5, 1, -15],
							"size": [3, 3, 7],
							"pivot": [-4, 1, -7],
							"rotation": [15, -15, 0],
							"uv": {
								"north": {"uv": [10, 26], "uv_size": [3, 3]},
								"east": {"uv": [3, 26], "uv_size": [7, 3]},
								"south": {"uv": [10, 26], "uv_size": [3, 3]},
								"west": {"uv": [3, 26], "uv_size": [7, 3]},
								"up": {"uv": [3, 33], "uv_size": [-3, -7]},
								"down": {"uv": [3, 33], "uv_size": [-3, -7]}
							}
						}
					]
				},
				{
					"name": "tip",
					"parent": "tentacle",
					"pivot": [0, -3, -1],
					"cubes": [
						{
							"origin": [-2, 0, -21],
							"size": [2, 2, 7],
							"pivot": [-2, 0, -13],
							"rotation": [15, -35, 0],
							"uv": {
								"north": {"uv": [16, 14], "uv_size": [2, 2]},
								"east": {"uv": [16, 12], "uv_size": [7, 2]},
								"south": {"uv": [16, 14], "uv_size": [2, 2]},
								"west": {"uv": [16, 12], "uv_size": [7, 2]},
								"up": {"uv": [16, 19], "uv_size": [-2, -7]},
								"down": {"uv": [16, 19], "uv_size": [-2, -7]}
							}
						}
					]
				},
				{
					"name": "portal",
					"parent": "body",
					"pivot": [0, 6, -1],
					"cubes": [
						{
							"origin": [-7.1, -17, -23.5],
							"size": [0, 48, 48],
							"uv": {
								"north": {"uv": [0, 0], "uv_size": [0, 6]},
								"east": {"uv": [40, 24], "uv_size": [24, -24]},
								"south": {"uv": [0, 0], "uv_size": [0, 6]},
								"west": {"uv": [40, 40], "uv_size": [24, 24]},
								"up": {"uv": [0, 0], "uv_size": [0, 6]},
								"down": {"uv": [0, 6], "uv_size": [0, -6]}
							}
						}
					]
				},
				{
					"name": "emerge",
					"pivot": [0, 4, 0],
					"cubes": [
						{
							"origin": [-4, 0, -4],
							"size": [8, 8, 8],
							"uv": {
								"north": {"uv": [48, 8], "uv_size": [8, 8]},
								"east": {"uv": [48, 8], "uv_size": [8, 8]},
								"south": {"uv": [48, 8], "uv_size": [8, 8]},
								"west": {"uv": [48, 8], "uv_size": [8, 8]},
								"up": {"uv": [56, 16], "uv_size": [-8, -8]},
								"down": {"uv": [56, 16], "uv_size": [-8, -8]}
							}
						}
					]
				}
			]
		}
	]
}