{
	"format_version": "1.12.0",
	"minecraft:geometry": [
		{
			"description": {
				"identifier": "geometry.solumn",
				"texture_width": 64,
				"texture_height": 64,
				"visible_bounds_width": 6,
				"visible_bounds_height": 10,
				"visible_bounds_offset": [0, 4, 0]
			},
			"bones": [
				{
					"name": "body",
					"pivot": [0, 0, 0],
					"rotation": [90, 72.5, 90],
					"cubes": [
						{
							"origin": [-7, 3, -6],
							"size": [12, 12, 12],
							"uv": {
								"north": {"uv": [0, 0], "uv_size": [12, 12]},
								"east": {"uv": [24, 0], "uv_size": [12, 3]},
								"south": {"uv": [0, 0], "uv_size": [12, 12]},
								"west": {"uv": [0, 0], "uv_size": [12, 12]},
								"up": {"uv": [12, 12], "uv_size": [-12, -12]},
								"down": {"uv": [12, 12], "uv_size": [-12, -12]}
							}
						},
						{
							"origin": [-7, 1, -6],
							"size": [14, 2, 12],
							"uv": {
								"north": {"uv": [0, 24], "uv_size": [14, 2]},
								"east": {"uv": [0, 24], "uv_size": [14, 2]},
								"south": {"uv": [0, 24], "uv_size": [14, 2]},
								"west": {"uv": [0, 24], "uv_size": [14, 2]},
								"up": {"uv": [14, 24], "uv_size": [-14, -12]},
								"down": {"uv": [14, 24], "uv_size": [-14, -12]}
							}
						},
						{
							"origin": [-7, 15, -6],
							"size": [14, 2, 12],
							"uv": {
								"north": {"uv": [0, 24], "uv_size": [14, 2]},
								"east": {"uv": [0, 24], "uv_size": [14, 2]},
								"south": {"uv": [0, 24], "uv_size": [14, 2]},
								"west": {"uv": [0, 24], "uv_size": [14, 2]},
								"up": {"uv": [14, 24], "uv_size": [-14, -12]},
								"down": {"uv": [14, 24], "uv_size": [-14, -12]}
							}
						},
						{
							"origin": [-7, 9, 0],
							"size": [14, 2, 12],
							"pivot": [-1, 9, 6],
							"rotation": [-90, 0, 0],
							"uv": {
								"north": {"uv": [0, 24], "uv_size": [14, 2]},
								"east": {"uv": [0, 24], "uv_size": [14, 2]},
								"south": {"uv": [0, 24], "uv_size": [14, 2]},
								"west": {"uv": [0, 24], "uv_size": [14, 2]},
								"up": {"uv": [14, 24], "uv_size": [-14, -12]},
								"down": {"uv": [14, 24], "uv_size": [-14, -12]}
							}
						},
						{
							"origin": [-7, 9, -14],
							"size": [14, 2, 12],
							"pivot": [-1, 9, -8],
							"rotation": [-90, 0, 0],
							"uv": {
								"north": {"uv": [0, 24], "uv_size": [14, 2]},
								"east": {"uv": [0, 24], "uv_size": [14, 2]},
								"south": {"uv": [0, 24], "uv_size": [14, 2]},
								"west": {"uv": [0, 24], "uv_size": [14, 2]},
								"up": {"uv": [14, 24], "uv_size": [-14, -12]},
								"down": {"uv": [14, 24], "uv_size": [-14, -12]}
							}
						},
						{
							"origin": [-7.1, -3, -12.5],
							"size": [0, 24, 24],
							"uv": {
								"north": {"uv": [0, 0], "uv_size": [0, 6]},
								"east": {"uv": [40, 24], "uv_size": [24, -24]},
								"south": {"uv": [0, 0], "uv_size": [0, 6]},
								"west": {"uv": [40, 40], "uv_size": [24, 24]},
								"up": {"uv": [0, 0], "uv_size": [0, 6]},
								"down": {"uv": [0, 6], "uv_size": [0, -6]}
							}
						}
					]
				},
				{
					"name": "tentacle",
					"parent": "body",
					"pivot": [0, 6, 0],
					"cubes": [
						{
							"origin": [-5, 4, -14],
							"size": [3, 3, 7],
							"pivot": [-4, 4, -6],
							"rotation": [15, -15, 0],
							"uv": {
								"north": {"uv": [10, 26], "uv_size": [3, 3]},
								"east": {"uv": [3, 26], "uv_size": [7, 3]},
								"south": {"uv": [10, 26], "uv_size": [3, 3]},
								"west": {"uv": [3, 26], "uv_size": [7, 3]},
								"up": {"uv": [3, 33], "uv_size": [-3, -7]},
								"down": {"uv": [3, 33], "uv_size": [-3, -7]}
							}
						}
					]
				},
				{
					"name": "tip",
					"parent": "tentacle",
					"pivot": [0, 0, 0],
					"cubes": [
						{
							"origin": [-2, 3, -20],
							"size": [2, 2, 7],
							"pivot": [-2, 3, -12],
							"rotation": [15, -35, 0],
							"uv": {
								"north": {"uv": [16, 14], "uv_size": [2, 2]},
								"east": {"uv": [16, 12], "uv_size": [7, 2]},
								"south": {"uv": [16, 14], "uv_size": [2, 2]},
								"west": {"uv": [16, 12], "uv_size": [7, 2]},
								"up": {"uv": [16, 19], "uv_size": [-2, -7]},
								"down": {"uv": [16, 19], "uv_size": [-2, -7]}
							}
						}
					]
				},
				{
					"name": "tentacle2",
					"parent": "body",
					"pivot": [0, 8, 1],
					"rotation": [-30, 0, 0],
					"cubes": [
						{
							"origin": [-5, 6, -13],
							"size": [3, 3, 7],
							"pivot": [-4, 6, -5],
							"rotation": [15, -15, 0],
							"uv": {
								"north": {"uv": [10, 26], "uv_size": [3, 3]},
								"east": {"uv": [3, 26], "uv_size": [7, 3]},
								"south": {"uv": [10, 26], "uv_size": [3, 3]},
								"west": {"uv": [3, 26], "uv_size": [7, 3]},
								"up": {"uv": [3, 33], "uv_size": [-3, -7]},
								"down": {"uv": [3, 33], "uv_size": [-3, -7]}
							}
						}
					]
				},
				{
					"name": "tip2",
					"parent": "tentacle2",
					"pivot": [0, 0, 0],
					"cubes": [
						{
							"origin": [-2, 5, -19],
							"size": [2, 2, 7],
							"pivot": [-2, 5, -11],
							"rotation": [15, -35, 0],
							"uv": {
								"north": {"uv": [16, 14], "uv_size": [2, 2]},
								"east": {"uv": [16, 12], "uv_size": [7, 2]},
								"south": {"uv": [14, 12], "uv_size": [2, 7]},
								"west": {"uv": [16, 12], "uv_size": [7, 2]},
								"up": {"uv": [16, 19.25], "uv_size": [-2, -7]},
								"down": {"uv": [16, 19], "uv_size": [-2, -7]}
							}
						}
					]
				},
				{
					"name": "tentacle3",
					"parent": "body",
					"pivot": [0, 9, 1],
					"rotation": [-55, 0, 0],
					"cubes": [
						{
							"origin": [-5, 7, -13],
							"size": [3, 3, 7],
							"pivot": [-4, 7, -5],
							"rotation": [15, -15, 0],
							"uv": {
								"north": {"uv": [10, 26], "uv_size": [3, 3]},
								"east": {"uv": [3, 26], "uv_size": [7, 3]},
								"south": {"uv": [10, 26], "uv_size": [3, 3]},
								"west": {"uv": [3, 26], "uv_size": [7, 3]},
								"up": {"uv": [3, 33], "uv_size": [-3, -7]},
								"down": {"uv": [3, 33], "uv_size": [-3, -7]}
							}
						}
					]
				},
				{
					"name": "tip3",
					"parent": "tentacle3",
					"pivot": [0, 0, 0],
					"cubes": [
						{
							"origin": [-2, 6, -19],
							"size": [2, 2, 7],
							"pivot": [-2, 6, -11],
							"rotation": [15, -35, 0],
							"uv": {
								"north": {"uv": [16, 14], "uv_size": [2, 2]},
								"east": {"uv": [16, 12], "uv_size": [7, 2]},
								"south": {"uv": [26, 6], "uv_size": [2, 0.5]},
								"west": {"uv": [16, 12], "uv_size": [7, 2]},
								"up": {"uv": [16, 19], "uv_size": [-2, -7]},
								"down": {"uv": [16, 19], "uv_size": [-2, -7]}
							}
						}
					]
				},
				{
					"name": "tentacle4",
					"parent": "body",
					"pivot": [0, 9, -1],
					"rotation": [47.5, 0, 0],
					"cubes": [
						{
							"origin": [-5, 7, -15],
							"size": [3, 3, 7],
							"pivot": [-4, 7, -7],
							"rotation": [15, -15, 0],
							"uv": {
								"north": {"uv": [10, 26], "uv_size": [3, 3]},
								"east": {"uv": [3, 26], "uv_size": [7, 3]},
								"south": {"uv": [10, 26], "uv_size": [3, 3]},
								"west": {"uv": [3, 26], "uv_size": [7, 3]},
								"up": {"uv": [3, 33], "uv_size": [-3, -7]},
								"down": {"uv": [3, 33], "uv_size": [-3, -7]}
							}
						}
					]
				},
				{
					"name": "tip4",
					"parent": "tentacle4",
					"pivot": [0, 0, 0],
					"cubes": [
						{
							"origin": [-2, 6, -21],
							"size": [2, 2, 7],
							"pivot": [-2, 6, -13],
							"rotation": [15, -35, 0],
							"uv": {
								"north": {"uv": [16, 14], "uv_size": [2, 2]},
								"east": {"uv": [16, 12], "uv_size": [7, 2]},
								"south": {"uv": [16, 14], "uv_size": [2, 2]},
								"west": {"uv": [16, 12], "uv_size": [7, 2]},
								"up": {"uv": [16, 19], "uv_size": [-2, -7]},
								"down": {"uv": [16, 19], "uv_size": [-2, -7]}
							}
						}
					]
				},
				{
					"name": "tentacle5",
					"parent": "body",
					"pivot": [0, 6, 0],
					"rotation": [160, 0, 0],
					"cubes": [
						{
							"origin": [-5, 4, -14],
							"size": [3, 3, 7],
							"pivot": [-4, 4, -6],
							"rotation": [15, -15, 0],
							"uv": {
								"north": {"uv": [10, 26], "uv_size": [3, 3]},
								"east": {"uv": [3, 26], "uv_size": [7, 3]},
								"south": {"uv": [10, 26], "uv_size": [3, 3]},
								"west": {"uv": [3, 26], "uv_size": [7, 3]},
								"up": {"uv": [10, 29], "uv_size": [-7, -3]},
								"down": {"uv": [10, 29], "uv_size": [-7, -3]}
							}
						}
					]
				},
				{
					"name": "tip5",
					"parent": "tentacle5",
					"pivot": [0, 0, 0],
					"cubes": [
						{
							"origin": [-2, 3, -20],
							"size": [2, 2, 7],
							"pivot": [-2, 3, -12],
							"rotation": [15, -35, 0],
							"uv": {
								"north": {"uv": [16, 14], "uv_size": [2, 2]},
								"east": {"uv": [16, 12], "uv_size": [7, 2]},
								"south": {"uv": [16, 14], "uv_size": [2, 2]},
								"west": {"uv": [16, 12], "uv_size": [7, 2]},
								"up": {"uv": [16, 19], "uv_size": [-2, -7]},
								"down": {"uv": [16, 19], "uv_size": [-2, -7]}
							}
						}
					]
				},
				{
					"name": "tentacle6",
					"parent": "body",
					"pivot": [0, 8, 1],
					"rotation": [-170, 0, 0],
					"cubes": [
						{
							"origin": [-5, 6, -13],
							"size": [3, 3, 7],
							"pivot": [-4, 6, -5],
							"rotation": [15, -15, 0],
							"uv": {
								"north": {"uv": [10, 26], "uv_size": [3, 3]},
								"east": {"uv": [3, 26], "uv_size": [7, 3]},
								"south": {"uv": [10, 26], "uv_size": [3, 3]},
								"west": {"uv": [3, 26], "uv_size": [7, 3]},
								"up": {"uv": [3, 33], "uv_size": [-3, -7]},
								"down": {"uv": [3, 33], "uv_size": [-3, -7]}
							}
						}
					]
				},
				{
					"name": "tip6",
					"parent": "tentacle6",
					"pivot": [0, 0, 0],
					"cubes": [
						{
							"origin": [-2, 5, -19],
							"size": [2, 2, 7],
							"pivot": [-2, 5, -11],
							"rotation": [15, -35, 0],
							"uv": {
								"north": {"uv": [16, 14], "uv_size": [2, 2]},
								"east": {"uv": [16, 12], "uv_size": [7, 2]},
								"south": {"uv": [16, 14], "uv_size": [2, 2]},
								"west": {"uv": [16, 12], "uv_size": [7, 2]},
								"up": {"uv": [16, 19], "uv_size": [-2, -7]},
								"down": {"uv": [16, 19], "uv_size": [-2, -7]}
							}
						}
					]
				},
				{
					"name": "tentacle7",
					"parent": "body",
					"pivot": [0, 9, 1],
					"rotation": [-142.5, 0, 0],
					"cubes": [
						{
							"origin": [-5, 7, -13],
							"size": [3, 3, 7],
							"pivot": [-4, 7, -5],
							"rotation": [15, -15, 0],
							"uv": {
								"north": {"uv": [10, 26], "uv_size": [3, 3]},
								"east": {"uv": [3, 26], "uv_size": [7, 3]},
								"south": {"uv": [10, 26], "uv_size": [3, 3]},
								"west": {"uv": [3, 26], "uv_size": [7, 3]},
								"up": {"uv": [3, 33], "uv_size": [-3, -7]},
								"down": {"uv": [3, 33], "uv_size": [-3, -7]}
							}
						}
					]
				},
				{
					"name": "tip7",
					"parent": "tentacle7",
					"pivot": [0, 0, 0],
					"cubes": [
						{
							"origin": [-2, 6, -19],
							"size": [2, 2, 7],
							"pivot": [-2, 6, -11],
							"rotation": [15, -35, 0],
							"uv": {
								"north": {"uv": [16, 14], "uv_size": [2, 2]},
								"east": {"uv": [16, 12], "uv_size": [7, 2]},
								"south": {"uv": [16, 14], "uv_size": [2, 2]},
								"west": {"uv": [16, 12], "uv_size": [7, 2]},
								"up": {"uv": [16, 19], "uv_size": [-2, -7]},
								"down": {"uv": [16, 19], "uv_size": [-2, -7]}
							}
						}
					]
				},
				{
					"name": "tentacle8",
					"parent": "body",
					"pivot": [0, 10, 2],
					"rotation": [100, 0, 0],
					"cubes": [
						{
							"origin": [-5, 8, -12],
							"size": [3, 3, 7],
							"pivot": [-4, 8, -4],
							"rotation": [15, -15, 0],
							"uv": {
								"north": {"uv": [10, 26], "uv_size": [3, 3]},
								"east": {"uv": [3, 26], "uv_size": [7, 3]},
								"south": {"uv": [10, 26], "uv_size": [3, 3]},
								"west": {"uv": [3, 26], "uv_size": [7, 3]},
								"up": {"uv": [3, 33], "uv_size": [-3, -7]},
								"down": {"uv": [3, 33], "uv_size": [-3, -7]}
							}
						}
					]
				},
				{
					"name": "tip8",
					"parent": "tentacle8",
					"pivot": [0, 0, 0],
					"cubes": [
						{
							"origin": [-2, 7, -18],
							"size": [2, 2, 7],
							"pivot": [-2, 7, -10],
							"rotation": [15, -35, 0],
							"uv": {
								"north": {"uv": [16, 14], "uv_size": [2, 2]},
								"east": {"uv": [16, 12], "uv_size": [7, 2]},
								"south": {"uv": [16, 14], "uv_size": [2, 2]},
								"west": {"uv": [16, 12], "uv_size": [7, 2]},
								"up": {"uv": [16, 19], "uv_size": [-2, -7]},
								"down": {"uv": [16, 19], "uv_size": [-2, -7]}
							}
						}
					]
				}
			]
		}
	]
}