{
	"format_version": "1.12.0",
	"minecraft:geometry": [
		{
			"description": {
				"identifier": "geometry.toy_car",
				"texture_width": 128,
				"texture_height": 128,
				"visible_bounds_width": 5,
				"visible_bounds_height": 3.5,
				"visible_bounds_offset": [0, 1.25, 0]
			},
			"bones": [
				{
					"name": "root",
					"pivot": [0, 0, 0]
				},
				{
					"name": "body",
					"parent": "root",
					"pivot": [0, 0, 0],
					"cubes": [
						{"origin": [-9, 3, -13], "size": [18, 9, 26], "uv": [6, 6]},
						{"origin": [-9, 27, -9], "size": [18, 2, 18], "uv": [52, 45]},
						{"origin": [-8.5, 13, 12.5], "size": [2, 17, 2], "pivot": [0, 1, 24], "rotation": [10, 0, 0], "uv": [1, 45]},
						{"origin": [6.5, 13, 12.5], "size": [2, 17, 2], "pivot": [16, 1, 24], "rotation": [10, 0, 0], "uv": [1, 45]},
						{"origin": [-8.5, 9.5, -15], "size": [2, 17, 2], "pivot": [0, -2, -4], "rotation": [-10, 0, 0], "uv": [1, 45]},
						{"origin": [6.5, 9.5, -15], "size": [2, 17, 2], "pivot": [16, -2, -4], "rotation": [-10, 0, 0], "uv": [1, 45]}
					]
				},
				{
					"name": "steering_wheel",
					"parent": "body",
					"pivot": [0, 13, -7],
					"cubes": [
						{"origin": [-3, 10, -9], "size": [6, 6, 2], "uv": [0, 20]}
					]
				},
				{
					"name": "wheel_front_left",
					"parent": "root",
					"pivot": [8, 4, -8],
					"cubes": [
						{"origin": [6, 0, -12], "size": [4, 8, 8], "uv": [4, 2]}
					]
				},
				{
					"name": "wheel_front_right",
					"parent": "root",
					"pivot": [-9, 4, -8],
					"cubes": [
						{"origin": [-10, 0, -12], "size": [4, 8, 8], "uv": [4, 2], "mirror": true}
					]
				},
				{
					"name": "wheel_back_left",
					"parent": "root",
					"pivot": [8, 4, 8],
					"cubes": [
						{"origin": [6, 0, 4], "size": [4, 8, 8], "uv": [4, 2]}
					]
				},
				{
					"name": "wheel_back_right",
					"parent": "root",
					"pivot": [-8, 4, 8],
					"cubes": [
						{"origin": [-10, 0, 4], "size": [4, 8, 8], "uv": [4, 2], "mirror": true}
					]
				}
			]
		}
	]
}