{
	"format_version": "1.20.50",
	"minecraft:item": {
		"description": {
			"identifier": "chaospack:flashbulb",
			"menu_category": {
				"category": "equipment"
			}
		},
		"components": {
			"minecraft:max_stack_size": 1,
			"minecraft:icon": {
				"texture": "flashbulb"
			},
			"minecraft:damage": 0,
			"minecraft:can_destroy_in_creative": false,
			"minecraft:cooldown": {
				"category": "attack",
				"duration": 0.2
			},
			"minecraft:use_modifiers": {
				"use_duration": 1
			},
			"minecraft:shooter": {
				"ammunition": [
					{
						"item": "chaospack:flashbulb",
						"use_offhand": true,
						"search_inventory": true,
						"use_in_creative": true
					}
				],
				"max_draw_duration": 1.0,
				"scale_power_by_draw_duration": true,
				"charge_on_draw": false
			},
			"minecraft:projectile": {
				"minimum_critical_power": 20,
				"projectile_entity": "chaospack:flashbulb",
				"power": 40,
				"gravity": 9.81,
				"hit_sound": "explode"
			}
		}
	}
}