{
	"format_version": "1.20.50",
	"minecraft:item": {
		"description": {
			"identifier": "chaospack:pizza",
			"menu_category": {
				"category": "equipment",
				"group": "itemGroup.name.miscFood"
			}
		},
		"components": {
			"minecraft:max_stack_size": 64,
			"minecraft:icon": {
				"texture": "pizza"
			},
			"minecraft:use_modifiers": {
				"movement_modifier": 0.32,
				"use_duration": 1.6
			},
			"minecraft:block_placer": {
				"block": "chaospack:pizza",
				"replace_block_item": true
			},
			"minecraft:use_animation": "eat"
		}
	}
}