{
	"format_version": "1.20.20",
	"minecraft:block": {
		"description": {
			"identifier": "chaospack:lab_tile_white",
			"menu_category": {
				"category": "construction",
				"group": "itemGroup.name.factory"
			}
		},
		"components": {
			"minecraft:collision_box": true,
			"minecraft:selection_box": true,
			"minecraft:destructible_by_mining": {
				"seconds_to_destroy": 0.5
			},
			"minecraft:destructible_by_explosion": {
				"explosion_resistance": 45
			},
			"minecraft:geometry": "geometry.block",
			"minecraft:material_instances": {
				"*": {
					"texture": "lab_tile_white",
					"render_method": "opaque"
				}
			},
			"minecraft:light_dampening": 15,
			"minecraft:map_color": "#d6d6d6"
		}
	}
}