{
	"format_version": "1.21.60",
	"cash_register": {
		"sound": "wood"
	},
	"icicle": {
		"sound": "glass"
	},
	"chilled_stone": {
		"sound": "stone"
	},
	"clock_alarm": {
		"sound": "metal"
	},
	"clock_antique": {
		"sound": "wood"
	},
	"elevator": {
		"sound": "metal"
	},
	"lab_tile_white": {
		"sound": "bone_block"
	},
	"bordered_glass": {
		"sound": "glass"
	},
	"carpentry_bench": {
		"sound": "wood"
	},
	"glass_table": {
		"sound": "glass"
	},
	"lamp_verdant": {
		"sound": "glass"
	},
	"lamp_pearlescent": {
		"sound": "glass"
	},
	"lamp_ochre": {
		"sound": "glass"
	},
	"table_cloth": {
		"sound": "cloth"
	},
	"marble_counter": {
		"sound": "calcite"
	},
	"doorbell": {
		"sound": "metal"
	},
	"tv": {
		"sound": "metal"
	},
	"sofa_white": {
		"sound": "cloth"
	},
	"sofa_orange": {
		"sound": "cloth"
	},
	"sofa_magenta": {
		"sound": "cloth"
	},
	"sofa_light_blue": {
		"sound": "cloth"
	},
	"sofa_yellow": {
		"sound": "cloth"
	},
	"sofa_lime": {
		"sound": "cloth"
	},
	"sofa_pink": {
		"sound": "cloth"
	},
	"sofa_gray": {
		"sound": "cloth"
	},
	"sofa_silver": {
		"sound": "cloth"
	},
	"sofa_purple": {
		"sound": "cloth"
	},
	"sofa_blue": {
		"sound": "cloth"
	},
	"sofa_brown": {
		"sound": "cloth"
	},
	"sofa_red": {
		"sound": "cloth"
	},
	"sofa_black": {
		"sound": "cloth"
	},
	"sofa_green": {
		"sound": "cloth"
	},
	"sofa_cyan": {
		"sound": "cloth"
	},
	"dining_chair": {
		"sound": "wood"
	},
	"autumn_leaves": {
		"sound": "azalea_leaves"
	},
	"quartz_trim": {
		"sound": "stone"
	},
	"number_panel": {
		"sound": "glass"
	},
	"shelf_mushroom": {
		"sound": "grass"
	},
	"spring_leaves": {
		"sound": "azalea_leaves"
	},
	"lavender_leaves": {
		"sound": "azalea_leaves"
	},
	"maple_leaves": {
		"sound": "azalea_leaves"
	},
	"diamond_glass_pane": {
		"sound": "glass"
	},
	"reinforced_glass_pane": {
		"sound": "glass"
	},
	"fancy_glass_pane": {
		"sound": "glass"
	},
	"starfruit": {
		"sound": "grass"
	},
	"diamond_glass": {
		"sound": "glass"
	},
	"solumn_trophy": {
		"sound": "cloth"
	},
	"stardust_block": {
		"sound": "amethyst_block"
	},
	"pavement_block": {
		"sound": "stone"
	},
	"smooth_andesite": {
		"sound": "stone"
	},
	"smooth_granite": {
		"sound": "stone"
	},
	"smooth_diorite": {
		"sound": "stone"
	},
	"concrete_powder": {
		"sound": "sand"
	},
	"mud_tiles": {
		"sound": "mud_bricks"
	},
	"amethyst_bricks": {
		"sound": "amethyst_block"
	},
	"skull_candle": {
		"sound": "bone_block"
	},
	"stripped_bamboo_planks": {
		"sound": "bamboo"
	},
	"stripped_bamboo_wood": {
		"sound": "bamboo"
	},
	"bamboo_wood": {
		"sound": "bamboo"
	},
	"dirt_slab": {
		"sound": "grass"
	},
	"flint_stone": {
		"sound": "gravel"
	},
	"cobbled_sandstone": {
		"sound": "stone"
	},
	"polished_glowstone": {
		"sound": "glass"
	},
	"deepslate_fossil_ore": {
		"sound": "deepslate"
	},
	"deepslate_pattern": {
		"sound": "deepslate"
	},
	"blackstone_tiles": {
		"sound": "stone"
	},
	"incubator": {
		"sound": "metal"
	},
	"honeycomb_bricks": {
		"sound": "honey_block"
	},
	"red_nether_brick_pillar": {
		"sound": "nether_brick"
	},
	"obsidian_bricks": {
		"sound": "stone"
	},
	"eye_jar": {
		"sound": "glass"
	},
	"head_jar": {
		"sound": "glass"
	},
	"cookie_jar": {
		"sound": "glass"
	},
	"glass_jar": {
		"sound": "glass"
	},
	"deepslate_pillar": {
		"sound": "stone"
	},
	"deepslate_trim": {
		"sound": "stone"
	},
	"sheet_metal_grate": {
		"sound": "copper"
	},
	"cut_sheet_metal": {
		"sound": "copper"
	},
	"varied_bricks": {
		"textures": "varied_bricks",
		"sound": "deepslate_bricks"
	},
	"fancy_glass": {
		"sound": "glass"
	},
	"not_deer_trophy": {
		"sound": "cloth"
	},
	"ender_block": {
		"sound": "metal"
	},
	"ender_ore": {
		"sound": "stone"
	},
	"reinforced_glass": {
		"sound": "glass"
	},
	"chorus_planks": {
		"sound": "wood"
	},
	"chorus_stem": {
		"sound": "wood"
	},
	"chorus_wood": {
		"sound": "wood"
	},
	"nether_brick_pillar": {
		"sound": "nether_brick"
	},
	"ratstone_block": {
		"sound": "metal"
	},
	"red_sandstone_bricks": {
		"sound": "stone"
	},
	"dirtstone": {
		"sound": "stone"
	},
	"blackstone_pillar": {
		"sound": "stone"
	},
	"diorite_pillar": {
		"sound": "stone"
	},
	"granite_pillar": {
		"sound": "stone"
	},
	"andesite_pillar": {
		"sound": "stone"
	},
	"stone_pillar": {
		"sound": "stone"
	},
	"purpur_bricks": {
		"sound": "stone"
	},
	"basalt_bricks": {
		"sound": "basalt"
	},
	"sandstone_bricks": {
		"sound": "stone"
	},
	"sheet_metal_block": {
		"sound": "copper"
	},
	"industrial_fan": {
		"sound": "metal"
	},
	"hazard_tape": {
		"sound": "metal"
	},
	"dark_bricks": {
		"sound": "deepslate_bricks"
	},
	"andesite_bricks": {
		"sound": "deepslate_bricks"
	},
	"diorite_bricks": {
		"sound": "deepslate_bricks"
	},
	"granite_bricks": {
		"sound": "deepslate_bricks"
	},
	"acacia_fence": {
		"sound": "wood",
		"textures": "acacia_fence"
	},
	"spruce_fence": {
		"sound": "wood",
		"textures": "spruce_fence"
	},
	"oak_fence": {
		"sound": "wood",
		"textures": "oak_fence"
	},
	"birch_fence": {
		"sound": "wood",
		"textures": "birch_fence"
	},
	"jungle_fence": {
		"sound": "wood",
		"textures": "jungle_fence"
	},
	"dark_oak_fence": {
		"sound": "wood",
		"textures": "dark_oak_fence"
	},
	"mangrove_fence": {
		"sound": "wood",
		"textures": "mangrove_fence"
	},
	"cherry_fence": {
		"sound": "wood",
		"textures": "cherry_fence"
	},
	"crimson_fence": {
		"sound": "wood",
		"textures": "crimson_fence"
	},
	"warped_fence": {
		"sound": "wood",
		"textures": "warped_fence"
	},
	"acacia_fence_gate": {
		"sound": "wood",
		"textures": "stripped_acacia_log_side"
	},
	"spruce_fence_gate": {
		"sound": "wood",
		"textures": "stripped_spruce_log_side"
	},
	"fence_gate": {
		"sound": "wood",
		"textures": "stripped_oak_log_side"
	},
	"birch_fence_gate": {
		"sound": "wood",
		"textures": "stripped_birch_log_side"
	},
	"jungle_fence_gate": {
		"sound": "wood",
		"textures": "stripped_jungle_log_side"
	},
	"dark_oak_fence_gate": {
		"sound": "wood",
		"textures": "stripped_dark_oak_log_side"
	},
	"mangrove_fence_gate": {
		"sound": "wood",
		"textures": "stripped_mangrove_log_side"
	},
	"cherry_fence_gate": {
		"sound": "wood",
		"textures": "stripped_cherry_log_side"
	},
	"crimson_fence_gate": {
		"sound": "wood",
		"textures": "stripped_crimson_stem_side"
	},
	"warped_fence_gate": {
		"sound": "wood",
		"textures": "stripped_warped_stem_side"
	},
	"pale_oak_fence": {
		"sound": "wood",
		"textures": "pale_oak_fence"
	},
	"pale_oak_fence_gate": {
		"sound": "wood",
		"textures": "stripped_pale_oak_log_side"
	},
	"sandstone_quoin": {
		"sound": "stone"
	},
	"glowshroom": {
		"sound": "grass"
	},
	"wood_banister_corner": {
		"sound": "wood"
	},
	"wood_banister": {
		"sound": "wood"
	},
	"stair_railing": {
		"sound": "wood"
	},
	"twin_wall_light": {
		"sound": "glass"
	},
	"tarmac_slab": {
		"sound": "stone"
	},
	"yeti_trophy": {
		"sound": "cloth"
	},
	"deer_head": {
		"sound": "cloth"
	},
	"railing_steel": {
		"sound": "stone"
	},
	"railing_wood": {
		"sound": "wood"
	},
	"firefly_jar": {
		"sound": "glass"
	},
	"wood_shelf": {
		"sound": "wood"
	},
	"pink_wallpaper": {
		"sound": "cloth"
	},
	"magenta_wallpaper": {
		"sound": "cloth"
	},
	"purple_wallpaper": {
		"sound": "stone"
	},
	"blue_wallpaper": {
		"sound": "cloth"
	},
	"light_blue_wallpaper": {
		"sound": "cloth"
	},
	"cyan_wallpaper": {
		"sound": "cloth"
	},
	"green_wallpaper": {
		"sound": "stone"
	},
	"lime_wallpaper": {
		"sound": "stone"
	},
	"yellow_wallpaper": {
		"sound": "stone"
	},
	"orange_wallpaper": {
		"sound": "stone"
	},
	"red_wallpaper": {
		"sound": "stone"
	},
	"brown_wallpaper": {
		"sound": "cloth"
	},
	"black_wallpaper": {
		"sound": "cloth"
	},
	"grey_wallpaper": {
		"sound": "cloth"
	},
	"light_grey_wallpaper": {
		"sound": "cloth"
	},
	"white_wallpaper": {
		"sound": "cloth"
	},
	"wall_lamp": {
		"sound": "glass"
	},
	"pavement": {
		"sound": "stone"
	},
	"pillow": {
		"sound": "cloth"
	},
	"log_walls": {
		"sound": "wood"
	},
	"teddy_bear": {
		"sound": "stone"
	},
	"bin_outdoor": {
		"sound": "soul_sand"
	},
	"pale_bricks": {
		"sound": "deepslate_bricks"
	},
	"fluorescent_light": {
		"sound": "glass"
	},
	"steel_fence": {
		"sound": "stone"
	},
	"eldritch_rubber_ducky": {
		"sound": "stone"
	},
	"garage_door": {
		"sound": "stone"
	},
	"yellow_lines": {
		"sound": "stone"
	},
	"parking_space": {
		"sound": "stone"
	},
	"tarmac": {
		"sound": "stone"
	},
	"stone_tiles": {
		"sound": "stone"
	},
	"regent_tiles": {
		"sound": "bone_block"
	},
	"panel_fence": {
		"sound": "wood"
	},
	"street_lamp": {
		"sound": "glass"
	},
	"street_lamp_body": {
		"sound": "netherite"
	},
	"street_lamp_base": {
		"sound": "netherite"
	},
	"checkered_tile": {
		"sound": "bone_block"
	}
}