{
  "format_version": "1.10.0",
  "animations": {
    "animation.player.slime_boots": {
      "timeline": {
        "0.0": [ "/effect @s jump_boost 1 5 true" ]
      },
      "animation_length": 0.05,
      "loop": true
    },
    "animation.player.balloon": {
      "timeline": {
        "0.0": [ "/effect @s slow_falling 1 255 true" ]
      },
      "animation_length": 0.05,
      "loop": true
    },
    "animation.player.hazmat": {
      "timeline": {
        "0.0": [ "/effect @s clear" ]
      },
      "animation_length": 0.01,
      "loop": true
    }
  }
}