{
  "pools": [
    {
      "conditions": [
        {
          "condition": "random_difficulty_chance",
          "default_chance": 1.0,
          "peaceful": 0,
          "easy": 0
        },
        {
          "condition": "random_regional_difficulty_chance",
          "max_chance": 0.35
        }
      ],
      "tiers": {
        "initial_range": 1,
        "bonus_rolls": 0,
        "bonus_chance": 0.095
      },

      "entries": [
        {
          "type": "loot_table",
          "name": "loot_tables/entities/armor_set_egypt.json"
        }
      ]
    }
  ]
}