{
	"pools": [
		{
			"rolls": 1,
			"entries": [
				{
					"type": "item",
					"name": "gold_ingot",
					"weight": 1,
					"functions": [
						{
							"function": "set_count",
							"count": {
								"min": 4,
								"max": 10
							}
						},
						{
							"function": "looting_enchant",
							"count": {
								"min": 0,
								"max": 5
							}
						}
					]
				}
			]
		},
		{
			"rolls": 1,
			"entries": [
				{
					"type": "item",
					"name": "lapis_lazuli",
					"weight": 1,
					"functions": [
						{
							"function": "set_count",
							"count": {
								"min": 4,
								"max": 10
							}
						},
						{
							"function": "looting_enchant",
							"count": {
								"min": 0,
								"max": 5
							}
						}
					]
				}
			]
		},
		{
			"rolls": 1,
			"entries": [
				{
					"type": "item",
					"name": "redstone",
					"weight": 1,
					"functions": [
						{
							"function": "set_count",
							"count": {
								"min": 4,
								"max": 10
							}
						},
						{
							"function": "looting_enchant",
							"count": {
								"min": 0,
								"max": 5
							}
						}
					]
				}
			]
		},
		{
			"rolls": 1,
			"entries": [
				{
					"type": "item",
					"name": "sand",
					"weight": 1,
					"functions": [
						{
							"function": "set_count",
							"count": {
								"min": 4,
								"max": 16
							}
						},
						{
							"function": "looting_enchant",
							"count": {
								"min": 0,
								"max": 4
							}
						}
					]
				}
			]
		}
	]
}