{
	"pools": [
		{
			"rolls": 1,
			"entries": [
				{
					"type": "item",
					"name": "chaospack:stardust",
					"weight": 1,
					"functions": [
						{
							"function": "set_count",
							"count": {
								"min": 32,
								"max": 64
							}
						},
						{
							"function": "looting_enchant",
							"count": {
								"min": 0,
								"max": 32
							}
						}
					]
				}
			]
		},
		{
			"rolls": 1,
			"entries": [
				{
					"type": "item",
					"name": "chaospack:solumn_trophy",
					"weight": 100,
					"functions": [
						{
							"function": "set_count",
							"count": 1
						}
					]
				}
			]
		}
	]
}