{
	"format_version": "1.19.0",
	"minecraft:geometry": [
		{
			"description": {
				"identifier": "geometry.railing_steel",
				"texture_width": 16,
				"texture_height": 16,
				"visible_bounds_width": 2,
				"visible_bounds_height": 2.5,
				"visible_bounds_offset": [0, 0.75, 0]
			},
			"bones": [
				{
					"name": "bb_main",
					"pivot": [0, 0, 0],
					"cubes": [
						{
							"origin": [-5, 12, -5],
							"size": [10, 2, 10],
							"uv": {
								"north": {"uv": [3, 2], "uv_size": [10, 2]},
								"east": {"uv": [3, 2], "uv_size": [10, 2]},
								"south": {"uv": [3, 2], "uv_size": [10, 2]},
								"west": {"uv": [3, 2], "uv_size": [10, 2]},
								"up": {"uv": [13, 13], "uv_size": [-10, -10]},
								"down": {"uv": [13, 13], "uv_size": [-10, -10]}
							}
						}
					]
				},
				{
					"name": "block",
					"parent": "bb_main",
					"pivot": [0, 0, 0],
					"cubes": [
						{
							"origin": [-8, 14, -7],
							"size": [16, 2, 14],
							"uv": {
								"north": {"uv": [0, 0], "uv_size": [16, 2]},
								"east": {"uv": [1, 0], "uv_size": [14, 2]},
								"south": {"uv": [0, 0], "uv_size": [16, 2]},
								"west": {"uv": [1, 0], "uv_size": [14, 2]},
								"up": {"uv": [16, 15], "uv_size": [-16, -14]},
								"down": {"uv": [16, 15], "uv_size": [-16, -14]}
							}
						},
						{
							"origin": [-5, 0, -5],
							"size": [10, 2, 10],
							"uv": {
								"north": {"uv": [3, 14], "uv_size": [10, 2]},
								"east": {"uv": [3, 14], "uv_size": [10, 2]},
								"south": {"uv": [3, 14], "uv_size": [10, 2]},
								"west": {"uv": [3, 14], "uv_size": [10, 2]},
								"up": {"uv": [13, 13], "uv_size": [-10, -10]},
								"down": {"uv": [13, 13], "uv_size": [-10, -10]}
							}
						},
						{
							"origin": [-4, 2, -4],
							"size": [8, 10, 8],
							"uv": {
								"north": {"uv": [4, 4], "uv_size": [8, 10]},
								"east": {"uv": [4, 4], "uv_size": [8, 10]},
								"south": {"uv": [4, 4], "uv_size": [8, 10]},
								"west": {"uv": [4, 4], "uv_size": [8, 10]},
								"up": {"uv": [12, 12], "uv_size": [-8, -8]},
								"down": {"uv": [12, 12], "uv_size": [-8, -8]}
							}
						}
					]
				}
			]
		}
	]
}