{
	"format_version": "1.19.0",
	"minecraft:geometry": [
		{
			"description": {
				"identifier": "geometry.stair_railing_left",
				"texture_width": 16,
				"texture_height": 16,
				"visible_bounds_width": 3,
				"visible_bounds_height": 3,
				"visible_bounds_offset": [0, 0.5, 0]
			},
			"bones": [
				{
					"name": "bone",
					"pivot": [-6, 0, -8],
					"cubes": [
						{
							"origin": [-7.9, -9, -7],
							"size": [1.8, 11, 2],
							"uv": {
								"north": {"uv": [14.1, 4], "uv_size": [1.8, 12]},
								"east": {"uv": [14, 4], "uv_size": [2, 12]},
								"south": {"uv": [0.1, 4], "uv_size": [1.8, 12]},
								"west": {"uv": [0, 4], "uv_size": [2, 12]},
								"up": {"uv": [1.9, 2], "uv_size": [-1.8, -2]},
								"down": {"uv": [1.9, 16], "uv_size": [-1.8, -2]}
							}
						},
						{
							"origin": [-7.9, -6, -3],
							"size": [1.8, 12, 2],
							"uv": {
								"north": {"uv": [14.1, 3], "uv_size": [1.8, 13]},
								"east": {"uv": [11, 3], "uv_size": [2, 13]},
								"south": {"uv": [0.1, 3], "uv_size": [1.8, 13]},
								"west": {"uv": [3, 3], "uv_size": [2, 13]},
								"up": {"uv": [1.9, 5], "uv_size": [-1.8, -2]},
								"down": {"uv": [1.9, 13], "uv_size": [-1.8, -2]}
							}
						},
						{
							"origin": [-7.9, -2, 1],
							"size": [1.8, 12, 2],
							"uv": {
								"north": {"uv": [14.1, 3], "uv_size": [1.8, 13]},
								"east": {"uv": [7, 3], "uv_size": [2, 13]},
								"south": {"uv": [0.1, 3], "uv_size": [1.8, 13]},
								"west": {"uv": [7, 3], "uv_size": [2, 13]},
								"up": {"uv": [1.9, 9], "uv_size": [-1.8, -2]},
								"down": {"uv": [1.9, 9], "uv_size": [-1.8, -2]}
							}
						},
						{
							"origin": [-7.9, 1, 5],
							"size": [1.8, 13, 2],
							"uv": {
								"north": {"uv": [14.1, 1], "uv_size": [1.8, 14]},
								"east": {"uv": [3, 1], "uv_size": [2, 14]},
								"south": {"uv": [0.1, 1], "uv_size": [1.8, 14]},
								"west": {"uv": [11, 1], "uv_size": [2, 14]},
								"up": {"uv": [1.9, 13], "uv_size": [-1.8, -2]},
								"down": {"uv": [1.9, 5], "uv_size": [-1.8, -2]}
							}
						},
						{
							"origin": [-8, 3, -11.60876],
							"size": [2, 5, 23],
							"pivot": [-14, 3, 11],
							"rotation": [45, 0, 0],
							"uv": {
								"north": {"uv": [14, 8.4099], "uv_size": [2, 5]},
								"east": {"uv": [0, 8.4099], "uv_size": [16, 5]},
								"south": {"uv": [0, 8.4099], "uv_size": [2, 5]},
								"west": {"uv": [0, 8.4099], "uv_size": [16, 5]},
								"up": {"uv": [2, 16], "uv_size": [-2, -16]},
								"down": {"uv": [2, 16], "uv_size": [-2, -16]}
							}
						},
						{
							"origin": [-7.9, -13, 6],
							"size": [1.8, 16, 4],
							"uv": {
								"north": {"uv": [14.1, 0], "uv_size": [1.8, 16]},
								"east": {"uv": [0, 0], "uv_size": [5, 16]},
								"south": {"uv": [0.1, 0], "uv_size": [1.8, 16]},
								"west": {"uv": [12, 0], "uv_size": [4, 16]},
								"up": {"uv": [1.9, 16], "uv_size": [-1.8, -5]},
								"down": {"uv": [1.9, 5], "uv_size": [-1.8, -5]}
							}
						},
						{
							"origin": [-7.9, -13, 0],
							"size": [1.8, 11, 6],
							"uv": {
								"north": {"uv": [14.1, 6], "uv_size": [1.8, 10]},
								"east": {"uv": [3.6066, 6], "uv_size": [6, 10]},
								"south": {"uv": [0.1, 6], "uv_size": [1.8, 10]},
								"west": {"uv": [6.3934, 5], "uv_size": [6, 11]},
								"up": {"uv": [1.9, 12.3934], "uv_size": [-1.8, -6]},
								"down": {"uv": [1.9, 9.6066], "uv_size": [-1.8, -6]}
							}
						},
						{
							"origin": [-7.9, -13, -4],
							"size": [1.8, 5, 4],
							"uv": {
								"north": {"uv": [14.1, 11], "uv_size": [1.8, 5]},
								"east": {"uv": [9.6066, 11], "uv_size": [4, 5]},
								"south": {"uv": [0.1, 11], "uv_size": [1.8, 5]},
								"west": {"uv": [2.3934, 11], "uv_size": [4, 5]},
								"up": {"uv": [1.9, 6.3934], "uv_size": [-1.8, -4]},
								"down": {"uv": [1.9, 13.6066], "uv_size": [-1.8, -4]}
							}
						},
						{
							"origin": [-8, 16.92938, -11.4441],
							"size": [2, 2, 25],
							"pivot": [-14, 11, 13],
							"rotation": [45, 0, 0],
							"uv": {
								"north": {"uv": [14, 0], "uv_size": [2, 2]},
								"east": {"uv": [0, 0], "uv_size": [16, 2]},
								"south": {"uv": [0, 0], "uv_size": [2, 2]},
								"west": {"uv": [0, 0], "uv_size": [16, 2]},
								"up": {"uv": [2, 16], "uv_size": [-2, -16]},
								"down": {"uv": [2, 16], "uv_size": [-2, -16]}
							}
						}
					]
				}
			]
		}
	]
}