{
  "pools": [
    {
      "rolls": 1,
      "conditions": [
        {
          "condition": "match_tool",
          "item": "minecraft:iron_pickaxe",
          "count": 1
        }
      ],
      "entries": [
        {
          "type": "item",
          "name": "chaospack:sulfur_powder",
          "count": 1
        }
      ]
    },
    {
      "rolls": 2,
      "conditions": [
        {
          "condition": "match_tool",
          "item": "minecraft:iron_pickaxe",
          "count": 1,
          "enchantments": [
            {
              "fortune": {
                "level": 1
              }
            }
          ]
        }
      ],
      "entries": [
        {
          "type": "item",
          "name": "chaospack:sulfur_powder",
          "count": 1
        }
      ]
    },
    {
      "rolls": 1,
      "conditions": [
        {
          "condition": "match_tool",
          "item": "minecraft:diamond_pickaxe",
          "count": 1
        }
      ],
      "entries": [
        {
          "type": "item",
          "name": "chaospack:sulfur_powder",
          "count": 1
        }
      ]
    },
    {
      "rolls": 2,
      "conditions": [
        {
          "condition": "match_tool",
          "item": "minecraft:diamond_pickaxe",
          "count": 1,
          "enchantments": [
            {
              "fortune": {
                "level": 1
              }
            }
          ]
        }
      ],
      "entries": [
        {
          "type": "item",
          "name": "chaospack:sulfur_powder",
          "count": 1
        }
      ]
    },
    {
      "rolls": 1,
      "conditions": [
        {
          "condition": "match_tool",
          "item": "minecraft:netherite_pickaxe",
          "count": 1
        }
      ],
      "entries": [
        {
          "type": "item",
          "name": "chaospack:sulfur_powder",
          "count": 1
        }
      ]
    },
    {
      "rolls": 1,
      "conditions": [
        {
          "condition": "match_tool",
          "item": "minecraft:netherite_pickaxe",
          "count": 1,
          "enchantments": [
            {
              "fortune": {
                "level": 1
              }
            }
          ]
        }
      ],
      "entries": [
        {
          "type": "item",
          "name": "chaospack:sulfur_powder",
          "count": 1
        }
      ]
    }
  ]
}
