{
	"format_version": "1.20.50",
	"minecraft:item": {
		"description": {
			"identifier": "chaospack:bonk_hammer",
			"menu_category": {
				"category": "equipment"
			}
		},
		"components": {
			"minecraft:max_stack_size": 1,
			"minecraft:icon": {
				"texture": "bonk_hammer"
			},
			"minecraft:damage": 1000,
			"minecraft:can_destroy_in_creative": false,
			"minecraft:durability": {
				"max_durability": 251
			},
			"minecraft:repairable": {
				"repair_items": [
					{
						"items": ["barrier"],
						"repair_amount": 62
					}
				]
			}
		}
	}
}