{
	"format_version": "1.20.50",
	"minecraft:item": {
		"description": {
			"identifier": "chaospack:cowboy_hat",
			"menu_category": {
				"category": "equipment",
				"group": "itemGroup.name.helmet"
			}
		},
		"components": {
			"minecraft:max_stack_size": 1,
			"minecraft:icon": {
				"texture": "cowboy_hat"
			},
			"minecraft:wearable": {
				"slot": "slot.armor.head",
				"protection": 1
			},
			"minecraft:durability": {
				"max_durability": 52
			},
			"minecraft:repairable": {
				"repair_items": [
					{
						"items": ["chaospack:deer_hide"],
						"repair_amount": 13
					}
				]
			}
		}
	}
}