{
	"format_version": "1.20.50",
	"minecraft:item": {
		"description": {
			"identifier": "chaospack:festive_hat",
			"menu_category": {
				"category": "equipment",
				"group": "itemGroup.name.helmet"
			}
		},
		"components": {
			"minecraft:max_stack_size": 1,
			"minecraft:icon": {
				"texture": "festive_hat"
			},
			"minecraft:wearable": {
				"slot": "slot.armor.head",
				"protection": 2
			},
			"minecraft:enchantable": {
				"slot": "armor_head",
				"value": 9
			},
			"minecraft:durability": {
				"max_durability": 165
			},
			"minecraft:repairable": {
				"repair_items": [
					{
						"items": ["snow"],
						"repair_amount": 41
					}
				]
			}
		}
	}
}